titulo_a,titulo_b
TRABAJADOR AGRICOLA,OBRERO AGRICOLA
TRABAJADOR AGRICOLA,TRABAJADOR DE CAMPO
TRABAJADOR AGRICOLA,PEON
TRABAJADOR AGRICOLA,OBRERO DE CAMPO
TRABAJADOR AGRICOLA,JORNALERO
TRABAJADOR AGRICOLA,JORNALERO DE CAMPO
TRABAJADOR AGRICOLA,JORNALERO AGRICOLA
TRABAJADOR AGRICOLA CAMPO,AUXILIAR DE CAMPO
DOCENTE,PROFESOR
DOCENTE,DOCENTE BASICA
DOCENTE,MAESTRO
DOCENTE,EDUCADOR
DOCENTE,INSTRUCTOR
DOCENTE,FACILITADOR
DOCENTE,DOCENTE BACHILLERATO
DOCENTE,FORMADOR
VENDEDOR,ASEORA COMERCIAL
VENDEDOR,EJECUTIVO DE VENTA
VENDEDOR,ASESOR DE VENTA
VENDEDOR,EJECUTIVO COMERCIAL
VENDEDOR,REPRESENTANTE DE VENTA
VENDEDOR,AGENTE DE VENTA
VENDEDOR,REPRESENTANTE COMERCIAL
VENDEDOR,PROMOTOR DE VENTA
VENDEDOR,AGENTE COMERCIAL
VENDEDOR,GESTOR COMERCIAL
VENDEDOR,CONSULTOR COMERCIAL
VENDEDOR,CONSULTOR DE VENTAS
VENDEDOR,OFICIAL COMERCIAL
VENDEDOR-A,ASESOR DE NEGOCIOS
VENDEDOR-A,GESTOR DE VENTAS
TRABAJADO EN GENERAL,OBRERO
TRABAJADO EN GENERAL,OBRERO GENERAL
TRABAJADO EN GENERAL,OPERARIO POLIVALENTE
ASISTENTA ADMINISTRATIVO,AUXILIARADMINISTRATIVO
ASISTENTA ADMINISTRATIVO,OFICINISTA
ASISTENTA ADMINISTRATIVO,AUXILIAR DE OFICINA
ASISTENTA ADMINISTRATIVO,AUXILIAR DE ADMINISTRACION
ASISTENTA ADMINISTRATIVO,SECRETARIA ADMINISTRATIVA
ASISTENTA ADMINISTRATIVO,SECRETARIA EJECUTIVA
ASISTENTA ADMINISTRATIVO,APOYO ADMINISTRATIVO
ASISTENTA ADMINISTRATIVO,ASISTENTE DE GESTION ADMINISTRATIVA
ASISTENTE AUXILIAR ADMINISTRATIVO,AUXILIAR DE SERVICIOS ADMINISTRATIVOS
ASISTENTE AUXILIAR ADMINISTRATIVO,ASISTENTE OPERATIVO ADMINISTRATIVO
ASEORA COMERCIAL,VENDEDOR
ASEORA COMERCIAL,EJECUTIVO DE VENTA
ASEORA COMERCIAL,ASESOR DE VENTA
ASEORA COMERCIAL,EJECUTIVO COMERCIAL
ASEORA COMERCIAL,REPRESENTANTE DE VENTA
ASEORA COMERCIAL,AGENTE DE VENTA
ASEORA COMERCIAL,REPRESENTANTE COMERCIAL
ASEORA COMERCIAL,PROMOTOR DE VENTA
ASEORA COMERCIAL,PROMOTOR COMERCIAL
ASEORA COMERCIAL,AGENTE COMERCIAL
ASEORA COMERCIAL,GESTOR COMERCIAL
ASEORA COMERCIAL,CONSULTOR COMERCIAL
ASEORA COMERCIAL,CONSULTOR DE VENTAS
ASEORA COMERCIAL,GESTOR DE VENTAS
ASEORA COMERCIAL,OFICIAL COMERCIAL
OPERARIA,TRABAJADOR DE PLANTA
OPERARIA,OPERARIA DE PRODUCCION
OPERARIA,OBRERO DE PRODUCCION
OPERARIA,OPERADOR DE PRODUCCION
OPERARIA,OPERADOR DE PLANTA
OPERARIA,TRABAJADOR GENERA
OPERARIA,OPERADOR GENERAL
OPERARIA,OBRERO GENERAL
OPERARIA,OPERADOR DE LINEA
OPERARIA,OPERARIO INDUSTRIAL
OPERARIA,MANO DE OBRA DIRECTA
CHOFER,CONDUCTOR
CHOFER,CHOFER PROFESIONAL
CHOFER,CHOFER DE REPARTO
CHOFER,CONDUCTOR PROFESIONAL
CHOFER,CHOFER MENSAJERO
CHOFER,TRANSPORTISTA
CHOFER,MOTORISTA
CHOFER,CHOFER DE VEHICULO LIVIANO
CHOFER,CONDUCTOR DE REPARTO
CHOFER,OPERADORES DE VEHICULOS
CHOFER,CONDUCTOR DE VEHICULO LIVIANO
CHOFER,CONDUCTOR - MENSAJERO
CHOFER,CHOFER DISTRIBUIDOR
CHOFER 1,CHOFER ADMINISTRATIVO
CHOFER 1,CONDUCTOR ADMINISTRATIVO
ASISTENTE DE SERVICIO GENERAL,CONSERJE
ASISTENTE DE SERVICIO GENERAL,AUXILIAR DE SERVICIOS VARIOS
ASISTENTE DE SERVICIO GENERAL,ASISTENTE DE MANTENIMIENTO Y SERVICIOS GENERALES
ASISTENTE DE SERVICIO GENERAL,OPERARIO DE SERVICIOS GENERALES
ASISTENTE DE SERVICIO GENERAL,EMPLEADO DE SERVICIOS GENERALES
ASISTENTE SERV. EN GENERAL,ASISTENTE DE MANTENIMIENTO Y LIMPIEZA
ASISTENTE SERV. EN GENERAL,PERSONAL DE SERVICIOS GENERALES
ASISTENTE SERV. EN GENERAL,AUXILIAR DE LIMPIEZA Y MENSAJERIA
AUXILIAR DE SERVICIO EN GENERAL,AUXILIAR D ELIMPIEZA
AUXILIAR DE SERVICIO EN GENERAL,AUXILIAR DE SERVICIO
AUXILIAR DE SERVICIO EN GENERAL,OPERARIO DE LIMPIEZA
AUXILIAR DE SERVICIO EN GENERAL,CONSERJE DE OFICINA
AUXILIAR DE SERVICIO GENERAL,AUXILIAR DE CAFETERIA Y LIMPIEZA
AUXILIAR DE SERVICIO GENERAL,OPERARIO DE SERVICIOS
AUXILIAR SERVICIO GENERAL,AUXILIAR DE ASEO
AYUDANTE DE SERVICIO EN GENERAL,AYUDANTE GENERAL
AYUDANTE DE SERVICIO EN GENERAL,AYUDANTE DE OFICIOS VARIOS
AYUDANTE DE SERVICIO EN GENERAL,MISCELANEO
AYUDANTE DE SERVICIO GENERAL,OPERARIO POLIFUNCIONAL
AYUDANTE DE SERVICIO GENERAL,CONSERJE MENSAJERO
ASISTENTE ALMACEN,AUXILIAR DE BODEDA
ASISTENTE ALMACEN,ASISTENTE DE BODGA
ASISTENTE ALMACEN,ASISTENTE LOGISTICA
ASISTENTE ALMACEN,AUXILIAR DE INVENTARIO
ASISTENTE ALMACEN,ASISTENTE DE CENTRO DE DISTRIBUCION
ASISTENTE ALMACEN,AUXILIAR DE BODEGA Y DESPACHO
ASISTENTE ALMACEN,AUXILIAR DE LOGISTICA Y BODEGA
ASISTENTE ALMACEN,ASISTENTE DE CONTROL DE INVENTARIO
ASISTENTE ALMACEN,AUXILIAR DE CONTROL DE INVENTARIOS
ASISTENTE ALMACEN,CONTROLADOR DE BODEGA
ASISTENTE DE ALMACEN / C-,ASISTENTE DE ALMACEN Y LOGISTICA
ASISTENTE DE ALMACEN / C-,ASISTENTE DE GESTION DE INVENTARIOS
AUXILIAR DE ALMACEN,OPERADOR DE BADEGA
AUXILIAR DE ALMACEN,OPERARIO DE BODEGA
AUXILIAR DE ALMACEN,AUXILIAR DE DESPACHO
AUXILIAR DE ALMACEN,OPERADOR DE ALMACEN
AYUDANTE DE ALMACEN,ESTIBADOR DE BODEGA
AYUDANTE DE ALMACEN,PREPARADOR DE PEDIDO
AYUDANTE DE ALMACEN,DESPACHADOR DE BODEGA
GUARDIA,AGENTE DE SEGURIDAD
GUARDIA,GUARDIA DE SEGURIDAD
GUARDIA,VIGILANTE DE SEGURIDAD
GUARDIA,GUARDIAN
GUARDIA,VIGILANTE
GUARDIA,CELADOR
GUARDIA,CUSTODIA
GUARDIA,OFICIAL DE SEGURIDAD
GUARDIA,GUARDIA DE SEGURIDAD PRIVADO
AGENTE DE SEGURIDAD,GUARDIA DE SEGURIDAD
AGENTE DE SEGURIDAD,GUARDIAN
AGENTE DE SEGURIDAD,VIGILANTE
AGENTE DE SEGURIDAD,CELADOR
AGENTE DE SEGURIDAD,CUSTODIA
AGENTE DE SEGURIDAD,OFICIAL DE SEGURIDAD
ASISTENTE DE SEGURIDAD,ASISTENTE DE SEGURIDAD INDUSTR
ASISTENTE DE SEGURIDAD,AUXILIAR DE SEGURIDAD INDUSTRIAL
ASISTENTE DE SEGURIDAD,AUXILIAR DE SEGURIDAD Y SALUD OCUPACIONAL
ASISTENTE DE SEGURIDAD,ASISTENTE DE SSA
ASISTENTE DE SEGURIDAD,ASISTENTE DE HSE
ASISTENTE DE SEGURIDAD,AUXILIAR DE SST
AUXILIAR DE SEGURIDAD,VIGILANTE DE SEGURIDAD
AUXILIAR DE SEGURIDAD,INSPECTOR DE SEGURIDAD
AUXILIAR DE SEGURIDAD,AUXILIAR DE CONTROL DE ACCESO
AUXILIAR DE SEGURIDAD,OPERADOR DE SEGURIDAD
AUXILIAR DE SEGURIDAD,AUXILIAR DE VIGILANCIA
AUXILIAR DE BODEDA,AUXILIAR DE ALMACEN
AUXILIAR DE BODEDA,ASISTENTE DE BODGA
AUXILIAR DE BODEDA,OPERADOR DE BADEGA
AUXILIAR DE BODEDA,OPERARIO DE BODEGA
AUXILIAR DE BODEDA,OPERARIO LOGISTICA
AUXILIAR DE BODEDA,AUXILIAR DE DESPACHO
AUXILIAR DE BODEDA,AUXILIAR LOGISTICA
AUXILIAR DE BODEDA,AUXILIAR DE INVENTARIO
AUXILIAR DE BODEDA,AUXILIAR DE DISTRIBUCION
AUXILIAR DE BODEDA,AUXILIAR DE RECEPCION Y DESPACHOS
AUXILIAR DE BODEDA,ESTIBADOR DE BODEGA
AUXILIAR DE BODEDA,DESPACHADOR DE BODEGA
ASISTENTA CONTABLE,ASISTENTE DE CONTABILIDAD
ASISTENTA CONTABLE,AUXILIAR CONTABLE
ASISTENTA CONTABLE,AUXILIAR DE CONTABILIDAD
ASISTENTA CONTABLE,AUXILIAR CONTABLE ADMINISTRATIVO
ASISTENTA CONTABLE,AUXILIAR CONTABLES Y FINANCIEROS
ASISTENTA CONTABLE,ASISTENTE CONTABLE TRIBUTARIO
PERCHADOR,MERCADERISTA
PERCHADOR,PERCHERO
PERCHADOR,SURTIDOR
OBRERO,OPERARIA
OBRERO,OPERARIO DE PLANTA
OBRERO,OPERARIA DE PRODUCCION
OBRERO,TRABAJADOR OPERATIVO
OBRERO,TRABAJADOR GENERA
OBRERO,OBRERO GENERAL
OBRERO(A),AUXILIAR DE OPERACION
OBRERO(A),AUXILIAR GENERAL
EJECUTIVO DE VENTA,VENDEDOR
EJECUTIVO DE VENTA,ASEORA COMERCIAL
EJECUTIVO DE VENTA,ASESOR DE VENTA
EJECUTIVO DE VENTA,EJECUTIVO COMERCIAL
EJECUTIVO DE VENTA,ASESOR DE NEGOCIOS
EJECUTIVO DE VENTA,EJECUTIVO DE CUENTA
EJECUTIVO DE VENTA,REPRESENTANTE DE VENTA
EJECUTIVO DE VENTA,VENDEDOR COBERTURA
EJECUTIVO DE VENTA,AGENTE DE VENTA
EJECUTIVO DE VENTA,VENDEDOR EXTERNO
EJECUTIVO DE VENTA,REPRESENTANTE COMERCIAL
EJECUTIVO DE VENTA,PROMOTOR DE VENTA
EJECUTIVO DE VENTA,EJECUTIVA DE NEGOCIOS
EJECUTIVO DE VENTA,PROMOTOR COMERCIAL
EJECUTIVO DE VENTA,AGENTE COMERCIAL
EJECUTIVO DE VENTA,GESTOR COMERCIAL
EJECUTIVO DE VENTA,GESTOR DE VENTAS
EJECUTIVO DE VENTA,OFICIAL COMERCIAL
EJECUTIVO DE VENTAS DIRECTAS,AGENTE DE VENTA DIRECTA
EJECUTIVO DE VENTAS DIRECTAS,ASESOR COMERCIAL EXTERNO
EJECUTIVO DE VENTAS DIRECTAS,VENDEDOR DE CAMPO
TRABAJADOR DE LA PRODUCCION,TRABAJADOR DE PLANTA
TRABAJADOR DE LA PRODUCCION,OPERARIA DE PRODUCCION
TRABAJADOR DE LA PRODUCCION,OBRERO DE PRODUCCION
TRABAJADOR DE LA PRODUCCION,OPERADOR DE PRODUCCION
TRABAJADOR DE LA PRODUCCION,OPERADOR DE PLANTA
TRABAJADOR DE LA PRODUCCION,TRABAJADOR INDUSTRIAL
TRABAJADOR DE LA PRODUCCION,OBRERO DE FABRICA
TRABAJADOR DE LA PRODUCCION,OPERARIO INDUSTRIAL
TRABAJADOR DE PRODUCCION,OPERADOR DE LINEA
ASISTENTE DE BODGA,AUXILIAR DE ALMACEN
ASISTENTE DE BODGA,AUXILIAR DE BODEDA
ASISTENTE DE BODGA,BODEGUERO
ASISTENTE DE BODGA,AUXILIAR DE INVENTARIO
ASISTENTE DE BODGA,ASISTENTE DE CENTRO DE DISTRIBUCION
ASISTENTE DE BODGA,AUXILIAR DE BODEGA Y DESPACHO
ASISTENTE DE BODGA,ALMACENISTA
ASISTENTE DE BODGA,AUXILIAR DE LOGISTICA Y BODEGA
ASISTENTE DE BODGA,ASISTENTE DE CONTROL DE STOCK
ASISTENTE DE BODGA,DESPACHADOR DE BODEGA
ASISTENTE DE BODGA,CONTROLADOR DE BODEGA
AYUDANTE DE BODGA,ESTIBADOR
AYUDANTE DE BODGA,OPERARIO DE BODEGA
AYUDANTE DE BODGA,OPERARIO LOGISTICA
AYUDANTE DE BODGA,AUXILIAR DE DESPACHO
AYUDANTE DE BODGA,AYUDANTE LOGISTICA
AYUDANTE DE BODGA,AUXILIAR LOGISTICA
AYUDANTE DE BODGA,ESTIBADOR DE BODEGA
CAJERO,RECAUDADOR
CAJERO,CAJERO VENDEDOR
CAJERO,AUXILIAR DE CAJA
CAJERO,EJECUTIVO DE CAJA
CAJERO,CAJERO POLIFUNCIONAL
CAJERO,FACTURADORA - CAJERA
CAJERO-A,OPERARIO DE CAJA
CAJERO-A,COBRADOR RECAUDADOR
OPERADOR,OPERARIA
OPERADOR,OPERARIO DE PLANTA
OPERADOR,OPERARIA DE PRODUCCION
OPERADOR,OPERADOR DE PRODUCCION
OPERADOR,OPERADOR DE M QUINA
OPERADOR,OPERADOR DE PLANTA
OPERADOR,OPERARIO DE MAQUINARIA
OPERADOR,MAQUINISTA
OPERADOR,OPERADOR DE PROCESO
OPERADOR,OPERARIO DE MAQUINAS
OPERADOR,OPERADOR DE EQUIPO
OPERADOR,OPERARIO INDUSTRIAL
OBRERO AGRICOLA,TRABAJADOR AGRICOLA
OBRERO AGRICOLA,TRABAJADOR DE CAMPO
OBRERO AGRICOLA,OBRERO DE CAMPO
OBRERO AGRICOLA,JORNALERO
OBRERO AGRICOLA,JORNALERO AGRICOLA
OBRERO AGRICOLA,TRABAJADOR DE CULTIVO
OBRERO AGRICOLA,CUADRILLERO
OBRERO-AGRI,JORNALERO DE CAMPO
ASISTENTE DE PRODUCCION,ASISTENTE DE PLANTA
ASISTENTE DE PRODUCCION,ASISTENTE DE MANUFACTURA
ASISTENTE DE PRODUCCION,ASISTENTE TECNICO DE PRODUCCION
AUXILIAR DE PRODUCCION,OPERARIO DE PLANTA
AUXILIAR DE PRODUCCION,OPERARIA DE PRODUCCION
AUXILIAR DE PRODUCCION,OBRERO DE PRODUCCION
AUXILIAR DE PRODUCCION,OPERADOR DE PRODUCCION
AUXILIAR DE PRODUCCION,OPERADOR DE PLANTA
AUXILIAR DE PRODUCCION,OPERARIO INDUSTRIAL
AUXILIAR DE PRODUCCION,AUXILIAR DE FABRICA
AYUDANTE DE PRODUCCION,AYUDANTE GENERAL DE PLANTA
ASESOR DE VENTA,VENDEDOR
ASESOR DE VENTA,ASEORA COMERCIAL
ASESOR DE VENTA,EJECUTIVO DE VENTA
ASESOR DE VENTA,EJECUTIVO COMERCIAL
ASESOR DE VENTA,REPRESENTANTE DE VENTA
ASESOR DE VENTA,VENDEDOR DE COBERTURA
ASESOR DE VENTA,AGENTE DE VENTA
ASESOR DE VENTA,VENDEDOR DE MOSTRADOR
ASESOR DE VENTA,PROMOTOR DE VENTA
ASESOR DE VENTA,PROMOTOR COMERCIAL
ASESOR DE VENTA,AGENTE COMERCIAL
ASESOR DE VENTA,GESTOR COMERCIAL
ASESOR DE VENTA,GESTOR DE VENTAS
ASESOR DE VENTA,OFICIAL COMERCIAL
ASISTENTE DE VENTA,ASISTENTE COMERCIAL
ASISTENTE DE VENTA,AUXILIAR DE VENTAS
ASISTENTE DE VENTA,AUXILIAR COMERCIAL
BODEGUERO,OPERADOR DE BADEGA
BODEGUERO,OPERARIO DE BODEGA
BODEGUERO,ALMACENISTA
BODEGUERO,ENCARGADO DE BODEGA
BODEGUERO,OPERADOR DE ALMACEN
BODEGUERO,DESPACHADOR DE BODEGA
BODEGUERO,ALMACENERO
BODEGUERO,ENCARGADO DE ALMACEN
BODEGUERO,CONTROLADOR DE BODEGA
ASISTENTE DE COCINA,OPERARIO DE COCINA
AUXILIAR DE COCINA,AYUDANTE DE PREPARACION DE ALIMENTOS
SUPERVISOR,COORDINADOR
SUPERVISOR,CONTROLADOR
SUPERVISOR,ENCARGADO
SUPERVISOR,LIDER DE EQUIPO
SUPERVISOR,RESPONSABLE DE AREA
SUPERVISOR,MONITOR
SUPERVISOR,LIDER OPERATIVO
SUPERVISOR,RESPONSABLE DE TURNO
AUXILIAR DE ENFERMERIA,ASISTENTE DE SALUD
AUXILIAR DE ENFERMERIA,AUXILIAR MEDICO
AUXILIAR DE ENFERMERIA,AUXILIAR DE HOSPITALIZACION
ASISTENTE DE OPERACION,AUXILIAR OPERATIVO
ASISTENTE DE OPERACION,ASISTENTE DE CONTROL OPERATIVO
ASISTENTE DE OPERACION,ASISTENTE DE LOGISTICA Y OPERACIONES
ASISTENTE DE OPERACION,AGENTE DE OPERACIONES
ASISTENTE DE OPERACION,SOPORTE OPERATIVO
AUXILIAR DE OPERACION,ASISTENTE DE PLANTA
AUXILIAR DE OPERACION,AUXILIAR DE PROCESO
AUXILIAR DE OPERACION,OPERADOR AUXILIAR
AYUDANTE DE OPERACION,AYUDANTE GENERAL DE PLANTA
OBRERO DE PLANTA,TRABAJADOR DE PRODUCCION
OBRERO DE PLANTA,OPERARIA DE PRODUCCION
OBRERO DE PLANTA,OBRERO DE PRODUCCION
OBRERO DE PLANTA,OBRERO GENERAL
OBRERO DE PLANTA,OPERARIO INDUSTRIAL
OBRERO EN PLANTA,OBRERO DE FABRICA
OPERARIO DE PLANTA,OPERADOR DE PRODUCCION
OPERARIO DE PLANTA,OPERADOR DE PLANTA
OPERARIO DE PLANTA,OPERADOR DE PROCESO
OPERARIO DE PLANTA,OPERADOR DE LINEA
TRABAJADOR DE PLANTA,TRABAJADOR INDUSTRIAL
TECNICO,TECNICO OPERATIVO
TECNICO,TECNICO DE SERVICIO
TECNICO,TECNOLOGO
TECNICO,TECNICO INTEGRAL
TECNICO,TECNICO GENERAL
TECNICO 1,TECNICO INICIAL
TECNICO 1,TECNICO NIVEL I
AUXILIAR D ELIMPIEZA,AUXILIAR DE SERVICIO GENERAL
AUXILIAR D ELIMPIEZA,CONSERJE
AUXILIAR D ELIMPIEZA,OPERARIO DE LIMPIEZA
AUXILIAR D ELIMPIEZA,AUXILIAR DE MANTENIMIENTO Y LIMPIEZA
AUXILIAR D ELIMPIEZA,OPERADOR DE LIMPIEZA
AUXILIAR D ELIMPIEZA,PERSONAL DE LIMPIEZA
AUXILIAR D ELIMPIEZA,OPERARIO DE SERVICIOS GENERALES
AUXILIAR D ELIMPIEZA,AUXILIAR DE ASEO
AUXILIAR D ELIMPIEZA,AGENTE DE LIMPIEZA
ASITENTE/AYUDANTE/AUXILIAR DE SERVICIO EN GENERAL,AUXILIAR DE SERVICIO GENERAL
ASITENTE/AYUDANTE/AUXILIAR DE SERVICIO EN GENERAL,AYUDANTE GENERAL
ASITENTE/AYUDANTE/AUXILIAR DE SERVICIO EN GENERAL,AUXILIAR GENERAL
ASITENTE/AYUDANTE/AUXILIAR DE SERVICIO EN GENERAL,AUXILIAR DE SERVICIOS VARIOS
ASITENTE/AYUDANTE/AUXILIAR DE SERVICIO EN GENERAL,OPERARIO DE SERVICIOS GENERALES
ASITENTE/AYUDANTE/AUXILIAR DE SERVICIO EN GENERAL,PERSONAL DE SERVICIOS GENERALES
ASITENTE/AYUDANTE/AUXILIAR DE SERVICIO EN GENERAL,TRABAJADORA DE SERVICIOS GENERALES
AYUDANTE SERVICIOS EN GENERAL,AYUDANTE POLIFUNCIONAL
AYUDANTE SERVICIOS EN GENERAL,OPERARIO POLIFUNCIONAL
MENSAJERO,COURIER
MENSAJERO,MOTORIZADO
MENSAJERO,MENSAJERO MOTORIZADO
MENSAJERO,TRAMITADOR
MENSAJERO,AUXILIAR DE MENSAJERIA
CONTADO,CONTADORGENERAL
CONTADO,ESPECIALISTA CONTABLE
CONTADO,RESPONSABLE DE CONTABILIDAD
OPERARIA DE PRODUCCION,TRABAJADOR DE PRODUCCION
OPERARIA DE PRODUCCION,OPERARIO DE PLANTA
OPERARIA DE PRODUCCION,OBRERO DE PRODUCCION
OPERARIA DE PRODUCCION,OPERADOR DE PRODUCCION
OPERARIA DE PRODUCCION,OPERADOR DE PLANTA
OPERARIA DE PRODUCCION,TRABAJADOR INDUSTRIAL
OPERARIA DE PRODUCCION,OPERADOR DE PROCESO
OPERARIA DE PRODUCCION,OPERARIO INDUSTRIAL
OPERARIA PRODUCCION,OPERADOR DE LINEA
OPERARIA PRODUCCION,OPERARIO DE FABRICACION
ASISTENTE AYUDANTE AUXILIAR DE CONTABILIDAD,ASISTENTA CONTABLE
ASISTENTE AYUDANTE AUXILIAR DE CONTABILIDAD,AUXILIAR CONTABLE
ASISTENTE AYUDANTE AUXILIAR DE CONTABILIDAD,AYUDANTE DE CONTABILIDAD
ASISTENTE AYUDANTE AUXILIAR DE CONTABILIDAD,ASISTENTE FINANCIERO CONTABLE
ASISTENTE AYUDANTE AUXILIAR DE CONTABILIDAD,AYUDANTE CONTABLE
ASISTENTE AYUDANTE AUXILIAR DE CONTABILIDAD,ASISTENTE CONTABLE TRIBUTARIO
ASISTENTE DE CONTABILIDAD,ASISTENTE CONTABLE ADMINISTRATIVO
ASISTENTE DE CONTABILIDAD,ASISTENTE CONTABLE Y TRIBUTARIO
MECANICO,TENICO MECANICO
MECANICO,MECANICO GENERAL
MECANICO,TECNICO EN MECANICA A
MECANICO,MECANICO INDUSTRIAL
MECANICO,OPERADOR MECANICO
REPRESENTANTE DE NEGOCIOS,ASEORA COMERCIAL
REPRESENTANTE DE NEGOCIOS,EJECUTIVO DE VENTA
REPRESENTANTE DE NEGOCIOS,EJECUTIVO COMERCIAL
REPRESENTANTE DE NEGOCIOS,ASESOR DE NEGOCIOS
REPRESENTANTE DE NEGOCIOS,EJECUTIVO DE CUENTA
REPRESENTANTE DE NEGOCIOS,REPRESENTANTE DE VENTA
REPRESENTANTE DE NEGOCIOS,OFCIAL DE NEGOCIOS
REPRESENTANTE DE NEGOCIOS,REPRESENTANTE COMERCIAL
REPRESENTANTE DE NEGOCIOS,EJECUTIVA DE NEGOCIOS
REPRESENTANTE DE NEGOCIOS,PROMOTOR COMERCIAL
REPRESENTANTE DE NEGOCIOS,AGENTE COMERCIAL
REPRESENTANTE DE NEGOCIOS,GESTOR COMERCIAL
REPRESENTANTE DE NEGOCIOS,PROMOTOR DE NEGOCIOS
REPRESENTANTE DE NEGOCIOS,GESTOR DE NEGOCIO
REPRESENTANTE DE NEGOCIOS,OFICIAL COMERCIAL
TRABAJADOR CAMPO,OBRERO AGRICOLA
TRABAJADOR CAMPO,PEON
TRABAJADOR CAMPO,OBRERO DE CAMPO
TRABAJADOR CAMPO,JORNALERO
TRABAJADOR CAMPO,JORNALERO AGRICOLA
TRABAJADOR DE CAMPO,OPERARIO DE CULTIVO
ENFERMERO,LICENCIADO EN ENFERMERIA
ENFERMERO,ENFERMERO OCUPACIONAL
ENFERMERO,ENFERMERA GENERAL
ENFERMERO,ENFERMERA DISPENSARIO
ENFERMERO,ENFERMERA DE PLANTA
AUXILIAR DE PLANTA,AYUDANTE DE PRODUCCION
AUXILIAR DE PLANTA,AUXILIAR DE OPERACION
AUXILIAR DE PLANTA,OBRERO DE PLANTA
AUXILIAR DE PLANTA,OPERARIA DE PRODUCCION
AUXILIAR DE PLANTA,OBRERO DE PRODUCCION
AUXILIAR DE PLANTA,AYUDANTE GENERAL DE PLANTA
AUXILIAR DE PLANTA,AYUDANTE DE MANUFACTURA
AUXILIAR DE PLANTA,OPERARIO INDUSTRIAL
AYUDANTE DE PLANTA,AUXILIAR DE FABRICA
AYUDANTE OPERARIO DE PLANTA,AYUDANTE OPERATIVO
ASISTENTE,AUXILIARADMINISTRATIVO
ASISTENTE,AUXILIAR
ASISTENTE,AUXILIAR GENERAL
ASISTENTE,AUXILIAR DE OFICINA
ASISTENTE,ASISTENTE GENERAL
ASISTENTE,APOYO ADMINISTRATIVO
VISITADOR A MEDICO,REPRESENTANTE DE PROMOCION MEDICA
VISITADOR A MEDICO,REPRESENTANTE MEDICO
VISITADOR A MEDICO,REPRESENTANTE DE VISITA MEDICA
ALBANIL,OFICIAL ALBANIL
ALBANIL,OFICIAL DE ALBANILERIA
ALBANIL,OFICIAL DE OBRA
PROFESOR,DOCENTE
PROFESOR,MAESTRO
PROFESOR,EDUCADOR
PROFESOR,INSTRUCTOR
PROFESOR,FACILITADOR
PROFESOR,FORMADOR
VENDEDOR JUNIOR / EJECUTIVO DE VENTAS JUNIOR,ASESOR COMERCIAL JUNIOR
VENDEDOR JUNIOR / EJECUTIVO DE VENTAS JUNIOR,ASESOR DE NEGOCIOS JUNIOR
VENDEDOR JUNIOR / EJECUTIVO DE VENTAS JUNIOR,EJECUTIVO COMERCIAL JUNIOR
VENDEDOR JUNIOR / EJECUTIVO DE VENTAS JUNIOR,EJECUTIVA DE CUENTA JUNIOR
VENDEDOR JUNIOR / EJECUTIVO DE VENTAS JUNIOR,ASESOR DE VENTAS JUNIOR
VENDEDOR JUNIOR/EJECUTIVO EN VENTAS,EJECUTIVA DE VENTAS JUNIOR
VENDEDOR JUNIOR EJECUTIVO DE VENTAS JUNIOR AL POR MAYOR Y MENOR,ASESOR COMERCIAL JUNIOR
VENDEDOR JUNIOR EJECUTIVO DE VENTAS JUNIOR AL POR MAYOR Y MENOR,EJECUTIVO COMERCIAL JUNIOR
VENDEDOR JUNIOR EJECUTIVO DE VENTAS JUNIOR AL POR MAYOR Y MENOR,EJECUTIVA DE CUENTA JUNIOR
VENDEDOR JUNIOR EJECUTIVO DE VENTAS JUNIOR AL POR MAYOR Y MENOR,EJECUTIVO DE NEGOCIOS JUNIOR
VENDEDOR JUNIOR EJECUTIVO DE VENTAS JUNIOR AL POR MAYOR Y MENOR,ASESOR DE VENTAS JUNIOR
VENDEDOR JUNIOR/EJECUTIVO EN VENTAS,ASESOR DE NEGOCIOS JUNIOR
TRABAJADORES AGRICOLAS QUE LABORAN EN LAS PLANTACIONES,OBRERO AGRICOLA
TRABAJADORES AGRICOLAS QUE LABORAN EN LAS PLANTACIONES,TRABAJADOR DE CAMPO
TRABAJADORES AGRICOLAS QUE LABORAN EN LAS PLANTACIONES,OBRERO DE CAMPO
TRABAJADORES AGRICOLAS QUE LABORAN EN LAS PLANTACIONES,JORNALERO DE CAMPO
TRABAJADORES AGRICOLAS QUE LABORAN EN LAS PLANTACIONES,JORNALERO AGRICOLA
TRABAJADORES AGRICOLAS QUE LABORAN EN LAS PLANTACIONES,OPERARIO DE CULTIVO
TRABAJADORES AGRICOLAS QUE LABORAN EN PLANTACIONES,TRABAJADOR FLORICOLA
TRABAJADORES AGRICOLAS QUE LABORAN EN PLANTACIONES,TRABAJADOR BANANERO
PEON,OBRERO AGRICOLA
PEON,TRABAJADOR DE CAMPO
PEON,TRABAJADOR GENERA
PEON,JORNALERO
PEON,OBRERO GENERAL
PEON,JORNALERO AGRICOLA
PEON,CUADRILLERO
OBRERO DE PRODUCCION,TRABAJADOR DE PRODUCCION
OBRERO DE PRODUCCION,TRABAJADOR DE PLANTA
OBRERO DE PRODUCCION,OPERADOR DE PRODUCCION
OBRERO DE PRODUCCION,OBRERO DE FABRICA
OBRERO DE PRODUCCION,OPERARIO INDUSTRIAL
OBRERO PRODUCCION,OPERADOR DE PLANTA
OBRERO PRODUCCION,TRABAJADOR INDUSTRIAL
OBRERO(A) DE PRODUCCION,AUXILIAR DE PRODUCCION
OBRERO(A) DE PRODUCCION,AUXILIAR DE PLANTA
OBRERO(A) DE PRODUCCION,OBRERO GENERAL
AUXILIARADMINISTRATIVO,ASISTENTE POLIFUNCIONAL
AUXILIARADMINISTRATIVO,AUXILIAR DE OFICINA
AUXILIARADMINISTRATIVO,GESTOR ADMINISTRATIVO
AUXILIARADMINISTRATIVO,AUXILIAR DE SERVICIOS ADMINISTRATIVOS
AUXILIARADMINISTRATIVO,ASISTENTE DE OPERACIONES ADMINISTRATIVA
AUXILIARADMINISTRATIVO,APOYO ADMINISTRATIVO
AUXILIARADMINISTRATIVO,TECNICO DE APOYO ADMINISTRATIVO
SECRETARIA,RECEPCIONISTA
SECRETARIA,ASISTENTE DE GERENCIA
SECRETARIA,ASISTENTE DE OFICINA
SECRETARIA,SECRETARIA RECEPCIONISTA
SECRETARIA,ASISTENTE EJECUTIVO
SECRETARIA,SECRETARIA EJECUTIVA
SECRETARIA,ASISTENTE DE DIRECCION
SECRETARIA,RECEPCIONISTA ADMINISTRATIVA
OPERADOR DE LA PRODUCCION,OBRERO DE PLANTA
OPERADOR DE LA PRODUCCION,OPERARIA DE PRODUCCION
OPERADOR DE LA PRODUCCION,OBRERO DE PRODUCCION
OPERADOR DE LA PRODUCCION,OPERADOR DE PROCESO
OPERADOR DE LA PRODUCCION,OPERADOR DE LINEA
OPERADOR DE LA PRODUCCION,MAQUINISTA DE PRODUCCION
OPERADOR DE LA PRODUCCION,OPERARIO INDUSTRIAL
OPERADOR DE PRODUCCION,TRABAJADOR DE PRODUCCION
OPERADOR DE PRODUCCION,OPERARIO DE MAQUINARIA
OPERADOR DE PRODUCCION,OPERADOR DE MAQUINARIA INDUSTRIAL
OPERADOR PRODUCCION,OPERADOR DE FABRICACION
VENDEDOR DE PISTA/TIENDA,CAJERO DESPACHADOR
VENDEDOR DE PISTA/TIENDA,ISLERO
VENDEDOR DE PISTA/TIENDA,PROMOTOR DE PISTA
OPERADOR DE MONTACARGA,MONTACARGUISTA
OPERADOR DE MONTACARGA,CHOFER/MONTACARGUISTA
DESPACHADOR,DESPACHADOR DE MERCADERIA
DESPACHADOR,DESPACHADOR DE BODEGA
DESPACHADOR/A,DESPACHADO DE COMBUSTIBLE
VENDEDOR DE ALMACEN,ASEORA COMERCIAL
VENDEDOR DE ALMACEN,ASESOR DE VENTA
VENDEDOR DE ALMACEN,VENDEDOR DE TIENDA
VENDEDOR DE ALMACEN,ASESOR DE MOSTRADOR
VENDEDOR DE ALMACEN,ASESOR DE TIENDA
VENDEDOR DE ALMACEN,VENDEDOR DE MOSTRADOR
VENDEDOR DE ALMACEN,VENDEDOR RETAIL
VENDEDOR DE ALMACEN,ASESOR PUNTO DE VENTA
VENDEDOR DE ALMACEN,VENDEDOR PUNTO DE VENTA
JEFA DE AGENCIA,JEFE DE SUCURSAL
JEFA DE AGENCIA,LIDER DE AGENCIA
JEFA DE AGENCIA,JEFE DE OFICINA
JEFA DE AGENCIA,RESPONSABLE DE AGENCIA
JEFA DE AGENCIA,RESPONSABLE DE SUCURSAL
AUXILIAR DE MANTENIMIENTO,ASISTENTE DE MANTENIMIENTO
AUXILIAR DE MANTENIMIENTO,OPERADOR DE MANTENIMIENTO
AUXILIAR DE MANTENIMIENTO,AUXILIAR DE INFRAESTRUCTURA
AUXILIAR DE MANTENIMIENTO,AUXILIAR DE MANTENIMIENTO GENERAL
AUXILIAR DE MANTENIMIENTO,OFICIAL DE MANTENIMIENTO
AUXILIAR DE MANTENIMIENTO,AYUDANTE TECNICO DE MANTENIMIENTO
EMPLEADO DE MANTENIMIENTO,TENICO DE MANTENIMIENTO
EMPLEADO DE MANTENIMIENTO,PERSONAL DE MANTENIMIENTO
EMPLEADO DE MANTENIMIENTO,TRABAJADOR DE MANTENIMIENTO
EMPLEADO DE MANTENIMIENTO,AGENTE DE MANTENIMIENTO
OPERARIO DE MANTENIMIENTO,OPERARIOS DE MANT. INDUSTRIAL
OPERARIO/A DE MANTENIMIENTO,OPERARIO DE SERVICIOS GENERALES
TRABAJADOR AGRICOLA EMPAQUE,TRABAJADOR DE POSCOSECHA
ASESOR CREDITO,OFICIAL DE CREDITO
ASESOR CREDITO,ASESOR DE NEGOCIOS
ASESOR CREDITO,OFCIAL DE NEGOCIOS
ASESOR CREDITO,OFICIAL DE MICROCREDITO
ASESOR CREDITO,EJECUTIVO DE CREDITO
ASESOR CREDITO,EJECUTIVA DE NEGOCIOS
ASESOR CREDITO,ASESOR DE MICROCREDITO
ASESOR CREDITO,OFCIAL DE CREDITO Y COBRANZA
ASESOR CREDITO,GESTOR DE CREDITO
ASESOR CREDITO,ASESOR FINANCIERO
ASESOR DE CREDITO,ASESOR DE CREDITO Y COBRANZA
CONSERJE,AUXILIAR DE SERVICIO GENERAL
CONSERJE,OPERARIO DE LIMPIEZA
CONSERJE,AUXILIAR DE MANTENIMIENTO Y LIMPIEZA
CONSERJE,AUXILIAR DE ASEO
SUPERVISOR DE VENTA,COORDINADOR DE VENTA
SUPERVISOR DE VENTA,COORDINADOR COMERCIAL
SUPERVISOR DE VENTA,LIDER DE VENTAS
SUPERVISOR DE VENTA,SUPERVISOR COMERCIAL
SUPERVISOR DE VENTA,SUPERVISOR DE PUNTO DE VENTA
SUPERVISOR DE VENTA,LIDER COMERCIAL
SUPERVISOR(A) EN VENTAS,SUPERVISOR DE NEGOCIOS
SUPERVISOR(A) EN VENTAS,RESPONSABLE DE VENTAS
SUPERVISOR/A DE VENTAS,ENCARGADO COMERCIAL
OPERADOR DE M QUINA,OPERARIA DE PRODUCCION
OPERADOR DE M QUINA,OPERADOR DE PRODUCCION
OPERADOR DE M QUINA,OPERARIO DE MAQUINARIA
OPERADOR DE M QUINA,MAQUINISTA
OPERADOR DE M QUINA,OPERADOR DE LINEA
OPERADOR DE M QUINA,OPERARIO DE MAQUINAS
OPERADOR DE M QUINA,MAQUINISTA DE PRODUCCION
OPERADOR DE M QUINA,OPERARIO INDUSTRIAL
MONTACARGUISTA,OPERADOR DE MONTACARGA
COCINERO,PARRILLERO
COCINERO,HORNERO
COCINERO,PLANCHERO
COCINERO,PREPARADOR DE ALIMENTOS
COCINERO,OPERARIO DE COCINA
COCINERO,COCINERO POLIFUNCIONAL
COCINERO/A,CHEF DE PARTIDA
AUXILIAR,AYUDANTE POLIFUNCIONAL
AUXILIAR,AYUDANTE
AUXILIAR,AYUDANTE GENERAL
AUXILIAR,AUXILIAR OPERATIVO
AUXILIAR,AUXILIAR GENERAL
AUXILIAR,PERSONAL DE APOYO
AUXILIAR,ASISTENTE GENERAL
OPERARIO CULTIVO,TRABAJADOR AGRICOLA
OPERARIO CULTIVO,OBRERO AGRICOLA
OPERARIO CULTIVO,TRABAJADOR DE CAMPO
OPERARIO CULTIVO,OBRERO DE CAMPO
OPERARIO CULTIVO,JORNALERO DE CAMPO
OPERARIO CULTIVO,TRABAJADOR FLORICOLA
OPERARIO CULTIVO,JORNALERO AGRICOLA
OPERARIO CULTIVO,TRABAJADOR DE CULTIVO
INSPECTOR ASEGURAMIENTO DE CALIDAD,ANALISTA DE CALIDAD
INSPECTOR ASEGURAMIENTO DE CALIDAD,ANALISTA DE CONTROL DE CALIDAD
INSPECTOR ASEGURAMIENTO DE CALIDAD,AUDITOR DE CALIDAD
INSPECTOR ASEGURAMIENTO DE CALIDAD,MONITOR DE CALIDAD
INSPECTOR ASEGURAMIENTO DE CALIDAD,TECNICO DE CALIDAD
INSPECTOR ASEGURAMIENTO DE CALIDAD,EVALUADOR DE CALIDAD
INSPECTOR ASEGURAMIENTO DE CALIDAD,TECNICO DE CONTROL DE CALIDAD
INSPECTOR ASEGURAMIENTO DE CALIDAD,TECNICO DE ASEGURAMIENTO DE CALIDAD
INSPECTOR ASEGURAMIENTO DE CALIDAD,REVISOR DE CALIDAD
INSPECTOR CONTROL DE CALIDAD,AGENTE DE CONTROL DE CALIDAD
INSPECTOR CONTROL DE CALIDAD,INSPECTOR QA/QC
OPERADOR DE PLANTA,OPERADOR DE PRODUCCION
OPERADOR DE PLANTA,OPERADOR DE PROCESO
OPERADOR DE PLANTA,MAQUINISTA DE PRODUCCION
OPERARIO PLANTA,OBRERO DE PRODUCCION
OPERARIO PLANTA,OPERADOR DE FABRICA
DESPACHADOR PERCHERO,AUXILIAR DE TIENDA
DESPACHADOR PERCHERO,PERCHERO
DESPACHADOR PERCHERO,SURTIDOR
ASISTENTE DE MANTENIMIENTO,AUXILIAR DE MANTENIMIENTO
ASISTENTE DE MANTENIMIENTO,AUXILIAR DE MANTENIMIENTO GENERAL
ASISTENTE DE MANTENIMIENTO,ASISTENTE TECNICO DE MANTENIMIENTO
ASISTENTE DE MANTENIMIENTO,ASISTENTE DE MANTENIMIENTO INDUSTRIAL
ASISTENTE MANTENIMIENTO,ASISTENTE DE MANTENIMIENTO DE INSTALACIONES
AUXILIAR MANTENIMIENTO,AYUDANTE DE SERVICIO GENERAL
AUXILIAR MANTENIMIENTO,OPERARIO DE SERVICIOS GENERALES
AYUDANTE DE MANTENIMIENTO,AUXILIAR DE INFRAESTRUCTURA
RECEPCIONISTA,ASISTENTE DE RECEPCION
RECEPCIONISTA,SECRETARIA RECEPCIONISTA
RECEPCIONISTA,AGENTE DE RECEPCION
RECEPCIONISTA,RECEPCIONISTA ADMINISTRATIVA
RECEPCIONISTA,RECEPCIONISTA - TELEFONISTA
RECEPCIONISTA,RECEPCIONISTA DE OFICINA
RECEPCIONISTA,EJECUTIVO DE RECEPCION
TRABAJADO SOCIAL,ANALISTA DE BIENESTAR SOCIAL
TRABAJADO SOCIAL,GESTOR SOCIAL
TRABAJADO SOCIAL,ASISTENTE SOCIAL
TRABAJADO SOCIAL,ANALISTA DE TRABAJO SOCIAL
TRABAJADO SOCIAL,ESPECIALISTA DE TRABAJO SOCIAL
TRABAJADO SOCIAL,TECNICO DE BIENESTAR SOCIAL
TRABAJADOR/A SOCIAL,FACILITADORA SOCIAL
AUXILIAR CONTABLE,ASISTENTE DE CONTABILIDAD
AUXILIAR CONTABLE,AYUDANTE DE CONTABILIDAD
AUXILIAR CONTABLE,ASISTENTE DE CUENTAS POR PAGAR
AUXILIAR CONTABLE,OPERADOR CONTABLE
AUXILIAR CONTABLE,AUXILIAR CONTABLE FINANCIERO
AUXILIAR CONTABLE,ASISTENTE DE CUENTAS POR COBRAR
AUXILIAR CONTABLE,ASISTENTE CONTABLE Y TRIBUTARIO
AUXILIAR CONTABLE,AYUDANTE CONTABLE
AUXILIAR CONTABLE 1,ASISTENTE DE CONTABILIDAD 1
AUXILIAR CONTABLE 1,ASISTENTE CONTABLE 1
AYUDANTE,AYUDANTE GENERAL
AYUDANTE,AUXILIAR OPERATIVO
AYUDANTE,AUXILIAR GENERAL
AYUDANTE 1,AYUDANTE POLIFUNCIONAL
AYUDANTE 1,AYUDANTE DE PLANTA
AYUDANTE 1,AUXILIAR 1
EJECUTIVO COMERCIAL,ASESOR DE NEGOCIOS
EJECUTIVO COMERCIAL,EJECUTIVO DE CUENTA
EJECUTIVO COMERCIAL,REPRESENTANTE DE VENTA
EJECUTIVO COMERCIAL,AGENTE DE VENTA
EJECUTIVO COMERCIAL,OFCIAL DE NEGOCIOS
EJECUTIVO COMERCIAL,REPRESENTANTE COMERCIAL
EJECUTIVO COMERCIAL,EJECUTIVA DE NEGOCIOS
EJECUTIVO COMERCIAL,AGENTE COMERCIAL
EJECUTIVO COMERCIAL,GESTOR COMERCIAL
EJECUTIVO COMERCIAL,GESTOR DE VENTAS
EJECUTIVO COMERCIAL,OFICIAL COMERCIAL
GUARDIA DE SEGURIDAD,GUARDIAN
GUARDIA DE SEGURIDAD,VIGILANTE
GUARDIA DE SEGURIDAD,CELADOR
GUARDIA DE SEGURIDAD,CUSTODIA
GUARDIA DE SEGURIDAD,OFICIAL DE SEGURIDAD
GUARDIA DE SEGURIDAD,OPERADOR DE SEGURIDAD
ASISTENTE DE DESPACHO LOGISTICO,ASISTENTE DE DESPACHO
ASISTENTE DE DESPACHO LOGISTICO,ASISTENTE LOGISTICA
ASISTENTE DE DESPACHO LOGISTICO,ASISTENTE DE OPERACIONES LOGISTICA
ASISTENTE DE DESPACHO LOGISTICO,ASISTENTE DE LOGISTICA Y DISTRIBUCION
ASISTENTE DE DESPACHO LOGISTICO,ASISTENTE DE EMBARQUE
ASISTENTE DE DESPACHO LOGISTICO,ASISTENTE DE LOGISTICA Y DESPACHO
ASISTENTE DE DESPACHO LOGISTICO,ASISTENTE DE ENTREGAS
ASISTENTE DE LOGISTIC,AUXILIAR DE BODEGA Y LOGISTICA
ASISTENTE DE LOGISTIC,ASISTENTE LOGISTICO ADMINISTRATIVO
ASISTENTE DE LOGISTIC,ASISTENTE DE SUPPLY CHAIN
ASISTENTE DE LOGISTIC,ASISTENTE DE INVENTARIO Y LOGISTICA
AUXILIAR DE LOGISTICA,AUXILIAR DE RECEPCION Y DESPACHOS
AUXILIAR DE LOGISTICA,AUXILIAR DE CENTRO DE DISTRIBUCION
AYUDANTE DE LOGISTICA,OPERARIO DE LOGISTICA
AYUDANTE GENERAL,AYUDANTE DE SERVICIO GENERAL
AYUDANTE GENERAL,TRABAJADOR GENERA
AYUDANTE GENERAL,AUXILIAR GENERAL
AYUDANTE GENERAL,OBRERO GENERAL
AYUDANTE GENERAL,OPERARIO DE SERVICIOS GENERALES
AYUDANTE GENERAL,OPERARIO POLIVALENTE
AYUDANTE GENERAL,AYUDANTE POLIVALENTE
AYUDANTE GENERAL,AUXILIAR MULTIFUNCIONAL
CONTADORGENERAL,JEFA DE CONTABILIDAD
CONTADORGENERAL,COORDINADOR CONTABLE
CONTADORGENERAL,COORDINADOR DE CONTABILIDAD
CONTADORGENERAL,JEFA CONTABLE
CONTADORGENERAL,SUPERVISOR DE CONTABILIDAD
CONTADORGENERAL,SUPERVISOR CONTABLE
CONTADORGENERAL,LIDER CONTABLE
CONTADORGENERAL,RESPONSABLE DE CONTABILIDAD
CONDUCTOR,CHOFER PROFESIONAL
CONDUCTOR,CHOFER DE REPARTO
CONDUCTOR,CONDUCTOR PROFESIONAL
CONDUCTOR,CHOFER MENSAJERO
CONDUCTOR,CHOFER REPARTIDOR
CONDUCTOR,MOTORISTA
CONDUCTOR,CONDUCTOR DE REPARTO
CONDUCTOR,CHOFER ADMINISTRATIVO
CONDUCTOR,OPERADORES DE VEHICULOS
CONDUCTOR,CONDUCTOR ADMINISTRATIVO
AGRICOLA,TRABAJADOR AGRICOLA
AGRICOLA,OBRERO AGRICOLA
AGRICOLA,TRABAJADOR DE CAMPO
AGRICOLA,OBRERO DE CAMPO
AGRICOLA,JORNALERO
AGRICOLA,JORNALERO DE CAMPO
AGRICOLA,JORNALERO AGRICOLA
TENICO MECANICO,MECANICO GENERAL
TENICO MECANICO,MECANICO AUTOMOTRIZ
TENICO MECANICO,MECANICO DE MANTENIMIENTO
TENICO MECANICO,TECNICO DE MANTENIMIENTO MECANICO
TENICO MECANICO,MECANICO DE PLANTA
TENICO MECANICO,MECANICO DE EQUIPOS
TENICO MECANICO,MAESTRO MECANICO
TENICO MECANICO,MECANICO DE TALLER
TENICO MECANICO,MECANICO DIESEL
SUPERVISOR (A) DE PRODUCCION,COORDINADO DE PRODUCCION
SUPERVISOR (A) DE PRODUCCION,SUPERVISOR DE PLANTA
SUPERVISOR (A) DE PRODUCCION,SUPERVISOR DE LINEA
SUPERVISOR (A) DE PRODUCCION,LIDER DE PRODUCCION
SUPERVISOR (A) DE PRODUCCION,COORDINADOR DE PLANTA
SUPERVISOR (A) DE PRODUCCION,SUPERVISOR DE MANUFACTURA
SUPERVISOR (A) DE PRODUCCION,RESPONSABLE DE PRODUCCION
SUPERVISOR DE PRODUCCION,LIDER DE LINEA
SUPERVISOR DE PRODUCCION,COORDINADOR DE MANUFACTURA
SUPERVISOR PRODUCCION,COORDINADOR DE LINEA DE PRODUCCION
GERENTEGENERAL,GERENTE PRINCIPAL
GERENTEGENERAL,DIRECTOR EJECUTIVO
GERENTEGENERAL,DIRECTOR GENERAL
GERENTEGENERAL,PRESIDENTE EJECUTIVO
GERENTEGENERAL,COUNTRY MANGER
GERENTEGENERAL,GERENTE DE PAIS
GERENTEGENERAL,CEO
GERENTEGENERAL,DIRECTOR NACIONAL
GERENTEGENERAL,DIRECTORA DE PAIS
SALES ADVISOR,VENDEDOR
SALES ADVISOR,ASEORA COMERCIAL
SALES ADVISOR,EJECUTIVO DE VENTA
SALES ADVISOR,ASESOR DE VENTA
SALES ADVISOR,EJECUTIVO COMERCIAL
SALES ADVISOR,REPRESENTANTE DE VENTA
SALES ADVISOR,AGENTE DE VENTA
SALES ADVISOR,REPRESENTANTE COMERCIAL
SALES ADVISOR,AGENTE COMERCIAL
SALES ADVISOR,GESTOR COMERCIAL
SALES ADVISOR,GESTOR DE VENTAS
SALES ADVISOR,OFICIAL COMERCIAL
AUXILIAR DE FARMACIA,VENDEDOR DE FARMACIA
AUXILIAR DE FARMACIA,DEPENDIENTE DE FARMACIA
OPERADOR DE BADEGA,OPERARIO DE BODEGA
OPERADOR DE BADEGA,OPERARIO LOGISTICA
OPERADOR DE BADEGA,AGENTE DE BODEGA
OPERADOR DE BADEGA,DESPACHADOR DE BODEGA
OPERADOR DE BADEGA,ALMACENERO
OPERADOR DE BADEGA,CONTROLADOR DE BODEGA
ASESOR DE SERV. AL CLIENTE,EJECUTIVO DE EXPERIENCIA AL CLIENTE
ASESOR DE SERV. AL CLIENTE,AGENTE DE CALL CENTER
ASESOR DE SERV. AL CLIENTE,EJECUTIVO DE SERVICIO AL CLIENTE
ASESOR DE SERV. AL CLIENTE,GESTOR DE ATENCION AL CLIENTE
ASESOR DE SERV. AL CLIENTE,EJECUTIVO DE ATENCION AL CLIENTE
ASESOR DE SERV. AL CLIENTE,ASESOR DE ATENCION AL CLIENTE
ASESOR DE SERV. AL CLIENTE,AGENTE DE CONTACT CENTER
ASESOR DE SERV. AL CLIENTE,EJECUTIVO DE CALL CENTER
ASESOR DE SERV. AL CLIENTE,EJECUTIVO DE CONTACT CENTER
ASESOR DE SERV. AL CLIENTE,OFICIAL DE SERVICIO AL CLIENTE
ASESOR DE SERV. AL CLIENTE,OFICIAL DE SERVICIO
ASESOR DE SERV. AL CLIENTE,ASESOR DE EXPERIENCIA AL CLIENTE
ASESOR DE SERV. AL CLIENTE,REPRESENTANTE DE SERVICIO AL CLIENTE
ASESOR DE SERV. AL CLIENTE,GESTOR DE SERVICIO AL CLIENTE
ASESOR DE SERV. AL CLIENTE,OFICIAL DE ATENCION AL CLIENTE
ASESOR DE SERVICIO AL CLIENTE,EJECUTIVO DE ATENCION AL USUARIO
ASESOR SERVICIO AL CLIENTE,OPERADOR DE CALL CENTER
ASISTENTE DE SERVICIO AL CLIENTE,ASISTENTE DE SAC
ASISTENTE SERVICIO AL CLIENTE,CUSTOMER SERVICE REPRESENTATIVE
AUXILIAR DE SERVICIO AL CLIENTE,ASISTENTE DE ATENCION AL USUARIO
OFICIAL DE CREDITO,ASESOR DE CREDITO
OFICIAL DE CREDITO,ASESOR DE NEGOCIOS
OFICIAL DE CREDITO,ANALISTA DE CREDITO
OFICIAL DE CREDITO,OFCIAL DE NEGOCIOS
OFICIAL DE CREDITO,OFICIAL DE MICROCREDITO
OFICIAL DE CREDITO,EJECUTIVO DE CREDITO
OFICIAL DE CREDITO,EJECUTIVA DE NEGOCIOS
OFICIAL DE CREDITO,ASESOR DE MICROCREDITO
OFICIAL DE CREDITO,GESTOR DE CREDITO
OFICIAL DE CREDITO,ANALISTA DE MICROCREDITO
TRABAJADOR AGRICOLA COSECHA,OBRERO AGRICOLA
TRABAJADOR AGRICOLA COSECHA,AUXILIAR DE COSECHA
TRABAJADOR AGRICOLA COSECHA,COSECHADOR
TRABAJADOR AGRICOLA COSECHA,JORNALERO AGRICOLA
TRABAJADOR AGRICOLA COSECHA,JORNALERO DE COSECHA
IMPULSADOR,PROMOTER
IMPULSADOR,PROMOTOR DE VENTA
IMPULSADOR,ACTIVADOR DE MARCA
IMPULSADOR,PROMOTOR DE MARCA
IMPULSADOR,IMPULSADOR DE VENTAS
IMPULSADOR,DEMOSTRADOR
SOLDADOR,SOLDADOR CALIFICADO
SOLDADOR,MECANICO SOLDADOR
SOLDADOR,TECNICO SOLDADOR
SOLDADOR,SOLDADOR TUBERO
SOLDADOR,SOLDADOR ESTRUCTURAL
COURIER,MOTORIZADO
COURIER,MENSAJERO MOTORIZADO
COURIER,REPARTIDOR
COURIER,CONDUCTOR DE REPARTO
COURIER,GESTOR DE ENTREGAS
TENICO DE MANTENIMIENTO,OPERARIO DE MANTENIMIENTO
TENICO DE MANTENIMIENTO,OPERADOR DE MANTENIMIENTO
TENICO DE MANTENIMIENTO,TECNICO DE OPERACIONES Y MANTENIMIENTO
TENICO DE MANTENIMIENTO,MECANICO DE MANTENIMIENTO
TENICO DE MANTENIMIENTO,TECNICO DE SERVICIO GENERAL
TENICO DE MANTENIMIENTO,TECNICOELECTROMECANICO
TENICO DE MANTENIMIENTO,ELECTRICISTA DE MANTENIMIENTO
TENICO DE MANTENIMIENTO,OFICIAL DE MANTENIMIENTO
TENICO DE MANTENIMIENTO,ELECTROMECANICO DE MANTENIMIENTO
VENDEDOR DE TIENDA,ASEORA COMERCIAL
VENDEDOR DE TIENDA,ASESOR DE VENTA
VENDEDOR DE TIENDA,VENDEDOR DE ALMACEN
VENDEDOR DE TIENDA,ASESOR DE TIENDA
VENDEDOR DE TIENDA,VENDEDOR DE MOSTRADOR
VENDEDOR DE TIENDA,VENDEDOR RETAIL
VENDEDOR DE TIENDA,ASESOR PUNTO DE VENTA
VENDEDOR DE TIENDA,VENDEDOR PUNTO DE VENTA
ASESOR DE NEGOCIOS,ASEORA COMERCIAL
ASESOR DE NEGOCIOS,ASESOR DE VENTA
ASESOR DE NEGOCIOS,ASESOR DE CREDITO
ASESOR DE NEGOCIOS,EJECUTIVO COMERCIAL
ASESOR DE NEGOCIOS,OFICIAL DE CREDITO
ASESOR DE NEGOCIOS,EJECUTIVO DE CUENTA
ASESOR DE NEGOCIOS,OFCIAL DE NEGOCIOS
ASESOR DE NEGOCIOS,OFICIAL DE MICROCREDITO
ASESOR DE NEGOCIOS,EJECUTIVA DE NEGOCIOS
ASESOR DE NEGOCIOS,AGENTE COMERCIAL
ASESOR DE NEGOCIOS,ASESOR DE MICROCREDITO
ASESOR DE NEGOCIOS,GESTOR COMERCIAL
ASESOR DE NEGOCIOS,PROMOTOR DE NEGOCIOS
ASESOR DE NEGOCIOS,GESTOR DE NEGOCIO
ASESOR DE NEGOCIOS,ASESOR FINANCIERO
ASESOR DE NEGOCIOS,OFICIAL COMERCIAL
ASESOR DE NEGOCIOS,OFICIAL PYME
ASISTENTE DE NEGOCIO,ASISTENTE DE CREDITO
ASISTENTE DE NEGOCIO,ASISTENTE COMERCIAL
ASISTENTE DE NEGOCIO,ASISTENTE DE AGENCIA
ASISTENTE DE NEGOCIO,ASISTENTE DE MICROFINANZAS
ASISTENTE DE NEGOCIO,AUXILIAR DE CREDITO
ASISTENTE DE NEGOCIO,AUXILIAR COMERCIAL
SERVICIO GENERAL,AUXILIAR DE SERVICIO GENERAL
SERVICIO GENERAL,AUXILIAR DE SERVICIO
SERVICIO GENERAL,OPERARIO DE SERVICIOS GENERALES
SERVICIO GENERAL,PERSONAL DE SERVICIOS GENERALES
SERVICIO GENERAL,OPERARIO DE SERVICIOS
SERVICIO GENERAL,TRABAJADORA DE SERVICIOS GENERALES
ANALISTA CONTABLE,ANALISTA DE CONTABILIDAD
ANALISTA CONTABLE,ANALISTA CONTABLE Y TRIBUTARIO
ANALISTA CONTABLE,ANALISTA CONTABLE Y FINANCIERO
GERENTE,ADMINISTRADO
GERENTE,GERENTEGENERAL
GERENTE,LIDER DE OPERACIONES
GERENTE,DIRECTOR EJECUTIVO
GERENTE,DIRECTOR GENERAL
ELECTRICISTA,TECNICO ELECTRICO
ELECTRICISTA,ELECTRICO
ELECTRICISTA,OPERARIO ELECTRICO
ELECTRICISTA,ELECTRICISTA INDUSTRIAL
ELECTRICISTA,TECNICO ELECTRICISTA
ELECTRICISTA,ELECTRICISTA DE MANTENIMIENTO
ELECTRICISTA,INSTALADOR ELECTRICO
ELECTRICISTA,TECNICO DE INSTALACIONES ELECTRICAS
ELECTRICISTA,OFICIAL ELECTRICO
ELECTRICISTA,ELECTRICO INDUSTRIAL
ELECTRICISTA 1RA,MAESTRO ELECTRICISTA
ELECTRICISTA 1RA,ESPECIALISTA ELECTRICO
ELECTRICISTA 1RA,ELECTRICISTA DE PRIMERA
JEFE DE VENAS,JEFE COMERCIAL
JEFE DE VENAS,LIDER DE VENTAS
JEFE DE VENAS,RESPONSABLE DE VENTAS
JEFE DE VENAS,LIDER COMERCIAL
JEFE DE VENAS,RESPONSABLE COMERCIAL
JEFE DE VENAS,JEFE DE FUERZA DE VENTAS
COORDINADOR,FACILITADOR
COORDINADOR,ENCARGADO
COORDINADOR,LIDER DE EQUIPO
COORDINADOR,LIDER OPERATIVO
ANALISTA,TECNICO
ANALISTA,CONSULTOR
ANALISTA,OFICIAL
ANALISTA,GESTOR
EJECUTIVO CUENTA,ASEORA COMERCIAL
EJECUTIVO CUENTA,EJECUTIVO DE VENTA
EJECUTIVO CUENTA,EJECUTIVO COMERCIAL
EJECUTIVO CUENTA,ASESOR DE NEGOCIOS
EJECUTIVO CUENTA,REPRESENTANTE DE VENTA
EJECUTIVO CUENTA,OFCIAL DE NEGOCIOS
EJECUTIVO CUENTA,REPRESENTANTE COMERCIAL
EJECUTIVO CUENTA,EJECUTIVA DE NEGOCIOS
EJECUTIVO CUENTA,GESTOR COMERCIAL
EJECUTIVO CUENTA,ACCOUNT EXECUTIVE
EJECUTIVO CUENTA,OFICIAL DE CUENTA
EJECUTIVO DE CUENTA,ASESOR DE VENTA
EJECUTIVO DE CUENTA,ASESOR DE CUENTA
EJECUTIVO DE CUENTA,GESTOR DE NEGOCIO
EJECUTIVO DE CUENTA,OFICIAL COMERCIAL
EJECUTIVO/A DE CUENTA,EJECUTIVA DE CUENTAS CLAVE
ASISTENTE DE MECANICO,ASISTENTE DE MANTENIMIENTO MECANICO
AUXILIAR DE MECANICO,AYUDANTE DE TALLER
AUXILIAR DE MECANICO,AYUDANTE DE MECANICO AUTOMOTRIZ
ASISTENTE OPERACIONAL,ASISTENTE DE OPERACION
ASISTENTE OPERACIONAL,ASISTENTE DE CONTROL OPERATIVO
ASISTENTE OPERACIONAL,ASISTENTE OPERATIVO ADMINISTRATIVO
ASISTENTE OPERATIVO,AUXILIAR DE PROCESOS OPERATIVOS
ASISTENTE OPERATIVO,AGENTE DE OPERACIONES
ASISTENTE OPERATIVO,SOPORTE OPERATIVO
AUXILIAR OPERATIVO,EJECUTIVO OPERATIVO
AUXILIAR OPERATIVO,GESTOR OPERATIVO
DISENADOR GRAFICO,DISENADOR MULTIMEDIA
DISENADOR GRAFICO,DISENADOR DIGITAL
DISENADOR GRAFICO,ANALISTA DE DISENO GRAFICO
DISENADOR GRAFICO,ESPECIALISTA EN DISENO GRAFICO
ASISTENTE DE COMPRA,ASISTENTE DE ADQUISICIONES
ASISTENTE DE COMPRA,ASISTENTE DE ABASTECIMIENTO
ASISTENTE DE COMPRA,ASISTENTE DE LOGISTICA Y COMPRAS
ASISTENTE DE COMPRA,ASISTENTE DE SUMINISTRO
ASISTENTE DE COMPRA,ASISTENTE DE COMPRAS LOCALES
ASISTENTE DE COMPRA,ASISTENTE DE PROCUREMENT
ASISTENTE DE COMPRA,ASISTENTE DE COMPRAS Y CONTRATACIONES
ASISTENTE AYUDANTE AUXILIAR DE BODEGA,ASISTENTE DE ALMACEN
ASISTENTE AYUDANTE AUXILIAR DE BODEGA,AUXILIAR DE BODEDA
ASISTENTE AYUDANTE AUXILIAR DE BODEGA,ASISTENTE DE BODGA
ASISTENTE AYUDANTE AUXILIAR DE BODEGA,OPERARIO DE BODEGA
ASISTENTE AYUDANTE AUXILIAR DE BODEGA,AYUDANTE DE DESPACHO
ASISTENTE AYUDANTE AUXILIAR DE BODEGA,AUXILIAR DE RECEPCION Y DESPACHOS
ASISTENTE AYUDANTE AUXILIAR DE BODEGA,AUXILIAR DE CENTRO DE DISTRIBUCION
ASISTENTE AYUDANTE AUXILIAR DE BODEGA,AUXILIAR DE LOGISTICA Y BODEGA
ASISTENTE AYUDANTE AUXILIAR DE BODEGA,OPERARIO DE ALMACEN
ASISTENTE AYUDANTE AUXILIAR DE BODEGA,ESTIBADOR DE BODEGA
ASISTENTE AYUDANTE AUXILIAR DE BODEGA,DESPACHADOR DE BODEGA
"ASISTENTE, AYUDANTE BODEGA",AUXILIAR DE BODEGA Y DESPACHO
"ASISTENTE, AYUDANTE BODEGA",DESPACHADOR DE MERCADERIA
"ASISTENTE, AYUDANTE BODEGA",CONTROLADOR DE BODEGA
CAJERO NO FINANCIERO,CAJERO POLIFUNCIONAL
CAJERO NO FINANCIERO,FACTURADORA - CAJERA
CAJERO/A NO FINANCIERO/A,CAJERO VENDEDOR
DIGITADOR,ASISTENTE DE DIGITACION
DIGITADOR,AUXILIAR DE INGRESO DE DATOS
DIGITADOR,TRANSCRIPTOR
DIGITADOR,DATA ENTRY
AUXILIAR DE MOSTRADOR,AUXILIAR DE AGENCIA
AUXILIAR DE MOSTRADOR,AUXILIAR DE TIENDA
AUXILIAR DE MOSTRADOR,DEPENDIENTE DE FARMACIA
AUXILIAR DE MOSTRADOR,VENDEDOR DE MOSTRADOR
AUXILIAR DE MOSTRADOR,AUXILIAR DE PUNTO DE VENTA
AUXILIAR DE MOSTRADOR,DESPACHADOR DE ALMACEN
AYUDANTE DE MOSTRADOR,AUXILIAR DE ATENCION AL CLIENTE
CORTADOR,OPERARIO DE CORTE
CORTADOR,OPERARIO/CORTADOR
ASISTENTE DE MAQUINA,AYUDANTE DE MAQUINARIA
ASISTENTE DE MAQUINA,AYUDANTE DE OPERADOR DE MAQUINA
AUXILIAR DE MAQUINA,AYUDANTE DE LINEA
AYUDANTE DE MAQUINA,AYUDANTE DE PRODUCCION
CAJERO FINANCIERO,RECIBIDOR PAGADOR
CAJERO FINANCIERO - SERVICIOS,EJECUTIVO DE CAJA
CAJERO FINANCIERO - SERVICIOS,CAJERO POLIFUNCIONAL
CAJERO FINANCIERO - SERVICIOS,CAJERA-RECAUDADORA
SUPERVISO/AFINES,SUPERVISOR
SUPERVISO/AFINES,SUPERVISOR DE OPERACION
SUPERVISO/AFINES,SUPERVISOR DE CAMPO
SUPERVISO/AFINES,COORDINADOR DE TURNO
SUPERVISO/AFINES,SUPERVISOR OPERATIVO
SUPERVISO/AFINES,LIDER DE GRUPO
SUPERVISO/AFINES,COORDINADO OPERATIVO
SUPERVISO/AFINES,JEFE DE TURNO
SUPERVISO/AFINES,SUPERVISOR GENERAL
SUPERVISO/AFINES,JEFE DE EQUIPO
SUPERVISO/AFINES,ENCARGADO DE AREA
SUPERVISO/AFINES,SUPERVISOR DE AREA
SUPERVISO/AFINES,LIDER OPERATIVO
SUPERVISO/AFINES,COORDINADOR DE GRUPOS
SUPERVISO/AFINES,JEFE DE CUADRILLA
SUPERVISO/AFINES,LIDER DE AREA
DOCENTE TIEMPO COMPLETO,DOCENTE TITULAR TIEMPO COMPLETO
TRABAJADOR INDUSTRIAL,OPERARIO INDUSTRIAL
JEFEDE BODEGA,SUPERVISOR DE BODEGA
JEFEDE BODEGA,COORDINADOR DE BODEGA
JEFEDE BODEGA,ENCARGADO DE BODEGA
JEFEDE BODEGA,JEFE DE BODEGA Y LOGISTICA
JEFEDE BODEGA,LIDER DE BODEGA
JEFEDE BODEGA,JEFE DE CENTRO DE DISTRIBUCION
JEFEDE BODEGA,ADMINISTRADOR DE BODEGA
ASISTENTE DE SERVICIO TECNICO,AUXILIAR DE MANTENIMIENTO
ASISTENTE DE SERVICIO TECNICO,ASISTENTE DE MANTENIMIENTO
ASISTENTE DE SERVICIO TECNICO,ASIS TECNICO
ASISTENTE DE SERVICIO TECNICO,AUXILIAR TECNICO
ASISTENTE DE SERVICIO TECNICO,AUXILIAR DE SOPORTE TECNICO
ASISTENTE/AYUDANTE/AUXILIAR DE SERVICIO TECNICO,AYUDANTE TENICO
AUXILIAR DE SERVICIO TECNICO,AUXILIAR TECNICO DE MANTENIMIENTO
RECAUDADOR,ASISTENTE DE COBRANZA
RECAUDADOR,GESTOR DE COBRANZA
RECAUDADOR,AUXILIAR DE COBRANZA
RECAUDADOR,COBRADOR
RECAUDADOR,ASISTENTE DE RECAUDACION
RECAUDADOR,CAJERA-RECAUDADORA
RECAUDADOR,AGENTE DE COBRANZA
RECAUDADOR,GESTOR DE RECAUDACION
RECAUDADOR 1,GESTOR DE COBRANZAS 1
TRABAJADOR SILVICOLA,TRABAJADOR FORESTAL
OPERADOR MAQUINARIA,OPERADOR DE M QUINA
OPERADOR MAQUINARIA,MAQUINISTA
OPERADOR MAQUINARIA,OPERADOR DE MAQUINARIA PESADA
OPERADOR MAQUINARIA,OPERADOR DE EQUIPO PESADO
OPERADOR MAQUINARIA,OPERADOR DE EQUIPO
