termino,es
ACOOUNT,CUENTA
ADMISTRATIVE,ADMINISTRATIVO
AI,IA
ANALYTICS,ANALYTICS
AP,CUENTAS POR PAGAR
AR,CUENTAS POR COBRAR
BACK OFFICE,OFICINA CENTRAL
BI,INTELIGENCIA DE NEGOCIOS
CAR SALES,VENTAS DE AUTOMOVILES
CEO,GENERAL MANAGER
CFO,FINANCIAL MANAGER
CHIEF COMMERCIAL OFFICER,COMMERCIAL MANAGER
CHIEF EXECUTIVE OFFICER,GENERAL MANAGER
CHIEF FINANCIAL OFFICER,FINANCIAL MANAGER
CHIEF HUMAN RESOURCES OFFICER,HUMAN RESOURCES MANAGER
CHIEF INFORMATION OFFICER,SYSTEMS MANAGER
CHIEF MARKETING OFFICER,MARKETING MANAGER
CHIEF OPERATING OFFICER,OPERATIONS MANAGER
CHIEF OPERATIONAL OFFICER,OPERATIONS MANAGER
CHIEF PEOPLE OFFICER,HUMAN RESOURCES MANAGER
CHIEF RISK OFFICER,RISK MANAGER
CHIEF TECHNOLOGY OFFICER,TECHNOLOGY MANAGER
CHRO,HUMAN RESOURCES MANAGER
CIO,SYSTEMS MANAGER
CLAIMS,RECLAMOS
CMO,MARKETING MANAGER
COLLECTION,COBRANZA
COLLECTIONS,COBRANZAS
COMMUNITY,COMUNIDAD
COMPLIANCE,COMPLIANCE
CONSUMER,CONSUMIDOR
CONTENT MEDIA,MEDIO DE CONTENIDO
CONTROLLING,CONTROL DE GESTION
COO,OPERATIONS MANAGER
CTO,TECHNOLOGY MANAGER
CUSTOMER SERVICE,SERVICIO AL CLIENTE
CUSTOMER SERVICES,SERVICIOS AL CLIENTE
CX,EXPERIENCIA DEL CLIENTE
DATA ANALYTICS,ANALITICA DE DATOS
DELIVERY,ENTREGA
DOGITAL,DIGITAL
EMPLOYEE BENEFITS,BENEFICIOS LABORALES
EMPLOYMENT BENEFITS,BENEFICIOS LABORALES
ENTERPRISE,EMPRESARIAL
FACILITIES,INFRAESTRUCTURA
FIELD SERVICE,SERVICIO EN CAMPO
GATE,PORTERIA
GOVERNANCE,GOBERNANZA
HELP DESK,SOPORTE TECNICO
HR,RECURSOS HUMANOS
HSE,SEGURIDAD Y SALUD OCUPACIONAL
IMPORT,IMPORTACIONES
INSIDE SALES,VENTAS INTERNAS
INTERNAL SALES,VENTAS INTERNAS
IT,TI
KEY ACCOUNT,CUENTA CLAVE
KEY ACOOUNT,CUENTA CLAVE
LOGISTIC,LOGISTICA
MANAGING DIRECTOR,GENERAL MANAGER
MARKETING DIGITAL,MARKETING DIGITAL
NETWORK,REDES
ONBOARDING,INCORPORACION
PEOPLE,PERSONAL
PERFORMANCE,RENDIMIENTO
PLANNING DIGITAL,PLANIFICACION DIGITAL
POINT SALES,PUNTOS DE VENTA
PROCUREMENT,PROCUREMENT
QA,CONTROL DE CALIDAD
QUALITY ASSURANCE,ASEGURAMIENTO DE CALIDAD
SALES COMMERCIAL,COMERCIAL VENTAS
SALES SUPPORT,APOYO VENTAS
SERVICE ASSURANCE,GARANTIA DE SERVICIO
SERVICE IMPORT,SERVICIO DE IMPORTACION
SOLUTION,SOLUCIONES
SOURCING,PROCURAMIENTO
SUPPLY CHAIN,CADENA DE SUMINISTROS
TAX,TRIBUTARIA
TECHNICAL ACCOUNT,CUENTA TECNICA
TECHNICAL SUPPORT,SOPORTE TECNICO
TRADE MARKETING,TRADE MARKETING
TRAINING,CAPACITACION
UI,INTERFAZ DE USUARIO
VENDOR,PROVEEDOR
