comun,raro,ab,ba
AUXILIAR CENTRO DISTRIBUCION,ASISTENTE CENTRO DISTRIBUCION,0.96630859375,0.9287109375
ASISTENTE COMPRAS PUBLICAS,ASESOR COMERCIAL COMPRAS PUBLICAS,0.1092529296875,0.89794921875
SUPERVISOR PRODUCCION,SUPERV. PRODUCCION,0.9658203125,0.98193359375
TECNICO MECANICO A,TECNICO MECANICO I,0.007537841796875,0.006988525390625
JEFE DE ALMACEN,JEFE ALMACENAMIENTO Y DESPACHO,0.0164337158203125,0.98388671875
GERENTE DE CALIDAD E INNOVACION,GERENTE DE CALIDAD E I/D,0.99267578125,0.9892578125
TECNICO ESPECIALISTA EN MANTENIMIENTO,TECNICO DE MANTENIMIENTO SR.,0.77783203125,0.431884765625
ASISTENTE DE BODEGA Y FARMACIA,AUXILIAR DE BODEGA Y FARMACIA,0.66796875,0.8349609375
INGENIERO BACK-END SENIOR,INGENIERO FRONT-END SENIOR,0.0006122589111328125,0.0008668899536132812
ASISTENTE RECEPCION,ASISTENTE Y RECEPCION,0.297607421875,0.98095703125
ANALISTA PROGRAMADOR SENIOR,ANALISTA PROGRAMADOR SENIOR C,0.02642822265625,0.95263671875
ASISTENTE DE PRODUCCION,ASISTENTE DEL SUPERVISOR DE PRODUCCION,0.029754638671875,0.904296875
SERVICIOS VARIOS 1,SERVICIOS VARIOS/U,0.814453125,0.2626953125
ANALISTA DE BASE DE DATOS,ANALISTA DE BASE DE DATOS Y APLICACIONES,0.0927734375,0.97998046875
JEFE DE MONTAJE,JEFE DE MONTAJE Y SOLDADURA,0.00647735595703125,0.96240234375
ASISTENTE TECNOLOGIA DE LA INFORMACION Y COMUNICACION,ASISTENTE 1 - DE TECNOLOGIAS DE INFORMACION,0.0672607421875,0.04425048828125
GERENTE DE INGENIERIA INDUSTRIAL,GERENTE CORPORATIVO DE INGENIERIA,0.05810546875,0.106201171875
ASISTENTE CONTABLE Y DE AUDITORIA,ASISTENTE CONTABLE CONTABILIDAD,0.38525390625,0.1455078125
PROFESORA TIEMPO COMPLETO FAC. HUMANIDADES,PROFESOR TIEMPO COMPLETO FAC. HUMANIDADES - ESC. ARTES,0.284423828125,0.91357421875
PLANIFICADOR,PLANIFICADOR (R),0.85888671875,0.9921875
ASISTENTE DE PERSONAL,ASISTENTE DE ADM. DE PERSONAL,0.439453125,0.75537109375
JEFE DE PROCESOS Y SISTEMA,JEFE ORGANIZACION Y PROCESOS,0.232666015625,0.11285400390625
SUPERVISOR CALIDAD,SUPERVISOR DE CALIDAD SR,0.134521484375,0.99658203125
ASISTENTE DE IT,ASISTENTE SOPORTE IT,0.8681640625,0.76513671875
PORTERO,PORTERO BR,0.1907958984375,0.99560546875
ASISTENTE DE DOCUMENTACION EXPORT JR.,ASISTENTE DE DOCUMENTACION IMPORT JR.,0.0027904510498046875,0.0032253265380859375
CHEF DE COCINA (ESTABLECIMIENTOS CATEGORIA TERCERA Y CUARTA),SOUS CHEF DE COCINA (ESTABLECIMIENTOS CATEGORIA TERCERA Y CUARTA),0.00103759765625,0.00188446044921875
PROGRAMADOR DE SOFTWARE SENIOR,ESPECIALISTA DE SOFTWARE SENIOR,0.01346588134765625,0.00879669189453125
ANALISTA DE SISTEMAS TELECOMUNICACIONES,ANALISTA DE TELECOMUNICACIONES,0.83447265625,0.1273193359375
ASISTENTE DE EXPERIENCIA AL CLIENTE,ASISTENTE DE ATENCION Y EXPERIENCIA DEL CLIENTE,0.63818359375,0.99267578125
AYUDANTE DE BODEGA,AYUDANTE DE BODEGA DEV,0.2496337890625,0.92041015625
JEFE DE INGENIERIA Y MANTENIMIENTO,JEFE DE INFRAESTRUCTURA Y MANTENIMIENTO,0.5810546875,0.826171875
ASISTENTE TECNICO T*,ASISTENTE TECNICO (AT),0.8154296875,0.450927734375
GERENTE DE DESARROLLO ORGANIZACIONAL,GERENTE DE DESARROLO ORGANIZACIONAL E INNOVACION,0.006237030029296875,0.9853515625
CHOFER DE LOGISTICA,CHOFER Y LOGISTICA,0.389892578125,0.94580078125
ASISTENTE ATENCION AL CLIENTE,ASESOR ATENCION AL CLIENTE,0.264404296875,0.80810546875
ASISTENTE COMERCIAL CORPORATIVO,ASISTENTE DE ASESOR COMERCIAL,0.73779296875,0.242431640625
ASISTENTE DE COMITE DE ETICA,ANALISTA DE COMITE DE ETICA,0.005817413330078125,0.182861328125
GERENTE DE PROYECTOS Y SERVICIOS,GERENTE DE PROYECTOS 项目经理,0.2802734375,0.01910400390625
JEFE DE CONTABILIDAD Y TESORERIA,GERENTE DE CONTABILIDAD Y TESORERIA,0.11065673828125,0.05322265625
ASISTENTE DE TESORERIA JR.,ASISTENTE DE TESORERIA JUNIOR,0.8935546875,0.830078125
INGENIERO INSPECTOR DE PROYECTOS 132,INGENIERO INSPECTOR DE PROYECTOS 108,0.0068359375,0.0015611648559570312
ANALISTA TECNICO DE PROMOCIONES SR,ANALISTA DE PROMOCIONES SR,0.8310546875,0.09173583984375
COORDINADOR DE PLANEACION DE LA DEMANDA,ASISTENTE PLANEACION DE LA DEMANDA,0.006622314453125,0.004604339599609375
JEFE SERVICIOS,JEFE DE SERVICIOS GENERAL,0.04449462890625,0.576171875
ASISTENTE AUXILIAR ADMINISTRATIVA,ASITENTE /AUXILIAR ADMINISTRATIVO,0.9541015625,0.97607421875
ANALISTA INTELIGENCIA DE NEGOC,ANALISTA JUNIOR - INTELIGENCIA DE NEGOCIOS,0.0088348388671875,0.56591796875
SUPERVISOR DE ETIQUETADO,SUPERVISOR GENERAL DE ETIQUETADO,0.0789794921875,0.9296875
