comun,raro,bge_ab,bge_ba,mmarco_ab,mmarco_ba
AUXILIAR CENTRO DISTRIBUCION,ASISTENTE CENTRO DISTRIBUCION,2.8133420944213867,-1.2389336824417114,-1.23469078540802,-0.8886043429374695
ASISTENTE COMPRAS PUBLICAS,ASESOR COMERCIAL COMPRAS PUBLICAS,-1.3428220748901367,2.3921899795532227,-0.555189311504364,-1.7058157920837402
SUPERVISOR PRODUCCION,SUPERV. PRODUCCION,5.649351119995117,4.6513495445251465,0.48387411236763,0.8600221276283264
TECNICO MECANICO A,TECNICO MECANICO I,2.0968222618103027,1.321313738822937,-1.3764618635177612,-1.7197468280792236
JEFE DE ALMACEN,JEFE ALMACENAMIENTO Y DESPACHO,0.23258522152900696,0.3484790027141571,1.7157045602798462,-1.223857045173645
GERENTE DE CALIDAD E INNOVACION,GERENTE DE CALIDAD E I/D,-0.7652057409286499,-0.03907249867916107,-1.4547688961029053,0.14704224467277527
TECNICO ESPECIALISTA EN MANTENIMIENTO,TECNICO DE MANTENIMIENTO SR.,-2.355109930038452,-1.680655598640442,2.8506503105163574,1.4320127964019775
ASISTENTE DE BODEGA Y FARMACIA,AUXILIAR DE BODEGA Y FARMACIA,-1.5698658227920532,3.985297441482544,5.074138164520264,4.335743427276611
INGENIERO BACK-END SENIOR,INGENIERO FRONT-END SENIOR,-0.19118782877922058,-0.5743993520736694,1.7635079622268677,0.5593952536582947
ASISTENTE RECEPCION,ASISTENTE Y RECEPCION,7.402802467346191,6.369508266448975,-0.15547610819339752,-0.85932856798172
ANALISTA PROGRAMADOR SENIOR,ANALISTA PROGRAMADOR SENIOR C,1.8078936338424683,4.121387958526611,3.0935914516448975,1.9707319736480713
ASISTENTE DE PRODUCCION,ASISTENTE DEL SUPERVISOR DE PRODUCCION,1.6307276487350464,4.923402309417725,2.5771682262420654,0.24126198887825012
SERVICIOS VARIOS 1,SERVICIOS VARIOS/U,2.3361473083496094,1.8419665098190308,-1.3751099109649658,-0.1732601821422577
ANALISTA DE BASE DE DATOS,ANALISTA DE BASE DE DATOS Y APLICACIONES,3.1565685272216797,3.2060070037841797,1.2122457027435303,0.2525089681148529
JEFE DE MONTAJE,JEFE DE MONTAJE Y SOLDADURA,0.37117800116539,1.6815205812454224,0.020631752908229828,-2.352060556411743
ASISTENTE TECNOLOGIA DE LA INFORMACION Y COMUNICACION,ASISTENTE 1 - DE TECNOLOGIAS DE INFORMACION,-0.6878663301467896,2.648686647415161,4.722135066986084,5.249436855316162
GERENTE DE INGENIERIA INDUSTRIAL,GERENTE CORPORATIVO DE INGENIERIA,-2.179745674133301,-2.323361396789551,0.4004969596862793,1.047451138496399
ASISTENTE CONTABLE Y DE AUDITORIA,ASISTENTE CONTABLE CONTABILIDAD,-0.3727923035621643,-3.3221068382263184,-1.226455569267273,-2.4268128871917725
PROFESORA TIEMPO COMPLETO FAC. HUMANIDADES,PROFESOR TIEMPO COMPLETO FAC. HUMANIDADES - ESC. ARTES,0.7806888818740845,8.055245399475098,5.522575378417969,3.446880578994751
PLANIFICADOR,PLANIFICADOR (R),5.880819797515869,5.698207378387451,3.646592378616333,-0.8494570851325989
ASISTENTE DE PERSONAL,ASISTENTE DE ADM. DE PERSONAL,1.7291185855865479,4.29874849319458,1.6460211277008057,-0.493552029132843
JEFE DE PROCESOS Y SISTEMA,JEFE ORGANIZACION Y PROCESOS,2.264519214630127,2.807178497314453,-0.49206113815307617,-0.47173604369163513
SUPERVISOR CALIDAD,SUPERVISOR DE CALIDAD SR,3.8922066688537598,2.4493966102600098,2.376934766769409,-0.2793978452682495
ASISTENTE DE IT,ASISTENTE SOPORTE IT,1.5083367824554443,3.0712051391601562,0.7841965556144714,-0.49156588315963745
PORTERO,PORTERO BR,3.7833714485168457,3.740513324737549,-0.19737093150615692,-1.7471013069152832
ASISTENTE DE DOCUMENTACION EXPORT JR.,ASISTENTE DE DOCUMENTACION IMPORT JR.,2.831758975982666,3.393625259399414,2.611595869064331,3.2958855628967285
CHEF DE COCINA (ESTABLECIMIENTOS CATEGORIA TERCERA Y CUARTA),SOUS CHEF DE COCINA (ESTABLECIMIENTOS CATEGORIA TERCERA Y CUARTA),1.7212544679641724,2.2361550331115723,5.630646228790283,2.917438268661499
PROGRAMADOR DE SOFTWARE SENIOR,ESPECIALISTA DE SOFTWARE SENIOR,-0.25453123450279236,-1.1615663766860962,0.48282134532928467,1.5271022319793701
ANALISTA DE SISTEMAS TELECOMUNICACIONES,ANALISTA DE TELECOMUNICACIONES,4.073723316192627,2.5281972885131836,3.2669332027435303,4.600414752960205
ASISTENTE DE EXPERIENCIA AL CLIENTE,ASISTENTE DE ATENCION Y EXPERIENCIA DEL CLIENTE,2.1737780570983887,3.9622552394866943,4.5953593254089355,3.1131818294525146
AYUDANTE DE BODEGA,AYUDANTE DE BODEGA DEV,1.630794882774353,1.254555583000183,3.9944913387298584,0.7087393999099731
JEFE DE INGENIERIA Y MANTENIMIENTO,JEFE DE INFRAESTRUCTURA Y MANTENIMIENTO,-2.2822883129119873,-2.8116183280944824,1.50901460647583,1.637559413909912
ASISTENTE TECNICO T*,ASISTENTE TECNICO (AT),0.8136073350906372,0.9462263584136963,0.8040391802787781,0.07191172242164612
GERENTE DE DESARROLLO ORGANIZACIONAL,GERENTE DE DESARROLO ORGANIZACIONAL E INNOVACION,0.7300634384155273,2.1236658096313477,4.280749797821045,1.7132689952850342
CHOFER DE LOGISTICA,CHOFER Y LOGISTICA,4.28764009475708,1.2107096910476685,0.990254819393158,0.8362963199615479
ASISTENTE ATENCION AL CLIENTE,ASESOR ATENCION AL CLIENTE,2.5775914192199707,3.921839475631714,1.41995370388031,2.5217349529266357
ASISTENTE COMERCIAL CORPORATIVO,ASISTENTE DE ASESOR COMERCIAL,-1.3326481580734253,0.5762948989868164,0.6439777612686157,1.3123725652694702
ASISTENTE DE COMITE DE ETICA,ANALISTA DE COMITE DE ETICA,-0.3849157392978668,1.6407618522644043,0.45045769214630127,0.5612382888793945
GERENTE DE PROYECTOS Y SERVICIOS,GERENTE DE PROYECTOS 项目经理,-2.623370409011841,-1.2571033239364624,1.0393059253692627,-0.7246865630149841
JEFE DE CONTABILIDAD Y TESORERIA,GERENTE DE CONTABILIDAD Y TESORERIA,0.7583736181259155,-0.5227184295654297,3.812002420425415,4.540777206420898
ASISTENTE DE TESORERIA JR.,ASISTENTE DE TESORERIA JUNIOR,-1.6123112440109253,-2.15676212310791,-0.44409167766571045,0.21452805399894714
INGENIERO INSPECTOR DE PROYECTOS 132,INGENIERO INSPECTOR DE PROYECTOS 108,-5.8494343757629395,-6.084129810333252,1.9800317287445068,2.0636630058288574
ANALISTA TECNICO DE PROMOCIONES SR,ANALISTA DE PROMOCIONES SR,2.623574733734131,2.442892074584961,4.286818027496338,6.915513038635254
COORDINADOR DE PLANEACION DE LA DEMANDA,ASISTENTE PLANEACION DE LA DEMANDA,0.9942259788513184,-2.0508124828338623,-0.5216829180717468,-1.5674556493759155
JEFE SERVICIOS,JEFE DE SERVICIOS GENERAL,0.4334409534931183,1.1142555475234985,0.9433402419090271,-1.0688297748565674
ASISTENTE AUXILIAR ADMINISTRATIVA,ASITENTE /AUXILIAR ADMINISTRATIVO,8.53972053527832,6.152957916259766,3.500506639480591,4.155379772186279
ANALISTA INTELIGENCIA DE NEGOC,ANALISTA JUNIOR - INTELIGENCIA DE NEGOCIOS,-1.348612666130066,0.8392412662506104,4.225185871124268,2.9310495853424072
SUPERVISOR DE ETIQUETADO,SUPERVISOR GENERAL DE ETIQUETADO,1.1174390316009521,2.533832311630249,4.949948787689209,0.7926123738288879
