n,ab,ba
4,0.6566651463508606,0.7010881304740906
7,0.0004596431099344045,0.0003106078365817666
8,0.2550866901874542,0.8611025810241699
9,0.9981813430786133,0.18010030686855316
10,0.26281505823135376,0.898382306098938
11,0.26933911442756653,0.8968061208724976
12,0.9616759419441223,0.9552763104438782
14,0.31409958004951477,0.03634432330727577
15,0.4190938174724579,0.08965497463941574
16,0.039852339774370193,0.7429614067077637
17,0.9890439510345459,0.9791471362113953
18,0.9351589679718018,0.950839102268219
19,0.14930127561092377,0.7678308486938477
20,0.47442370653152466,0.9716187119483948
24,0.01571153663098812,0.06409406661987305
25,0.9597486257553101,0.09651975333690643
26,0.9665188193321228,0.9580479264259338
29,0.8906162977218628,0.8572959899902344
31,0.9536333084106445,0.9387404322624207
33,0.6574893593788147,0.4574560821056366
34,0.9383776187896729,0.9887325763702393
35,0.025307653471827507,0.31422483921051025
36,0.004699603654444218,0.004822333808988333
37,0.9515810012817383,0.9768056869506836
38,0.2970687747001648,0.9854050278663635
40,0.9277856349945068,0.8351399898529053
42,0.02775583043694496,0.8571423888206482
43,0.04450197517871857,0.9938619136810303
44,0.07905250787734985,0.48296868801116943
46,0.9487183094024658,0.01921566016972065
48,0.8946329355239868,0.34808406233787537
49,0.3942860960960388,0.6716240048408508
50,0.011376641690731049,0.04942622780799866
51,0.13120323419570923,0.012764174491167068
53,0.9505848288536072,0.8266834020614624
56,0.06487637013196945,0.17983534932136536
58,0.9829385280609131,0.007611618842929602
60,0.03899560868740082,0.0692177340388298
63,0.9099261164665222,0.35091760754585266
64,0.8740654587745667,0.06181794032454491
68,0.9277896285057068,0.7941384315490723
70,0.29843926429748535,0.4498578906059265
71,0.0034943949431180954,0.06863127648830414
75,0.5597864985466003,0.5652888417243958
76,0.17535454034805298,0.2018674910068512
79,0.6282456517219543,0.9170482158660889
80,0.04064646363258362,0.9730778336524963
86,0.9802836775779724,0.034521449357271194
88,0.08991234749555588,0.0644923597574234
89,0.9613902568817139,0.9720301032066345
94,0.8439605832099915,0.7085157632827759
96,0.982176661491394,0.32333943247795105
100,0.2137131541967392,0.610305905342102
101,0.8867287039756775,0.08343441039323807
102,0.17763635516166687,0.7083730697631836
103,0.07400374114513397,0.25878989696502686
104,0.0005150987999513745,0.0008213609689846635
106,0.8322170376777649,0.16068565845489502
112,0.043193746358156204,0.987677276134491
114,0.4968615472316742,0.8488326072692871
115,0.017780756577849388,0.9256250858306885
116,0.0324578583240509,0.9262306690216064
118,0.8822136521339417,0.953204333782196
121,0.9407719969749451,0.9736190438270569
123,0.07357911020517349,0.34558624029159546
124,0.04334694892168045,0.9902330636978149
126,0.6166029572486877,0.060736726969480515
128,0.3993450701236725,0.9819086790084839
130,0.3370307385921478,0.3467003107070923
137,0.9683341383934021,0.9046555161476135
141,0.02542334608733654,0.9851483106613159
142,0.2502415180206299,0.9925633072853088
143,0.06340429931879044,0.026674238964915276
145,0.017307257279753685,0.025101346895098686
146,0.2108350247144699,0.9151512980461121
150,0.041229430586099625,0.7686071395874023
151,0.9742984175682068,0.969405472278595
153,0.020086461678147316,0.9923330545425415
155,0.9305898547172546,0.9314643740653992
158,0.1702633947134018,0.9948244094848633
161,0.9540392756462097,0.9338113069534302
162,0.4277411103248596,0.8576545715332031
164,0.03526182472705841,0.9761453866958618
166,0.4404837191104889,0.9887759685516357
169,0.6442596316337585,0.6050110459327698
171,0.851122260093689,0.45934146642684937
172,0.013322189450263977,0.9927277565002441
175,0.04037125036120415,0.1696351319551468
176,0.12261240184307098,0.7588415741920471
177,0.06782447546720505,0.7273786664009094
178,0.018429387360811234,0.983801543712616
179,0.010476869530975819,0.9758831858634949
180,0.8963451385498047,0.927471935749054
181,0.5977609753608704,0.13841336965560913
182,0.7820727825164795,0.1587824672460556
184,0.0014998854603618383,0.0013283727457746863
186,0.37421831488609314,0.8133007884025574
187,0.034441858530044556,0.7024407982826233
188,0.0015464280731976032,0.002818739041686058
189,0.9308004379272461,0.9312562346458435
193,0.27653539180755615,0.9954277276992798
194,0.02601482719182968,0.9661991596221924
195,0.007075987756252289,0.016101844608783722
197,0.00215930980630219,0.0012022667797282338
198,0.9127742648124695,0.45065411925315857
201,0.01736774854362011,0.029768669977784157
203,0.2529112696647644,0.639173686504364
205,0.037088751792907715,0.9790967106819153
208,0.9146996736526489,0.8775708675384521
209,0.9307162761688232,0.9584518074989319
210,0.2356155514717102,0.9746262431144714
213,0.33714115619659424,0.08000865578651428
214,0.8605124354362488,0.8656138777732849
215,0.05452406778931618,0.8898643255233765
219,0.5973348617553711,0.9897817373275757
221,0.9274779558181763,0.19525271654129028
224,0.014615323394536972,0.8601120114326477
225,0.021160824224352837,0.9941458702087402
227,0.8479180335998535,0.04337303340435028
230,0.008744342252612114,0.44495445489883423
231,0.05689951777458191,0.2674657702445984
232,0.6516278386116028,0.9490484595298767
234,0.10929697006940842,0.9558970928192139
236,0.025378461927175522,0.9915907382965088
239,0.7528515458106995,0.029897959902882576
241,0.5516332387924194,0.42106032371520996
249,0.4625104069709778,0.9867647886276245
250,0.03953152894973755,0.8861919641494751
252,0.9124041199684143,0.7103579640388489
253,0.049503859132528305,0.06675171107053757
255,0.9780821800231934,0.9924305081367493
257,0.7174712419509888,0.038977909833192825
258,0.22093677520751953,0.10413771122694016
259,0.941887378692627,0.9418396949768066
262,0.7261062860488892,0.5750008821487427
263,0.04581008106470108,0.5000162124633789
266,0.008894871920347214,0.0061059934087097645
269,0.08834653347730637,0.009325877763330936
273,0.0007069144048728049,0.008255479857325554
275,0.29848432540893555,0.9913997650146484
276,0.06352485716342926,0.040463048964738846
283,0.8306624889373779,0.9860213398933411
288,0.11332760006189346,0.01918051391839981
289,0.12694427371025085,0.9502312541007996
291,0.003837286727502942,0.9722924828529358
292,0.31142184138298035,0.05357946455478668
293,0.6987974643707275,0.990204930305481
294,0.018257005140185356,0.9843283891677856
295,0.008137515746057034,0.22182442247867584
296,0.0404173880815506,0.20170432329177856
300,0.9881911277770996,0.989825963973999
301,0.3201650083065033,0.7684009075164795
302,0.9931961297988892,0.9936215281486511
304,0.13471955060958862,0.7648537755012512
305,0.022198159247636795,0.9151567816734314
306,0.8825812339782715,0.8514820337295532
310,0.8376593589782715,0.8277249932289124
312,0.6853741407394409,0.8720577955245972
313,0.11965478211641312,0.9066175222396851
317,0.08928553760051727,0.13810542225837708
318,0.987810492515564,0.6775030493736267
319,0.8982003927230835,0.8388633131980896
320,0.7377450466156006,0.17578692734241486
326,0.08570708334445953,0.782040536403656
327,0.7446283102035522,0.13443925976753235
328,0.0005286202649585903,0.0003392944345250726
330,0.05362989753484726,0.9667187333106995
332,0.43314337730407715,0.4414120018482208
333,0.5078321099281311,0.7390644550323486
334,0.8059500455856323,0.7770830392837524
335,0.5111177563667297,0.33372291922569275
340,0.02280295453965664,0.08191680908203125
342,0.8138542175292969,0.7473805546760559
346,0.06089870631694794,0.9625996947288513
348,0.9015073776245117,0.9359328746795654
350,0.001512470655143261,0.002303202636539936
351,0.049227677285671234,0.08702469617128372
352,0.22941987216472626,0.9903696179389954
354,0.9615527987480164,0.9398636221885681
356,0.25442418456077576,0.9803236722946167
360,0.659914493560791,0.9953977465629578
361,0.1846327930688858,0.5781771540641785
362,0.09741782397031784,0.09166011214256287
370,0.4202752411365509,0.11780188232660294
371,0.9140154719352722,0.9733277559280396
372,0.9946668148040771,0.02426312491297722
373,0.15295276045799255,0.26220086216926575
374,0.9875091910362244,0.8647615313529968
376,0.0060120839625597,0.916958749294281
377,0.7546148896217346,0.8943192362785339
380,0.19128426909446716,0.029212143272161484
381,0.02810478024184704,0.9840878844261169
386,0.9304364919662476,0.955444872379303
388,0.02679162472486496,0.1302914172410965
389,0.9533262848854065,0.8288154602050781
391,0.061003677546978,0.9909836053848267
392,0.0242320466786623,0.34761911630630493
396,0.0008105728775262833,0.0020931174512952566
399,0.329515665769577,0.4900285005569458
400,0.12208577990531921,0.1559409201145172
