n;g_comun;g_raro;comun;raro;sim;emp_comun;emp_raro;estrato;tramo;particion;origen;lote
1;7925;7924;ASISTENTE ATENCION AL CLIENTE;ASISTENTE ATENCION A USUARIOS;0.9501;19;6;banda;(0.95, 0.96];prueba;20;1
2;35110;43374;GERENTE DE VENTAS MARKETING Y RESERVACIONES;JEFE DE VENTAS MARKETING Y RESERVACIONES;0.9612;1;1;banda;(0.96, 0.97];prueba;20;1
3;9579;11401;ASISTENTE DE INDE;ASISTENTE JR INDE;0.9336;1;1;banda;(0.929, 0.94];prueba;20;1
4;43817;39443;JEFE MARKETING;JEFE COMERCIAL & MARKETING;0.9413;15;1;banda;(0.94, 0.95];prueba;20;1
5;9199;10004;ASISTENTE DE DIGITACION;ASISTENTE DE OPERACIONES DIGITADOR;0.9507;6;1;banda;(0.95, 0.96];prueba;20;1
6;3649;3653;ANALISTA DE PRODUCTO;ANALISTA DE PRODUCTO TERMINADO;0.9415;19;1;banda;(0.94, 0.95];prueba;20;1
7;49690;51298;OPERARIO FABRICANTE;OPERARIO MANUFACTURA;0.9559;4;2;banda;(0.95, 0.96];prueba;20;1
8;53088;53089;PROFESOR CON TITULO DE TERCER NIVEL;PROFESOR CON TITULO DE TERCER NIVEL / BASICO;0.9475;2;2;banda;(0.94, 0.95];prueba;20;1
9;64927;64948;VICERRECTOR ADMINISTRATIVO;VICERRECTORADO ADMINISTRATIVO;0.9558;5;1;banda;(0.95, 0.96];prueba;20;1
10;43063;22677;JEFE DE TALLER COLISIONES;COORDINADOR TALLER COLISIONES;0.9348;3;2;banda;(0.929, 0.94];prueba;20;1
11;57683;57689;SUBGERENTE NACIONAL;SUBGERENTE NACIONAL DE SERVICIO;0.9398;1;1;banda;(0.929, 0.94];prueba;20;1
12;8531;14320;ASISTENTE DE ATENCION AL PACIENTE;AUXILIAR DE SERVICIOS AL PACIENTE;0.9441;1;1;banda;(0.94, 0.95];prueba;20;1
13;10046;11565;ASISTENTE DE OPERACIONES-DOCUMENTACION;ASISTENTE OPERACIONES DOCUMENTAL;0.9616;2;1;banda;(0.96, 0.97];prueba;20;1
14;22791;23788;COORDINADOR DE VENTAS - B;COORDINADOR SUPERVISOR VENTAS P BB;0.9051;1;1;bajo;;prueba;20;1
15;10468;8844;ASISTENTE DE SECRETARIA GENERAL;ASISTENTE DE COBRANZAS Y SECRETARIA DE GERENCIA GENERAL;0.9056;8;1;bajo;;prueba;20;1
16;41419;41420;JEFE DE LA UNIDAD DE TECNOLOGIA DE LA INFORMACION;JEFE DE LA UNIDAD DE TECNOLOGIA Y COMUNICACION;0.9383;1;1;banda;(0.929, 0.94];prueba;20;1
17;51560;52370;OPTIMIZATION & PLANNING LEAD ANALYST;PLANNING LEAD ANALYST;0.9402;1;1;banda;(0.94, 0.95];prueba;20;1
18;17549;17573;CAPITAN DE SERVICIO;CAPITAN SERVICIO;0.9526;18;1;banda;(0.95, 0.96];prueba;20;1
19;52672;64839;PRESIDENTA EJECUTIVA;VICEPRESIDENTA EJECUTIVA;0.9482;49;22;banda;(0.94, 0.95];prueba;20;1
20;17748;17754;CHEF DE COCINA (ESTABLECIMIENTOS CATEGORIA PRIMERA;CHEF DE PARTIDA EN COCINA (ESTABLECIMIENTOS CATEGORIA PRIMERA;0.9623;6;6;banda;(0.96, 0.97];prueba;20;1
21;33678;33484;GERENTE CUENTAS ESTRATEGICAS;GERENTE COMERCIAL DE CUENTAS ESTRATEGICAS;0.936;2;1;banda;(0.929, 0.94];prueba;20;1
22;32352;62415;ESPECIALISTA TECNICO EN CABLEADO ESTRUCTURADO;TECNICO EN CABLEADO ESTRUCTURADO;0.9633;1;1;banda;(0.96, 0.97];prueba;20;1
23;47884;47914;MONITOR DE CALIDAD;MONITOR(A) DE CALIDAD;0.9604;8;7;banda;(0.96, 0.97];prueba;20;1
24;19027;52492;CONSERJE/PORTERO;PORTERO Y/O CONSERJE;0.9499;28;2;banda;(0.94, 0.95];prueba;20;1
25;7037;6889;ASIST. LOGISTICA;ASIST LOGISTICA;0.946;3;1;banda;(0.94, 0.95];prueba;20;1
26;64903;64904;VICEPRESIDENTE INDUSTRIAL;VICEPRESIDENTE INDUSTRIAL Y COMERCIAL;0.9243;1;1;bajo;;prueba;20;1
27;18616;18620;COLECTORA;COLECTORA GENERAL;0.9352;73;1;banda;(0.929, 0.94];prueba;20;1
28;1825;4861;ANALISTA BIENESTAR SOCIAL;ANALISTA SENIOR BIENESTAR SOCIAL;0.9429;3;1;banda;(0.94, 0.95];prueba;20;1
29;7915;13236;ASISTENTE ASEGURAMIENTO DE CALIDAD;AUXILIAR ASEGURAMIENTO DE CALIDAD;0.9632;17;5;banda;(0.96, 0.97];prueba;20;1
30;49955;49972;OPERADOR DE MONTACARGA;OPERADOR DE MONTACARGA PRODUCCION;0.952;64;2;banda;(0.95, 0.96];prueba;20;1
31;55510;55515;SALES REPRESENTATIVE;SALES REPRESENTATIVE I;0.9605;10;2;banda;(0.96, 0.97];prueba;20;1
32;59002;60138;SUPERVISOR DE LABORATORIO QUIMICO;SUPERVISOR LABORATORIO;0.9018;2;2;bajo;;prueba;20;1
33;20774;20908;COORDINADOR DE ASUGUARMIENTO DE CALIDAD;COORDINADOR DE CALIDAD/ 质量协调员;0.9011;1;1;bajo;;prueba;20;1
34;61134;63336;T.G GUARDIA CAMARONERA;TG GUARDIA CAMARONERA;0.9402;3;1;banda;(0.94, 0.95];prueba;20;1
35;34882;34772;GERENTE DE SERVICIO TECNICO Y PROYECTOS;GERENTE DE PROYECTOS Y SERVICIOS;0.9605;4;2;banda;(0.96, 0.97];prueba;20;1
36;7213;7938;ASISTENTE / ADMINISTRATIVO;ASISTENTE AUXILIAR ADMINISTRATIVA;0.9526;420;13;banda;(0.95, 0.96];prueba;20;1
37;39526;44235;JEFE COMERCIAL REGIONAL EMPRESARIAL;JEFE REGIONAL COMERCIO EXTERIOR;0.9073;4;1;bajo;;prueba;20;1
38;20293;58088;COORDINADOR ADMINISTRATIVO COMERCIAL;SUPERVISOR ADMINISTRATIVO COMERCIAL;0.9321;4;2;banda;(0.929, 0.94];prueba;20;1
39;9574;8170;ASISTENTE DE IMPUESTOS;ASISTENTE CONSULTORIA DE IMPUESTOS;0.9574;25;2;banda;(0.95, 0.96];prueba;20;1
40;42632;41946;JEFE DE RETAIL;JEFE DE OPERACIONES RETAIL;0.9605;6;2;banda;(0.96, 0.97];prueba;20;1
41;10565;10822;ASISTENTE DE SERVICIO AL CLIENTE MACHALA;ASISTENTE DE TIENDA MACHALA;0.9365;1;1;banda;(0.929, 0.94];prueba;20;1
42;31855;31397;ESPECIALISTA EN GESTION DEL TALENTO;ESPECIALISTA DE GESTION DE TALENTOS;0.933;2;1;banda;(0.929, 0.94];prueba;20;1
43;22711;23881;COORDINADOR DE TICS;COORDINADOR TICS;0.9513;4;1;banda;(0.95, 0.96];prueba;20;1
44;54986;54987;RESPONSABLE DE GESTION DOCUMENTAL;RESPONSABLE DE GESTION DOCUMENTAL Y ARCHIVO;0.9324;1;1;banda;(0.929, 0.94];prueba;20;1
45;10679;4021;ASISTENTE DE SOPORTE IT;ANALISTA DE SOPORTE IT;0.9339;2;1;banda;(0.929, 0.94];prueba;20;1
46;52959;52962;PROF/TITULO III NIVEL BASICO;PROF/TITULO IV NIVEL BASICO;0.942;1;1;banda;(0.94, 0.95];prueba;20;1
47;50387;50385;OPERADOR ESPECIALIZADO;OPERADOR ESPECIAL;0.946;3;1;banda;(0.94, 0.95];prueba;20;1
48;10926;10927;ASISTENTE DE VENTAS INTERNACIONALES;ASISTENTE DE VENTAS INTERNACIONALES EXPORT;0.9513;1;1;banda;(0.95, 0.96];prueba;20;1
49;42756;59643;JEFE DE SEGURIDAD INDUSTRIAL Y AMBIENTE;SUPERVISOR DE SEGURIDAD INDUSTRIAL Y AMBIENTE;0.9515;14;6;banda;(0.95, 0.96];prueba;20;1
50;21751;41502;COORDINADOR DE LOGISTICA DE GRANELES;JEFE DE LOGISTICA DE GRANELES;0.9644;1;1;banda;(0.96, 0.97];prueba;20;1
51;9574;9578;ASISTENTE DE IMPUESTOS;ASISTENTE DE IMPUESTOS Y CONTABILIDAD;0.9572;25;1;banda;(0.95, 0.96];prueba;20;2
52;61960;62461;TECNICO DE MANTENIMIENTO / MECANICO;TECNICO EN MANTENIMIENTO INDUSTRIAL;0.931;5;1;banda;(0.929, 0.94];prueba;20;2
53;27899;27900;DISENADOR 1;DISENADOR 2;0.9349;1;1;banda;(0.929, 0.94];prueba;20;2
54;3145;3148;ANALISTA DE INTELIGENCIA DE NEGO;ANALISTA DE INTELIGENCIA DE NEGOCIOS (NACIONAL);0.9413;26;1;banda;(0.94, 0.95];prueba;20;2
55;57814;57829;SUP. DE MTMTO;SUP.DE MTMTO.;0.9304;1;1;banda;(0.929, 0.94];prueba;20;2
56;17582;17585;CAPUCHON;CAPUCHON 3;0.9071;1;1;bajo;;prueba;20;2
57;41720;43840;JEFE DE MEDICINA OCUPACIONAL;JEFE MEDICO OCUPACIONAL;0.937;1;1;banda;(0.929, 0.94];prueba;20;2
58;40575;58682;JEFE DE CONTROL DE PROYECTO;SUPERVISOR DE CONTROL DE PROYECTO;0.9539;1;1;banda;(0.95, 0.96];prueba;20;2
59;29269;30042;EJECUTIVO DE REASEGUROS;EJECUTIVO REASEGUROS;0.9726;4;1;alto;;prueba;20;2
60;58828;58829;SUPERVISOR DE ESTACION;SUPERVISOR DE ESTACION DE SERVICIO;0.9566;3;2;banda;(0.95, 0.96];prueba;20;2
61;7309;7332;ASISTENTE 1-ASIS. CONT.;ASISTENTE 2-ASIS. CONT.;0.9454;2;1;banda;(0.94, 0.95];prueba;20;2
62;34882;36103;GERENTE TECNICO Y DE PROYECTOS;GESTOR ADMINISTRATIVO Y DE PROYECTOS;0.9066;4;1;bajo;;prueba;20;2
63;39460;44235;JEFE COMERCIO EXTERIOR;JEFE REGIONAL COMERCIO EXTERIOR;0.9654;39;1;banda;(0.96, 0.97];prueba;20;2
64;59036;58782;SUPERVISOR DE LOGISTICA;SUPERVISOR DE DISTRIBUCION LOGISTICA;0.9523;73;3;banda;(0.95, 0.96];prueba;20;2
65;9473;11103;ASISTENTE DE GERENTE GENERAL;ASISTENTE EJECUTIVA DE GERENCIA GENERAL;0.9632;3;2;banda;(0.96, 0.97];prueba;20;2
66;21955;43958;COORDINADOR DE NOC;JEFE NACIONAL DE OPERACIONES NOC;0.9012;2;1;bajo;;prueba;20;2
67;53251;53479;PROFESOR TITULAR AGREGADO 2;PROFESOSR TITULAR AGREGADO 2;0.9485;3;1;banda;(0.94, 0.95];prueba;20;2
68;29082;29647;EJECUTIVO DE COBRANZAS OPERACIONES;EJECUTIVO DE GESTION DE COBRANZAS;0.9454;2;1;banda;(0.94, 0.95];prueba;20;2
69;63591;63777;TRABAJADOR DE PRODUCCION PROPIO DEL SECTOR;TRABAJADORES DE PRODUCCION PROPIOS DEL SECTOR;0.9115;10;1;bajo;;prueba;20;2
70;7464;11154;ASISTENTE ADMINISTRATIVO DE COBRANZAS;ASISTENTE ESTADISTICO DE COBRANZAS;0.9166;4;1;bajo;;prueba;20;2
71;48294;48320;OBRERO DE MANTENIMIENTO;OBRERO DE PATIO DE MANTENIMIENTO;0.925;5;1;bajo;;prueba;20;2
72;44677;44688;JEFE(A) DE BANQUETES;JEFE(A) DE PARTIDA DE BANQUETES;0.9388;1;1;banda;(0.929, 0.94];prueba;20;2
73;33730;20693;GERENTE DE ALIANZAS;COORDINADOR DE ALIANZAS;0.9137;2;1;bajo;;prueba;20;2
74;30436;30463;EMPLEADA DE MOSTRADOR;EMPLEADOS DE MOSTRADOR;0.944;4;3;banda;(0.94, 0.95];prueba;20;2
75;61484;16004;AYUDANTE DE TECNICO;AYUDANTE DE TECNOLOGO;0.939;21;1;banda;(0.929, 0.94];prueba;20;2
76;55666;55718;SECRETARIA (O) RECEPCIONISTA;SECRETARIA BASICA RECEPCIONISTA;0.9477;45;18;banda;(0.94, 0.95];prueba;20;2
77;11149;13775;ASISTENTE ENFERMERIA-U.QUIRURGICA;AUXILIAR DE ENFERMERIA UNIDAD QUIRURGICA;0.9392;1;1;banda;(0.929, 0.94];prueba;20;2
78;62018;62573;TECNICO DE MATERIALES;TECNICO ESPECIALISTA MATERIALES;0.9642;1;1;banda;(0.96, 0.97];prueba;20;2
79;17868;18218;CHOFER ADMINISTRATIVO;CHOFER-ADMINISTRATIVO;0.9667;5;2;banda;(0.96, 0.97];prueba;20;2
80;10921;43344;ASISTENTE DE VENTAS DE REPUESTOS Y ACCESORIOS;JEFE DE VENTAS DE REPUESTOS Y ACCESORIOS;0.9415;1;1;banda;(0.94, 0.95];prueba;20;2
81;31011;31336;ESPECIALISTA ADMINISTRACION, FINANZAS Y CONTROL;ESPECIALISTA DE DIRECCION ADMINISTRATIVA Y FINANCIERA;0.9482;1;1;banda;(0.94, 0.95];prueba;20;2
82;61487;62626;TECNICO 1;TECNICO I;0.9648;10;3;banda;(0.96, 0.97];prueba;20;2
83;49425;49424;OPERADOR DE BOMBAS DE RIEGO, DRENAJE Y BANDEADORES DE LINEA;OPERADOR DE BOMBAS DE RIEGO;0.9362;5;2;banda;(0.929, 0.94];prueba;20;2
84;62268;62267;TECNICO DE SOPORTE JUNIOR;TECNICO DE SOPORTE JR;0.9553;3;1;banda;(0.95, 0.96];prueba;20;2
85;27760;27761;DIRECTORA DEL INSTITUTO PARA EL DESARROLLO DE LA CULTURA Y LA SOCIEDAD (IDECS) Y CORE CURRICULO;DIRECTORA DEL INSTITUTO PARA EL DESARROLLO DE LA CULTURA Y LA SOCIEDAD, CORE CURRICULO DE ESTUDIANTES Y PROFESORES;0.9375;1;1;banda;(0.929, 0.94];prueba;20;2
86;59652;42771;SUPERVISOR DE SEGURIDAD PATRIMONIAL;JEFE DE SEGURIDAD PATRIMONIAL;0.9412;2;1;banda;(0.94, 0.95];prueba;20;2
87;4135;4136;ANALISTA DE TIEMPOS;ANALISTA DE TIEMPOS Y MOVIMIENTOS;0.9331;1;1;banda;(0.929, 0.94];prueba;20;2
88;20237;20218;COORDINADOR 3;COORDINADOR 1;0.9012;2;1;bajo;;prueba;20;2
89;8510;11894;ASISTENTE DE ASESOR COMERCIAL;ASISTENTE SERVICIOS COMERCIALES;0.9105;1;1;bajo;;prueba;20;2
90;14758;14100;AUXILIAR OPERADOR;AUXILIAR DE OPERADOR;0.9494;4;3;banda;(0.94, 0.95];prueba;20;2
91;29326;30211;EJECUTIVO CALL CENTER;EJECUTIVOS CALL CENTER;0.9665;6;1;banda;(0.96, 0.97];prueba;20;2
92;45289;45312;LICENCIADO (A) EN IMAGENES CON ESPECIALIDAD 1;LICENCIADO(A) EN IMAGENES CON ESPECIALIDAD 1 - CON;0.9687;3;1;banda;(0.96, 0.97];prueba;20;2
93;8156;9885;ASISTENTE COMPRAS E IMPORTACION;ASISTENTE DE MERCADEO E IMPORTACION;0.9571;21;2;banda;(0.95, 0.96];prueba;20;2
94;42898;44024;JEFE DE SIG;JEFE NACIONAL SIG;0.9366;2;1;banda;(0.929, 0.94];prueba;20;2
95;27132;27137;DIRECTOR DE SERVICIOS;DIRECTOR DE SERVICIOS Y BENFICIOS;0.9369;3;1;banda;(0.929, 0.94];prueba;20;2
96;33563;39548;GERENTE COMERCIAL Y DE FIDELIZACION;JEFE COMERCIAL Y DE FIDELIZACION;0.951;1;1;banda;(0.95, 0.96];prueba;20;2
97;23141;23615;COORDINADOR JUNIOR DE COMERCIO Y LOGISTICA;COORDINADOR SEMISENIOR DE COMERCIO & LOGISTICA;0.9404;1;1;banda;(0.94, 0.95];prueba;20;2
98;7482;9473;ASISTENTE ADMINISTRATIVA DE LA DIRECCION EJECUTIVA;ASISTENTE DE GERENTE GENERAL;0.9005;5;3;bajo;;prueba;20;2
99;49457;49458;OPERADOR DE CAMION ARTICULADO;OPERADOR DE CAMION ARTICULADO, CON VOLTEO;0.9486;1;1;banda;(0.94, 0.95];prueba;20;2
100;5137;3667;ANALISTA TECNICO DE PROMOCIONES SR;ANALISTA TECNICO DE PROMOCIONES JR;0.9428;1;1;banda;(0.94, 0.95];prueba;20;2
101;14844;14846;AUXILIAR RECEPCION MERCADERIA;AUXILIAR RECP. DE MERCADERIA;0.9358;1;1;banda;(0.929, 0.94];prueba;20;3
102;8595;7979;ASISTENTE DE BIENESTAR;ASISTENTE BIENESTAR;0.9644;2;1;banda;(0.96, 0.97];prueba;20;3
103;25670;25672;CUADRILLERO;CUADRILLEROS;0.939;2;1;banda;(0.929, 0.94];prueba;20;3
104;10725;59371;SUPERVISOR DE PLANTA;SUPERVISOR DE PLANTA EXTERNA;0.952;52;1;banda;(0.95, 0.96];prueba;20;3
105;63940;23904;TRAINEE DE OPERACIONES;COORDINADOR TRAINEE DE OPERACIONES;0.9405;2;1;banda;(0.94, 0.95];prueba;20;3
106;32686;32700;FACTURADOR (A);FACTURADOR(A) 1;0.9575;10;1;banda;(0.95, 0.96];prueba;20;3
107;3108;3103;ANALISTA DE INFRAESTRUCTURA Y SOPORTE;ANALISTA DE INFRASTRUCTURA Y MANTENIMIENTO;0.9473;6;4;banda;(0.94, 0.95];prueba;20;3
108;9564;9567;ASISTENTE DE IMPORTACIONES E INVENTARIOS;ASISTENTE DE IMPORTACIONES Y DEMANDA;0.9509;3;1;banda;(0.95, 0.96];prueba;20;3
109;55693;55826;SECRETARIA ACADEMICA;SECRETARIA DEL ACADEMICA;0.96;17;1;banda;(0.95, 0.96];prueba;20;3
110;16883;16730;BODEGUERO-DIGITADOR;BODEGUERO - DIGITADOR;0.951;2;2;banda;(0.95, 0.96];prueba;20;3
111;18829;18823;COMPRADOR REGIONAL;COMPRADOR LOCAL;0.9316;2;1;banda;(0.929, 0.94];prueba;20;3
112;7517;9473;ASISTENTE ADMINISTRATIVA GERENCIA;ASISTENTE DE GERENTE GENERAL;0.9456;16;3;banda;(0.94, 0.95];prueba;20;3
113;25829;25833;CUSTOMER SERVICE REPRESENTATIVE;CUSTOMER SERVICE REPRESENTATIVE II;0.9418;6;1;banda;(0.94, 0.95];prueba;20;3
114;15951;16354;AYUDANTE SERVICIOS VARIOS;AYUDANTE SERVICIOS G;0.9039;11;1;bajo;;prueba;20;3
115;37775;38223;INGENIERO DE NETWORKING;INGENIERO SENIOR DE NETWORKING;0.9326;2;1;banda;(0.929, 0.94];prueba;20;3
116;15937;15936;AYUDANTE DE SECADO;AYUDANTE DE SECADEROS;0.9396;2;1;banda;(0.929, 0.94];prueba;20;3
117;5792;6730;ASESORA DE VENTAS;ASESORA VENDEDORA;0.9052;41;1;bajo;;prueba;20;3
118;64598;64635;VENDEDOR SANTO DOMINGO;VENDEDOR STO DOMINGO;0.9316;1;1;banda;(0.929, 0.94];prueba;20;3
119;20550;23141;COORDINADOR COMERCIAL Y LOGISTICA;COORDINADOR JUNIOR DE COMERCIO Y LOGISTICA;0.9428;4;1;banda;(0.94, 0.95];prueba;20;3
120;44964;44981;KEY ACCOUNT MANAGER SIERRA;KEY ACCOUNT MANAGER ESPECIALES SIERRA;0.943;2;1;banda;(0.94, 0.95];prueba;20;3
121;55676;55891;SECRETARIA RECTORADO;SECRETARIA RECTORADO GENERAL;0.968;3;1;banda;(0.96, 0.97];prueba;20;3
122;10531;14280;ASISTENTE DE SEGUROS;AUXILIAR DE SEGUROS;0.9488;9;2;banda;(0.94, 0.95];prueba;20;3
123;22110;42053;COORDINADOR DE PLANIFICACION Y COMEX;JEFE DE PLANEACION DE LA DEMANDA Y COMEX;0.9285;1;1;bajo;;prueba;20;3
124;58933;60328;SUPERVISOR DE HORMIGON;SUPERVISOR PLANTA DE HORMIGON;0.9361;1;1;banda;(0.929, 0.94];prueba;20;3
125;31254;32144;ESPECIALISTA DE CONTENIDO;ESPECIALISTA MARKETING CONTENIDOS;0.9287;2;1;bajo;;prueba;20;3
126;40295;40296;JEFE DE CATEGORIA;JEFE DE CATEGORIA (R);0.9681;14;2;banda;(0.96, 0.97];prueba;20;3
127;28193;28196;DOCENTE CULTURA FISICA;DOCENTE CULTURA FISICA SUPERIOR;0.9401;3;1;banda;(0.94, 0.95];prueba;20;3
128;41616;40567;JEFE DE MANTENIMIENTO Y CONSTRUCCION;JEFE DE INFRAESTRUCTURA Y MANTENIMIENTO;0.9397;5;4;banda;(0.929, 0.94];prueba;20;3
129;19211;19213;CONSULTOR FUNCIONAL;CONSULTOR FUNCIONAL FI;0.9514;4;1;banda;(0.95, 0.96];prueba;20;3
130;47884;47876;MONITOR DE CALIDAD;MONITOR - AGENTE DE CALIDAD;0.9603;8;2;banda;(0.96, 0.97];prueba;20;3
131;32632;32636;FACILITADOR ESPECIALISTA;FACILITADOR TECNICO;0.9095;1;1;bajo;;prueba;20;3
132;41029;44255;JEFE DE FACTURACION Y COBROS;JEFE REGIONAL DE FACTURACION Y COBRANZAS;0.9312;8;1;banda;(0.929, 0.94];prueba;20;3
133;2530;1845;ANALISTA CONTROL DE CALIDAD MICROBIOLOGICO;ANALISTA CALIDAD MICROBIOLOGIA;0.9675;4;2;banda;(0.96, 0.97];prueba;20;3
134;3310;4087;ANALISTA DE MEDIOS DE PAGO;ANALISTA DE TARJETAS Y MEDIOS DE PAGO;0.9558;4;1;banda;(0.95, 0.96];prueba;20;3
135;34838;35741;GERENTE DE SEGMENTO CORPORATIVO;GERENTE SEGMENTO EMPRESARIAL;0.9416;1;1;banda;(0.94, 0.95];prueba;20;3
136;59487;59488;SUPERVISOR DE PRODUCTO TERMINADO;SUPERVISOR DE PRODUCTO TERMINADO E INVENTARIOS;0.9582;3;1;banda;(0.95, 0.96];prueba;20;3
137;18287;18149;CHOFER: PLATAFORMAS;CHOFER PLATAFORMA;0.9583;6;4;banda;(0.95, 0.96];prueba;20;3
138;50004;50005;OPERADOR DE OSMOSIS;OPERADOR DE OSMOSIS INVERSA;0.9335;2;1;banda;(0.929, 0.94];prueba;20;3
139;17854;18293;CHOFER VOLQUETA;CHOFER: VOLQUETA;0.9601;7;3;banda;(0.96, 0.97];prueba;20;3
140;35779;35787;GERENTE SENIOR DE NEGOCIOS;GERENTE SENIOR DE RELACIONES DE NEGOCIOS;0.9641;2;1;banda;(0.96, 0.97];prueba;20;3
141;51184;51313;OPERARIO MONTACARGA;OPERARIO MONTAGARGA;0.9598;3;1;banda;(0.95, 0.96];prueba;20;3
142;2076;4303;ANALISTA DE FINANZAS Y ADMINISTRACION;ANALISTA FINANCIERA ADMINISTRATIVA Y ASISTENCIA A GERENCIA Y PRESIDENCIA;0.9083;2;1;bajo;;prueba;20;3
143;36280;36417;GESTOR DE MATRICULA;GESTOR MATRICULAS;0.9484;6;3;banda;(0.94, 0.95];prueba;20;3
144;12090;8164;ASISTENTE TECNOLOGIA DE LA INFORMACION Y COMUNICACION;ASISTENTE COMUNICACION E INFORMACION;0.9357;2;1;banda;(0.929, 0.94];prueba;20;3
145;3050;4416;ANALISTA IMPORTACIONES;ANALISTA INBOUND IMPORTACIONES;0.965;66;1;banda;(0.96, 0.97];prueba;20;3
146;13998;14014;AUXILIAR DE MANTENIMIENTO;AUXILIAR DE MANTENIMIENTO GENERAL;0.9641;216;5;banda;(0.96, 0.97];prueba;20;3
147;32096;4400;ESPECIALISTA HIDROSANITARIO;ANALISTA HIDROSANITARIO;0.9234;2;1;bajo;;prueba;20;3
148;54872;54874;RESPONSABLE DE ACTIVOS FIJOS;RESPONSABLE DE ACTIVOS FIJOS Y CONTROL DE BIENES;0.9524;2;1;banda;(0.95, 0.96];prueba;20;3
149;22336;22339;COORDINADOR DE RECEPCION;COORDINADOR DE RECEPCION Y DESPACHO;0.9583;7;1;banda;(0.95, 0.96];prueba;20;3
150;7420;7587;ASISTEBTE ADMINISTRATIVO;ASISTENTE ADMINISTRATIVO (AA);0.9601;1731;1;banda;(0.96, 0.97];prueba;20;3
151;3869;3356;ANALISTA DE SEGURIDAD FISICA;ANALISTA DE MONITOREO DE SEGURIDAD FISICA;0.962;5;2;banda;(0.96, 0.97];prueba;20;4
152;61766;61841;TECNICO DE CONSTRUCCION DE FIBRA;TECNICO DE FIBRA;0.9403;1;1;banda;(0.94, 0.95];prueba;20;4
153;42038;44094;JEFE DE PERSONAS Y ORGANIZACION;JEFE ORGANIZACION Y PROCESOS;0.943;1;1;banda;(0.94, 0.95];prueba;20;4
154;33464;33495;GERENTE COMERCIAL AGRI;GERENTE COMERCIAL DIVISION AGRICOLA;0.9491;1;1;banda;(0.94, 0.95];prueba;20;4
155;56706;56708;SOLUTIONS SPECIFIC KNOWLEDGE ANALYST N2/3;SOLUTIONS SPECIFIC KNOWLEDGE LEADER N2/3;0.9252;1;1;bajo;;prueba;20;4
156;11626;10058;ASISTENTE DE OPERATIVO;ASISTENTE OPERATIVO DE SERVICIOS;0.9485;83;2;banda;(0.94, 0.95];prueba;20;4
157;9574;9575;ASISTENTE IMPUESTOS;ASISTENTE DE IMPUESTOS G;0.9366;25;1;banda;(0.929, 0.94];prueba;20;4
158;20550;21011;COORDINADOR COMERCIAL Y LOGISTICA;COORDINADOR DE COMEX VENTAS NACIONALES Y LOGISTICA;0.9402;4;1;banda;(0.94, 0.95];prueba;20;4
159;31183;31878;ESPECIALISTA DE BUSINESS ANALYTICS;ESPECIALISTA EN BUSINESS ANALYTICS & BIG DATA;0.9455;1;1;banda;(0.94, 0.95];prueba;20;4
160;53423;53203;PROFESORA TIEMPO COMPLETO FAC. POSTGRADO MAESTRIAS;PROFESORA TIEMPO COMPLETO - FAC. POSTGRADO;0.9361;1;1;banda;(0.929, 0.94];prueba;20;4
161;22364;23856;COORDINADOR DE REEFER;COORDINADOR TECNICO REEFER;0.949;2;1;banda;(0.94, 0.95];prueba;20;4
162;53323;53111;PROFESOR DE EDUCACION FISICA;PROFESOR DE EDUCACION FISICA DEL NIVEL EGB ELEMENTAL Y MEDIA;0.9617;3;1;banda;(0.96, 0.97];prueba;20;4
163;29270;29971;EJECUTIVO ADMINISTRATIVO FINANCIERO;EJECUTIVO FINACIERO;0.9309;3;1;banda;(0.929, 0.94];prueba;20;4
164;59203;59204;SUPERVISOR DE MUELLE;SUPERVISOR DE MUELLES;0.9103;1;1;bajo;;prueba;20;4
165;52672;29149;PRESIDENCIA EJECUTIVA;EJECUTIVA DE PRESIDENCIA;0.9587;49;1;banda;(0.95, 0.96];prueba;20;4
166;49757;50505;OPERADOR DE INSTALACION Y MANTENIMIENTO DE TECNOLOGIA LED;OPERADOR JUNIOR DE INSTALACION Y MANTENIMIENTO DE TECNOLOGIA LED;0.954;1;1;banda;(0.95, 0.96];prueba;20;4
167;8459;11709;ASISTENTE DE ALGAS;ASISTENTE PRODUCCION DE ALGAS;0.9592;1;1;banda;(0.95, 0.96];prueba;20;4
168;7925;13239;ASISTENTE ATENCION CLIENTES;AUXILIAR ATENCION AL CLIENTE;0.9612;19;4;banda;(0.96, 0.97];prueba;20;4
169;56985;57046;SR. GEOLOGIST;SSR. GEOLOGIST;0.9466;1;1;banda;(0.94, 0.95];prueba;20;4
170;37358;37360;INFLUENCER ASSISTENT;INFLUENCER OPERATIONS ASSISTANT;0.9332;1;1;banda;(0.929, 0.94];prueba;20;4
171;63598;63554;TRABAJADOR DEL AGRO;TRABAJADOR AGRO;0.9694;38;1;banda;(0.96, 0.97];prueba;20;4
172;6073;6095;ASESOR DE MICROFINANZAS;ASESOR DE NEGOCIOS MICROFINANZAS;0.9661;1;1;banda;(0.96, 0.97];prueba;20;4
173;31012;31129;ESPECIALISTA ADMINISTRATIVA;ESPECIALISTA DE ADMINISTRACION DE;0.9357;4;1;banda;(0.929, 0.94];prueba;20;4
174;26122;26131;DESARROLLADOR DE NEGOCIOS;DESARROLLADOR DE NUEVOS NEGOCIOS;0.9513;15;1;banda;(0.95, 0.96];prueba;20;4
175;12888;13140;AUX. ADMINISTR.;AUXILIAR ADMINISTR;0.9339;1;1;banda;(0.929, 0.94];prueba;20;4
176;4702;11677;ANALISTA PLANIFICADOR RIESGOS OPERACIONALES Y MEDIO AMBIENTE;ASISTENTE PLANIFICADOR RIESGOS OPERACIONALES Y MEDIO AMBIENTE;0.9732;1;1;alto;;prueba;20;4
177;64870;64886;VICEPRESIDENTE DE FINANZAS Y TALENTO HUMANO;VICEPRESIDENTE DE TALENTO HUMANO;0.9016;1;1;bajo;;prueba;20;4
178;32374;32393;ESPECIALISTA UW QUALITY & ASSURANCE;ESPECILISTA UW QUALITY & ASSURANCE;0.9336;1;1;banda;(0.929, 0.94];prueba;20;4
179;26641;27447;DIRECTOR CREATIVO GENERAL;DIRECTOR(A) CREATIVO/A GENERAL;0.9676;9;1;banda;(0.96, 0.97];prueba;20;4
180;58940;60080;SUPERVISOR DE HSE Y RELACIONES COMUNITARIAS;SUPERVISOR HSE Y SERVICIOS AL PERSONAL;0.9299;1;1;bajo;;prueba;20;4
181;45295;45299;LICENCIADO DE RADIOLOGIA - IMAGENES;LICENCIADO EN IMAGEN - RADIOLOGIA;0.9382;1;1;banda;(0.929, 0.94];prueba;20;4
182;22020;41941;COORDINADOR DE OPERACIONES PLATANO;JEFE DE OPERACIONES PLATANO;0.9607;1;1;banda;(0.96, 0.97];prueba;20;4
183;58258;58259;SUPERVISOR CONTABILIDAD;SUPERVISOR CONTABILIDAD FISCAL;0.9639;21;1;banda;(0.96, 0.97];prueba;20;4
184;42910;42841;JEFE DE SISTEMA CONTRA INCENDIOS;JEFE DE SERVICIO DE SALVAMENTO Y EXTINCION DE INCENDIOS;0.9388;2;1;banda;(0.929, 0.94];prueba;20;4
185;6164;6165;ASESOR DE SERVICIO 1;ASESOR DE SERVICIO 2;0.9571;2;1;banda;(0.95, 0.96];prueba;20;4
186;39214;39134;JEFE ADMINISTRATIVO - FINANCIERO;JEFE ADM.FINANCIERO;0.9524;85;5;banda;(0.95, 0.96];prueba;20;4
187;34517;44051;GERENTE DE OPERACIONES GALAPAGOS;JEFE OPERACIONES GALAPAGOS;0.9681;1;1;banda;(0.96, 0.97];prueba;20;4
188;47070;62037;MECANICO DE MOLDES;TECNICO DE MOLDES;0.9548;2;1;banda;(0.95, 0.96];prueba;20;4
189;53199;53204;PROFESOR TIEMPO COMPLETO FAC. COMUNICACION;PROFESOR TIEMPO COMPLETO DE LA FACULTAD DE CIENCIAS DE LA COMUNICACION;0.9524;1;1;banda;(0.95, 0.96];prueba;20;4
190;53147;53149;PROFESOR DE TENIS 1;PROFESOR DE TENIS 3;0.9074;1;1;bajo;;prueba;20;4
191;11626;10067;ASISTENTE DE OPERATIVO;ASISTENTE DE OPERADORES;0.9516;83;1;banda;(0.95, 0.96];prueba;20;4
192;2776;3024;ANALISTA DE DESARROLLO HUMANO Y ORGANIZACIONAL;ANALISTA DE GESTION Y DESARROLLO HUMANO;0.9583;2;1;banda;(0.95, 0.96];prueba;20;4
193;42819;39204;JEFE DE SERVICIOS GENERAL;JEFE ADMINISTRATIVO SERVICIOS;0.9391;21;7;banda;(0.929, 0.94];prueba;20;4
194;59245;59409;SUPERVISOR DE OPERACIONES DE SUPERFICIE Y PRESA DE RELAVES;SUPERVISOR DE PRESA DE RELAVES Y GEOTECNIA;0.9392;1;1;banda;(0.929, 0.94];prueba;20;4
195;8030;7915;ASISTENTE CALIDAD;ASISTENTE ASEGURAMIENTO DE CALIDAD;0.9625;101;17;banda;(0.96, 0.97];prueba;20;4
196;58421;58426;SUPERVISOR DE AUDITORIA DE NEGOCIO;SUPERVISOR DE AUDITORIA Y CONTROL DE GESTION;0.9052;2;1;bajo;;prueba;20;4
197;30266;30233;ELECTRICISTA REBOBINADOR;ELECTRICISTA -REBOBINADOR;0.9565;2;1;banda;(0.95, 0.96];prueba;20;4
198;41242;41241;JEFE DE IMPLEMENTACION Y DESARROLLO;JEFE DE IMPLEMENTACION Y CONTROL;0.9462;2;1;banda;(0.94, 0.95];prueba;20;4
199;7203;11134;ASISTENTE / AUXILIAR / AYUDANTE TECNICO DE MANTENIMIENTO EN EL SECTOR SALUD;ASISTENTE EN MANTENIMIENTO Y REPARACION DE EQUIPOS MEDICOS;0.9079;3;1;bajo;;prueba;20;4
200;22774;23683;COORDINADOR DE TURNOS DE PRESA DE RELAVES Y TRATAMIENTO DE AGUAS;COORDINADOR SENIOR DE PRESA DE RELAVES Y TRATAMIENTO DE AGUAS;0.9465;1;1;banda;(0.94, 0.95];prueba;20;4
201;8489;7906;ASISTENTE DE ARCHIVO;ASISTENTE ARCHIVO;0.941;54;3;banda;(0.94, 0.95];prueba;20;5
202;9042;9665;ASISTENTE DE GESTI N DE RIESGO;ASISTENTE DE LA UNIDAD INTEGRAL DE RIESGOS;0.9085;2;1;bajo;;prueba;20;5
203;47823;47817;MIRADOR 2;MIRADOR #2;0.9632;3;1;banda;(0.96, 0.97];prueba;20;5
204;9026;58687;ASISTENTE DE CONTROL DE STOCK;SUPERVISOR DE CONTROL DE STOCKS;0.9214;2;2;bajo;;prueba;20;5
205;27145;27379;DIRECTOR DE SUSCRIPCION;DIRECTOR SUSCRIPCION;0.9636;2;1;banda;(0.96, 0.97];prueba;20;5
206;41489;43787;JEFE LOGISTICA;JEFE LOGISTICA EXTERNA;0.9542;193;1;banda;(0.95, 0.96];prueba;20;5
207;54640;54649;REPRESENTANTE DE VENTAS EXTERNA;REPRESENTANTE DE VENTAS INTERNA;0.9551;2;2;banda;(0.95, 0.96];prueba;20;5
208;61679;61565;TECNICO DE APLICACIONES;TECNICO APLICACIONES;0.9767;4;1;alto;;prueba;20;5
209;52756;52755;PROCESOS;PROCESO;0.9477;2;1;banda;(0.94, 0.95];prueba;20;5
210;53968;54034;QA SUPERVISOR;QUALITY SUPERVISOR;0.9258;4;1;bajo;;prueba;20;5
211;46557;46550;MAINTENANCE MANAGER;MAINTENANCE COORDINATOR;0.9324;2;1;banda;(0.929, 0.94];prueba;20;5
212;58726;58314;SUPERVISOR (A) DE CUENTAS;SUPERVISOR CUENTAS CONTABLES;0.9531;10;1;banda;(0.95, 0.96];prueba;20;5
213;60677;60701;SUPERVISOR/A DE CULTIVO DE FLOR DE VERANO;SUPERVISOR/A DE SURTIDO Y PREPARACION DE FLOR;0.901;2;1;bajo;;prueba;20;5
214;50752;51358;OPERADOR PULPER;OPERARIO PULPER;0.9358;1;1;banda;(0.929, 0.94];prueba;20;5
215;21936;41813;COORDINADOR DE NEGOCIOS DIGITALES;JEFE DE NEGOCIOS DIGITALES;0.9417;2;2;banda;(0.94, 0.95];prueba;20;5
216;26853;27575;DIRECTOR DE CARRERA DE ODONTOLOGIA;DIRECTORA CARRERA ODONTOLOGIA;0.949;1;1;banda;(0.94, 0.95];prueba;20;5
217;51775;51780;PASTELERO;PASTELERO III;0.9089;27;1;bajo;;prueba;20;5
218;37988;37989;INGENIERO DEVOPS JUNIOR;INGENIERO DEVOPS SENIOR;0.938;1;1;banda;(0.929, 0.94];prueba;20;5
219;43303;35078;JEFE DE VENTAS - BANANO;GERENTE DE VENTAS BANANO;0.9505;4;1;banda;(0.95, 0.96];prueba;20;5
220;19327;19329;CONTABILIDAD;CONTABILIDAD GENERAL;0.9136;22;1;bajo;;prueba;20;5
221;59762;60516;SUPERVISOR DE TAT;SUPERVISOR TAT;0.9301;1;1;banda;(0.929, 0.94];prueba;20;5
222;64980;65060;VISITADOR A MEDICOS;VISITADORES A MEDICOS;0.9618;10;3;banda;(0.96, 0.97];prueba;20;5
223;59342;45742;SUPERVISOR DE PLANIFICACION;LIDER DE PLANIFICACION;0.9043;3;1;bajo;;prueba;20;5
224;53229;53230;PROFESOR TIEMPO COMPLETO FAC. INGENIERIAS CON CARGA DE GESTION ACADEMICA COMO JEFE DE TRANSFORMACION DIGITAL;PROFESOR TIEMPO COMPLETO FAC. INGENIERIAS CON CARGA DE GESTION COMO JEFE DE TRASNFROMACION DIGITAL;0.9474;1;1;banda;(0.94, 0.95];prueba;20;5
225;53104;53085;PROFESOR DE COMPUTACION;PROFESOR COMPUTACION;0.9691;2;1;banda;(0.96, 0.97];prueba;20;5
226;15332;15192;AYUDANTDE DE BODEGA;AYUDANDE DE BODEGA;0.9432;300;5;banda;(0.94, 0.95];prueba;20;5
227;26047;26587;DEPARTAMENTO SISTEMAS;DIR. SISTEMAS;0.9403;1;1;banda;(0.94, 0.95];prueba;20;5
228;39265;54883;JEFE ALMACENAMIENTO Y DESPACHO;RESPONSABLE DE ALMACENAMIENTO Y DESPACHO;0.9308;1;1;banda;(0.929, 0.94];prueba;20;5
229;2933;4301;ANALISTA DE FINANCIERA;ANALISTA FINANCIERA A;0.9623;208;2;banda;(0.96, 0.97];prueba;20;5
230;10250;10252;ASISTENTE DE PRODUCTO;ASISTENTE DE PRODUCTO CORPORATIVO;0.9354;13;1;banda;(0.929, 0.94];prueba;20;5
231;11626;11248;ASISTENTE OPERATIVO GE;ASISTENTE GE;0.9341;83;1;banda;(0.929, 0.94];prueba;20;5
232;10058;11617;ASISTENTE OPERATIVO DE SERVICIOS;ASISTENTE OPERATIVO DE SERVICIOS 1;0.9608;2;1;banda;(0.96, 0.97];prueba;20;5
233;45305;45299;LICENCIADO EN RADIOLOGIA;LICENCIADO EN IMAGEN - RADIOLOGIA;0.9515;3;1;banda;(0.95, 0.96];prueba;20;5
234;4051;4053;ANALISTA DE SUPPLY;ANALISTA DE SUPPLY PLANNING I;0.9346;1;1;banda;(0.929, 0.94];prueba;20;5
235;52191;52330;PLANIFICADOR;PLANNER DE CATEGORIA;0.9009;31;1;bajo;;prueba;20;5
236;12668;12681;AUDITOR INTERNO ALTERNO;AUDITOR INTERNO LIDER;0.9131;1;1;bajo;;prueba;20;5
237;9216;13100;ASISTENTE DE DIRECCION TECNICA DE ADMINISTRACION E INVENTARIOS;AUXILIAR 2 DE DIRECCION TECNICA DE ADMINISTRACION E INVENTARIOS;0.9364;1;1;banda;(0.929, 0.94];prueba;20;5
238;18103;18105;CHOFER GERENCIA;CHOFER GERENCIAL;0.9429;6;1;banda;(0.94, 0.95];prueba;20;5
239;59691;58093;SUPERVISOR DE SERVICIOS GENERAL;SUPERVISOR ADMINITRATIVO Y SERVICIOS GENERALES;0.9591;21;1;banda;(0.95, 0.96];prueba;20;5
240;7638;7607;ASISTENTE ADMINISTRATIVO CAMPO;ASISTENTE ADMINISTRATIVO 1 - CAMPO;0.9685;5;2;banda;(0.96, 0.97];prueba;20;5
241;64865;64875;VICEPRESIDENTE DESARROLLO DE NEGOCIOS;VICEPRESIDENTE DE NEGOCIOS;0.9689;3;3;banda;(0.96, 0.97];prueba;20;5
242;40189;40190;JEFE DE CALL CENTER;JEFE DE CALL CENTER & TELEVENTAS;0.9587;5;2;banda;(0.95, 0.96];prueba;20;5
243;10172;15780;AUXILIAR DE PRENSA;AYUDANTE DE OPERADOR DE PRENSA;0.9401;8;1;banda;(0.94, 0.95];prueba;20;5
244;39168;38929;JEFE ADMINISTRATIVA Y DE RRHH;JEFA ADMINISTRATIVA Y RRHH;0.9671;7;1;banda;(0.96, 0.97];prueba;20;5
245;10465;13082;ASISTENTE DE SECRETARIA DE CAMPUS;AUXILIAR 1 DE SECRETARIA DE CAMPUS;0.9529;1;1;banda;(0.95, 0.96];prueba;20;5
246;7351;7587;ASISTENTE ADMISTRATIVO;ASISTENTE ADMINISTRATIVO (AA);0.9035;6;1;bajo;;prueba;20;5
247;35179;40817;GERENTE DESARROLLO Y MARCA;JEFE DE DESARROLLO Y MARCA;0.9537;1;1;banda;(0.95, 0.96];prueba;20;5
248;19761;19756;CONTROLLER DE VENTAS;CONTROLLER DE MATRICULACION DE VENTAS;0.9306;2;1;banda;(0.929, 0.94];prueba;20;5
249;58110;58113;SUPERVISOR ALMACEN;SUPERVISOR ALMACENES;0.9438;3;1;banda;(0.94, 0.95];prueba;20;5
250;47672;47652;MERCADERISTA VENDEDOR;MERCADERISTA DE VENTAS;0.9566;4;1;banda;(0.95, 0.96];prueba;20;5
251;8347;8349;ASISTENTE COORDINACION MARITIMA;ASISTENTE COORDINACION MARITIMO SENIOR;0.9374;1;1;banda;(0.929, 0.94];prueba;20;6
252;5994;6259;ASESOR DE CONTAC CENTER;ASESOR DEL CONTAC CENTER;0.9478;2;1;banda;(0.94, 0.95];prueba;20;6
253;1548;1552;ALBANIL C. PRODUC;ALBANIL CT. PRODUC;0.9448;1;1;banda;(0.94, 0.95];prueba;20;6
254;39345;40741;JEFE BASE DE DATOS;JEFE DE DATABASE;0.9448;3;1;banda;(0.94, 0.95];prueba;20;6
255;4820;4822;ANALISTA SAP;ANALISTA SAP BASIS;0.9505;4;1;banda;(0.95, 0.96];prueba;20;6
256;37660;37661;INGENIERO DE CERTIFICACION DE CALIDAD;INGENIERO DE CERTIFICACION DE CALIDAD JR;0.9449;1;1;banda;(0.94, 0.95];prueba;20;6
257;54932;54933;RESPONSABLE DE COMPRAS;RESPONSABLE DE COMPRAS PUBLICAS;0.9009;8;3;bajo;;prueba;20;6
258;39833;39834;JEFE DE AGENCIA QUITO;JEFE DE AGENCIA QUITO CENTRO;0.9625;4;1;banda;(0.96, 0.97];prueba;20;6
259;50644;51184;OPERADOR MONTACARGA;OPERARIO DE MONTACARGA;0.9541;24;3;banda;(0.95, 0.96];prueba;20;6
260;59059;83;SUPERVISOR DE MANTENIMIEN;13.1 SUPERVISOR DE MANTENIMIEN;0.9337;4;1;banda;(0.929, 0.94];prueba;20;6
261;57375;57139;SUBGERENTE CONTABLE;SUB-GERENTE CONTABLE;0.9347;2;2;banda;(0.929, 0.94];prueba;20;6
262;10124;14123;ASISTENTE DE PLANEACION;AUXILIAR DE PLANEACION;0.9602;5;3;banda;(0.96, 0.97];prueba;20;6
263;34367;34163;GERENTE DE MANUFACTURA;GERENTE DE FABRICA;0.9616;8;2;banda;(0.96, 0.97];prueba;20;6
264;42099;42143;JEFE DE PLANIFICACION DE TRANSPORTE;JEFE DE PLANIFICACION Y OPERACIONES DE TRANSPORTE TERRESTRE;0.9439;2;1;banda;(0.94, 0.95];prueba;20;6
265;8679;15341;ASISTENTE DE BODEGA Y PLANTA;AYUDANTE DE BODEGA - PLANTA;0.9385;1;1;banda;(0.929, 0.94];prueba;20;6
266;4174;43279;ANALISTA DE VALIDACION DE PROCESOS FRONT OFFICE;JEFE DE VALIDACION DE PROCESOS FRONT OFFICE;0.9645;1;1;banda;(0.96, 0.97];prueba;20;6
267;41079;58874;JEFE DE FITOSANIDAD;SUPERVISOR DE FITOSANIDAD;0.9307;3;1;banda;(0.929, 0.94];prueba;20;6
268;30604;39713;JEFE DE ABASTECIMIENTO Y LOGISTICA;JEFE DE ABASTECIMIENTO Y TRANSPORTE;0.9682;9;1;banda;(0.96, 0.97];prueba;20;6
269;22023;44298;COORDINADOR DE OPERACIONES REGION COSTA;JEFE REGIONAL SERVICIO Y OPERACIONES COSTA;0.9247;1;1;bajo;;prueba;20;6
270;11130;11132;ASISTENTE EN GENERAL;ASISTENTE EN GENEREAL;0.9542;3;1;banda;(0.95, 0.96];prueba;20;6
271;21441;21443;COORDINADOR DE FARMACIA;COORDINADOR DE FARMACIAS;0.9606;2;2;banda;(0.96, 0.97];prueba;20;6
272;25701;25706;CULTIVO MO. BL.2 PRODUCTIVO;CULTIVO MO. BL.8 PRODUCTIVO;0.9475;1;1;banda;(0.94, 0.95];prueba;20;6
273;63400;63401;TOUR PUSHER;TOURPUSHER;0.9304;1;1;banda;(0.929, 0.94];prueba;20;6
274;2681;9133;ANALISTA DE CUMPLIMIENTO - MONITOREO;ASISTENTE DE CUMPLIMIENTO - MONITOREO;0.9655;1;1;banda;(0.96, 0.97];prueba;20;6
275;23955;36011;COORDINADOR ZONAL CONTROL INTERNO AGENCIAS;GERENTE ZONAL CONTROL INTERNO AGENCIAS;0.967;1;1;banda;(0.96, 0.97];prueba;20;6
276;44102;44101;JEFE PASTELERO;JEFE PASTELERIA;0.9366;2;1;banda;(0.929, 0.94];prueba;20;6
277;55752;56019;SECRETARIA DE COMPRAS;SECRETIARIA DE COMPRAS Y GERENCIA;0.9415;1;1;banda;(0.94, 0.95];prueba;20;6
278;25810;25758;CUSTOMER SERVICE;CUSTOMER CARE;0.9628;22;1;banda;(0.96, 0.97];prueba;20;6
279;7213;12214;ASISTENTE / ADMINISTRATIVO;ASISTENTE/ADMINISTRATIVO;0.9791;420;2;alto;;prueba;20;6
280;58611;60711;SUPERVISOR DE COBRANZAS;SUPERVISOR/COBRANZAS;0.9491;30;1;banda;(0.94, 0.95];prueba;20;6
281;43952;44782;JEFE NACIONAL LOGISTICA;JEFE{A} NACIONAL ALMACEN LOGISTICA;0.9431;10;1;banda;(0.94, 0.95];prueba;20;6
282;5993;19318;ASESOR DE CONSULTORIO JURIDICO;CONSULTORIO JURIDICO;0.9139;1;1;bajo;;prueba;20;6
283;1916;1708;ANALISTA CONTABLE;ANALISTA ADMIN CONTABLE;0.9531;391;2;banda;(0.95, 0.96];prueba;20;6
284;61122;61132;T.A VARIOS MANT.ALIM/AIREACION;T.A.VARIOS MANT.ALIM/AIREACION;0.9556;3;1;banda;(0.95, 0.96];prueba;20;6
285;5651;5652;ASESOR - AGENTE /AFINES;ASESOR / AGENTE / AFINES;0.9668;51;2;banda;(0.96, 0.97];prueba;20;6
286;14240;10399;AUXILIAR DE REPARTO;ASISTENTE DE REPARTO;0.9448;4;3;banda;(0.94, 0.95];prueba;20;6
287;7213;12352;ASISTENTE / ADMINISTRATIVO;ASITENTE /AUXILIAR ADMINISTRATIVO;0.9644;420;1;banda;(0.96, 0.97];prueba;20;6
288;35124;43398;GERENTE DE VENTAS TOYOTA;JEFE DE VENTAS TOYOTA;0.97;1;1;banda;(0.96, 0.97];prueba;20;6
289;51958;51963;PERSONAL ACADEMICO NO TITULAR OCASIONAL;PERSONAL ACADEMICO NO TITULAR OCASIONAL TIEMPO COMPLETO;0.9643;8;1;banda;(0.96, 0.97];prueba;20;6
290;15815;15816;AYUDANTE DE PERFORACION;AYUDANTE DE PERFORACION 1;0.9633;22;1;banda;(0.96, 0.97];prueba;20;6
291;31190;31191;ESPECIALISTA DE CALIDAD Y AMBIENTE;ESPECIALISTA DE CALIDAD Y SOSTENIBILIDAD;0.9343;1;1;banda;(0.929, 0.94];prueba;20;6
292;57249;57250;SUBADMINISTRADOR DE TIENDA;SUBADMINISTRADOR DE TIENDAS;0.9608;2;1;banda;(0.96, 0.97];prueba;20;6
293;60013;57858;SUPERVISOR GENERAL DE BODEGA;SUPERINTENDENTE DE BODEGA;0.9506;2;1;banda;(0.95, 0.96];prueba;20;6
294;3944;3985;ANALISTA DE SISTEMA;ANALISTA DE SISTEMAS SISE;0.9141;165;1;bajo;;prueba;20;6
295;46621;64743;MANAGER VENDOR BUSINESS;VENDOR BUSINESS MANAGER;0.947;1;1;banda;(0.94, 0.95];prueba;20;6
296;4856;3705;ANALISTA SENIOR;ANALISTA QA SENIOR;0.9168;17;2;bajo;;prueba;20;6
297;47852;5589;MODELADOR BIM;ARQUITECTO MODELADOR BIM;0.9331;3;1;banda;(0.929, 0.94];prueba;20;6
298;14600;13921;AUXILIAR DE FINANCIERO;AUXILIAR EN EL DEPARTAMENTO FINANCIERO;0.9631;19;2;banda;(0.96, 0.97];prueba;20;6
299;58037;60066;SUPERVISOR DE HABITACIONES;SUPERVISOR HABITACIONES;0.9653;12;1;banda;(0.96, 0.97];prueba;20;6
300;37002;37237;HEAD OF HUMAN RESOURCES;HUMAN RESOURCES CHIEF;0.9497;1;1;banda;(0.94, 0.95];prueba;20;6
301;23601;42277;COORDINADOR SEGURIDAD PROCESOS;JEFE DE PROCESOS DE SEGURIDAD;0.9279;1;1;bajo;;prueba;20;7
302;59099;61996;SUPERVISOR DE MANTENIMIENTO PUEMBO;TECNICO DE MANTENIMIENTO PUEMBO;0.9425;1;1;banda;(0.94, 0.95];prueba;20;7
303;59675;58343;SUPERVISOR DE SERVICIO;SUPERVISOR DE ADMINISTRACION DE SERVICIOS;0.9337;11;1;banda;(0.929, 0.94];prueba;20;7
304;9217;13069;ASISTENTE DE DIRECCION TECNICA DE BIENESTAR ESTUDIANTIL;AUXILIAR 1 DE DIRECCION TECNICA DE BIENESTAR ESTUDIANTIL;0.9556;1;1;banda;(0.95, 0.96];prueba;20;7
305;23273;20213;COORDINADOR MEDICO;COORDINADOR / A MEDICO;0.9653;13;1;banda;(0.96, 0.97];prueba;20;7
306;1177;61534;TECNICO ADMINISTRATIVO;TECNICO ADMINISTRATIVO COMERCIAL;0.9367;9;2;banda;(0.929, 0.94];prueba;20;7
307;28144;28555;DOCENTE MEDIO TIEMPO TITULAR AUXILIAR ESCALAFON UNO;DOCENTE TIEMPO COMPLETO TITULAR AUXILIAR ESCALAFON UNO;0.9758;1;1;alto;;prueba;20;7
308;42047;24765;JEFE DE PISTA;COORDINADORA DE PISTA;0.9044;14;1;bajo;;prueba;20;7
309;3876;4430;ANALISTA DE SEGURIDAD INFORMATICA;ANALISTA INGENIERIA Y ARQUITECTURA SEGURIDAD DE LA INFORMACION;0.9146;5;1;bajo;;prueba;20;7
310;24176;24630;COORDINADOR FISIOTERAPISTA;COORDINADORA DE FISIOTERAPIA;0.9567;4;1;banda;(0.95, 0.96];prueba;20;7
311;58607;60018;SUPERVISOR OPERATIVO DE CLIMATIZACION;SUPERVISOR OPERATIVO DE FRIO;0.9197;3;2;bajo;;prueba;20;7
312;49629;50368;OPERADOR DE ENVASADO;OPERADOR ENVASADO;0.9622;8;3;banda;(0.96, 0.97];prueba;20;7
313;13945;14785;AUXILIAR DE LACTEOS;AUXILIAR OPERATIVO LACTEOS;0.9405;2;1;banda;(0.94, 0.95];prueba;20;7
314;49460;49463;OPERADOR DE CAMPO;OPERADOR DE CAMPO II;0.9429;4;1;banda;(0.94, 0.95];prueba;20;7
315;9161;11021;ASISTENTE DE DEPORTES;ASISTENTE DEPORTES;0.9357;4;2;banda;(0.929, 0.94];prueba;20;7
316;33895;35895;GERENTE DE COMERCIO;GERENTE TECNICO DE COMERCIO Y SERVICIOS;0.9026;1;1;bajo;;prueba;20;7
317;22373;27117;COORDINADOR DE RELACIONES INTERINSTITUCIONALES;DIRECTOR DE RELACIONES INTERINSTITUCIONALES;0.9598;1;1;banda;(0.95, 0.96];prueba;20;7
318;64281;64297;VENDEDOR (A). LINEA AGRICOLA;VENDEDOR - DESARROLLISTA LINEA AGRICOLA;0.9415;1;1;banda;(0.94, 0.95];prueba;20;7
319;14219;14791;AUXILIAR DE RECEPCION;AUXILIAR OPERATIVO RECEPCION;0.9616;10;1;banda;(0.96, 0.97];prueba;20;7
320;35184;35182;GERENTE DISENO Y DESARROLLO;GERENTE DISENO DESARROLLO Y CONSTRUCCIONES;0.9326;1;1;banda;(0.929, 0.94];prueba;20;7
321;32375;31342;ESPECIALISTA UX;ESPECIALISTA DE DISENO UX/UI;0.9114;3;1;bajo;;prueba;20;7
322;33124;33127;GENERAL ACCOUNTANT;GENERAL ACCOUNTING COORDINATOR;0.943;1;1;banda;(0.94, 0.95];prueba;20;7
323;50221;50811;OPERADOR DE SERVICIOS GENERALES;OPERADOR SERV.GENERALES;0.9636;4;1;banda;(0.96, 0.97];prueba;20;7
324;9794;9800;ASISTENTE DE MANTENIMIENTO OBRA CIVIL;ASISTENTE DE MANTENIMIENTO Y EDIFICACIONES;0.9328;1;1;banda;(0.929, 0.94];prueba;20;7
325;8382;9113;ASISTENTE CUENTAS POR PAGAR;ASISTENTE DE CUENTAS;0.9035;18;6;bajo;;prueba;20;7
326;22234;22237;COORDINADOR DE PRODUCTO;COORDINADOR DE PRODUCTO C;0.9357;20;1;banda;(0.929, 0.94];prueba;20;7
327;3705;62921;ANALISTA DE QA SENIOR;TECNICO QA SENIOR;0.901;2;1;bajo;;prueba;20;7
328;6561;6568;ASESOR VENTAS;ASESOR VENTAS WANT;0.9321;7;1;banda;(0.929, 0.94];prueba;20;7
329;16010;16011;AYUDANTE DE TESORERIA 1;AYUDANTE DE TESORERIA 4;0.9396;1;1;banda;(0.929, 0.94];prueba;20;7
330;40321;39429;JEFE DE CERTIFICACIO;JEFE CERTFICACION;0.9523;11;1;banda;(0.95, 0.96];prueba;20;7
331;42773;22482;JEFE DE SEGURIDAD PORTUARIA;COORDINADOR DE SEGURIDAD PORTUARIA;0.9513;2;1;banda;(0.95, 0.96];prueba;20;7
332;46830;46840;MARINERO DE MAQUINA;MARINERO MAQUINA;0.9529;11;1;banda;(0.95, 0.96];prueba;20;7
333;47058;61960;MECANICO DE MANTENIMIENTO;TECNICO DE MANTENIMIENTO / MECANICO;0.9623;25;5;banda;(0.96, 0.97];prueba;20;7
334;34759;34760;GERENTE DE PROYECTOS L4;GERENTE DE PROYECTOS L5;0.937;1;1;banda;(0.929, 0.94];prueba;20;7
335;59691;59696;SUPERVISOR DE SERVICIOS GENERAL;SUPERVISOR DE SERVICIOS VARIOS;0.9447;21;1;banda;(0.94, 0.95];prueba;20;7
336;13733;14997;AUXILIAR ELECTRICO;AUXILIAR/ EN EL AREA ELECTRICA;0.9591;15;1;banda;(0.95, 0.96];prueba;20;7
337;51837;12487;PAYROLL SPECIALIST;ASSOCIATE PAYROLL SPECIALIST;0.9334;4;1;banda;(0.929, 0.94];prueba;20;7
338;26381;44804;DEVELOPER JR;JR DEVELOPER;0.9395;1;1;banda;(0.929, 0.94];prueba;20;7
339;28342;28345;DOCENTE DE MATEMATICAS / FISICA CAHC;DOCENTE DE MATEMATICAS CAHC;0.9587;1;1;banda;(0.95, 0.96];prueba;20;7
340;12894;13184;AUX. ADMINISTRATIVO DE PARQUEO A;AUXILIAR ADMINISTRATIVO DE PARQUEO;0.9646;2;1;banda;(0.96, 0.97];prueba;20;7
341;14314;14902;AUXILIAR DE SERVICIOS / MENSAJERO;AUXILIAR SERVICIOS GENERALES / MENSAJERIA;0.9601;3;3;banda;(0.96, 0.97];prueba;20;7
342;64430;64434;VENDEDOR DE REPUESTOS;VENDEDOR DE REPUESTOS Y ACCESORIOS;0.9519;19;1;banda;(0.95, 0.96];prueba;20;7
343;31467;31468;ESPECIALISTA DE LAMINACION EN CALIENTE;ESPECIALISTA DE LAMINACION EN FRIO;0.9387;1;1;banda;(0.929, 0.94];prueba;20;7
344;8504;9233;ASISTENTE DE ARQUITECTURA;ASISTENTE DE DISENO ARQUITECTONICO;0.9401;6;1;banda;(0.94, 0.95];prueba;20;7
345;38312;38306;INNOVATION&PRODUCTIVITY ENGINEER JUNIOR;INNOVATION & PRODUCTIVITY ENGINEER / INGENIERO DE INNOVACION Y PRODUCTIVIDAD JUNIOR;0.9403;1;1;banda;(0.94, 0.95];prueba;20;7
346;32824;12424;FINANCE ASSISTANT;ASSISTANT, FINANCE;0.959;3;2;banda;(0.95, 0.96];prueba;20;7
347;29331;30134;EJECUTIVO (A) COMERCIAL;EJECUTIVO TECNICO COMERCIAL;0.9002;132;1;bajo;;prueba;20;7
348;42756;34851;JEFE DE SEGURIDAD INDUSTRIAL Y AMBIENTE;GERENTE DE SEGURIDAD INDUSTRIAL Y MEDIO AMBIENTE;0.9554;14;3;banda;(0.95, 0.96];prueba;20;7
349;48702;48711;OFICIAL DE NEGOCIOS;OFICIAL DE NEGOCIOS SR;0.9522;17;1;banda;(0.95, 0.96];prueba;20;7
350;49478;49261;OPERADOR CARGADORA FRONTAL;OPERADOR CARGADORA FRONTAL # 01;0.9603;8;1;banda;(0.96, 0.97];prueba;20;7
351;8489;13413;ASISTENTE DE ARCHIVO;AUXILIAR DE ARCHIVO;0.9639;54;46;banda;(0.96, 0.97];prueba;20;8
352;54303;54305;RECIBIDOR-PAGADOR OFIC;RECIBIDOR-PAGADOR OFIC OLMEDO;0.9472;1;1;banda;(0.94, 0.95];prueba;20;8
353;1456;1457;AGENTES DE SERVICIOS2;AGENTES DE SERVICIOS5;0.9355;1;1;banda;(0.929, 0.94];prueba;20;8
354;41489;41533;JEFE DE LOGISTICA;JEFE DE LOGISTICA Y SERVICIOS;0.9594;193;6;banda;(0.95, 0.96];prueba;20;8
355;25250;20177;COORDINADOR;COORDINADOR/A;0.9632;218;18;banda;(0.96, 0.97];prueba;20;8
356;12485;12498;ASSOCIATE MANAGER, SALES ACCOUNT MANAGEM;ASSOCIATE,SALES ACCOUNT MANAGEMENT;0.932;1;1;banda;(0.929, 0.94];prueba;20;8
357;10935;43398;ASISTENTE DE VENTAS TOYOTA;JEFE DE VENTAS TOYOTA;0.9317;1;1;banda;(0.929, 0.94];prueba;20;8
358;32839;46637;FINANCE MANAGER;MANAGER, FINANCE;0.9512;12;1;banda;(0.95, 0.96];prueba;20;8
359;64980;64986;VISITADOR A MEDICOS;VISITADOR A MEDICOS RESIDENTE;0.9624;10;1;banda;(0.96, 0.97];prueba;20;8
360;34465;9331;GERENTE NEGOCIOS INTERNACIONALES;ASISTENTE DE NEGOCIOS INTERNACIONALES;0.9011;8;2;bajo;;prueba;20;8
361;22026;24027;COORDINADOR DE OPERACIONES TECNOLOGICAS;COORDINADOR(A) GENERAL DE TECN;0.9068;1;1;bajo;;prueba;20;8
362;41101;41102;JEFE DE GANADERIA;JEFE DE GANADERIA Y ANIMALES DE COMPANIA;0.9249;4;1;bajo;;prueba;20;8
363;28188;53104;DOCENTE COMPUTACION;PROFESOR DE COMPUTACION;0.9423;6;2;banda;(0.94, 0.95];prueba;20;8
364;16429;16440;AYUDANTES 1 DE PRODUCCION ESTERILES;AYUDANTES 3 DE PRODUCCION ESTERILES;0.9563;1;1;banda;(0.95, 0.96];prueba;20;8
365;15510;11114;AYUDANTE DE ELECTRICISTA;ASISTENTE ELECTRICISTA;0.9453;56;2;banda;(0.94, 0.95];prueba;20;8
366;57140;57380;SUB GERENTE CORPORATIVO CULTURA Y BIENIESTAR;SUBGERENTE CORPORATIVO CULTURA Y BIENIESTAR;0.9667;1;1;banda;(0.96, 0.97];prueba;20;8
367;19952;25620;COORD. CREDITOS;CREDITOS;0.9314;1;1;banda;(0.929, 0.94];prueba;20;8
368;2281;2289;ANALISTA DE CALIDAD MUESTREO;ANALISTA DE CALIDAD Y CONOCIMIENTO;0.9032;1;1;bajo;;prueba;20;8
369;34854;42771;GERENTE DE SEGURIDAD PATRIMONIAL;JEFE DE SEGURIDAD PATRIMONIAL;0.9501;2;1;banda;(0.95, 0.96];prueba;20;8
370;13998;14010;AUXILIAR DE MANTENIMIENTO;AUXILIAR DE SERVICIO Y MANTENIMIENTO;0.9606;216;2;banda;(0.96, 0.97];prueba;20;8
371;61913;62220;TECNICO DE INSTALACIONES;TECNICO DE SERVICIO INSTALACIONES;0.963;5;1;banda;(0.96, 0.97];prueba;20;8
372;42391;42365;JEFE DE PRODUCTO JR;JEFE DE PRODUCTO JUNIOR (EQ);0.9195;3;1;bajo;;prueba;20;8
373;20911;29481;COORDINADOR DE CALL CENTER MASIVO;EJECUTIVO DE CALL CENTER MASIVO;0.9505;1;1;banda;(0.95, 0.96];prueba;20;8
374;15451;40364;AYUDANTE DE COCINA BANQUETES;JEFE DE COCINA BANQUETES;0.949;1;1;banda;(0.94, 0.95];prueba;20;8
375;36329;36473;GESTOR DE PROYECTOS TECNOLOGICOS;GESTOR TECNICO DE PROYECTOS;0.9325;2;1;banda;(0.929, 0.94];prueba;20;8
376;47058;9791;MECANICO DE MANTENIMIENTO;ASISTENTE MANTENIMIENTO MECANICO;0.9526;25;8;banda;(0.95, 0.96];prueba;20;8
377;6041;5773;ASESOR DE FLOTAS;ASESOR COMERCIAL DE FLOTAS;0.9362;2;1;banda;(0.929, 0.94];prueba;20;8
378;28265;28448;DOCENTE DE ELECTRICIDAD;DOCENTE INSTALACIONES ELECTRICAS;0.9472;1;1;banda;(0.94, 0.95];prueba;20;8
379;27525;55981;DIRECTOR/A TECNICO/A DE GESTION CULTURAL;SECRETARIO TECNICO DE GESTION CULTURAL;0.9319;1;1;banda;(0.929, 0.94];prueba;20;8
380;15756;15162;AYUDANTE DE OPERACION;AYUD. DE OPERADOR;0.9512;23;9;banda;(0.95, 0.96];prueba;20;8
381;54883;54884;RESPONSABLE DE ALMACENAMIENTO Y DESPACHO;RESPONSABLE DE ALMACENAMIENTO Y DISTRIBUCION;0.9484;1;1;banda;(0.94, 0.95];prueba;20;8
382;31611;56200;ESPECIALISTA DE PROCESOS SENIOR;SENIOR DE PROCESOS;0.947;1;1;banda;(0.94, 0.95];prueba;20;8
383;42756;42758;JEFE DE SEGURIDAD INDUSTRIAL Y AMBIENTE;JEFE DE SEGURIDAD INDUSTRIAL Y GESTION AMBIENTAL Y RSE;0.9573;14;1;banda;(0.95, 0.96];prueba;20;8
384;658;1132;ADMINISTRADOR BASE DE DATOS;ADMINISTRADORADE BASE DATOS;0.963;56;1;banda;(0.96, 0.97];prueba;20;8
385;12639;12750;AUDITOR DE TECNOLOGIA;AUDITOR TECNOLOGICO;0.9492;1;1;banda;(0.94, 0.95];prueba;20;8
386;23433;25365;COORDINADOR PJV;CORDINADOR PJV;0.9557;1;1;banda;(0.95, 0.96];prueba;20;8
387;35006;35008;GERENTE DE TIENDA;GERENTE DE TIENDAS;0.9612;8;1;banda;(0.96, 0.97];prueba;20;8
388;3673;2688;ANALISTA DE PROTECCION DE DATOS;ANALISTA DE CUMPLIMIENTO Y PROTECCION DE DATOS;0.9562;3;1;banda;(0.95, 0.96];prueba;20;8
389;1929;8215;ANALISTA CONTABLE AUDITORIA DE VENTAS;ASISTENTE CONTABLE AUDITORIA DE VENTAS;0.9554;1;1;banda;(0.95, 0.96];prueba;20;8
390;1944;1942;ANALISTA CONTABLE JUNIOR;ANALISTA CONTABLE JR;0.9613;17;6;banda;(0.96, 0.97];prueba;20;8
391;41499;41505;JEFE DE LOGISTICA DE DISTRIBUCION Y TRANSPORTE;JEFE DE LOGISTICA DE VEHICULOS;0.9307;13;2;banda;(0.929, 0.94];prueba;20;8
392;57144;57160;SUB GERENTE DE CALIDAD;SUB GERENTE DE PRODUCCION Y CALIDAD;0.9538;2;1;banda;(0.95, 0.96];prueba;20;8
393;14014;14874;AUXILIAR DE MANTENIMIENTO GENERAL;AUXILIAR SERV. GEN. MANTENIMIENTO;0.9622;5;1;banda;(0.96, 0.97];prueba;20;8
394;3891;1817;ANALISTA DE SEGUROS;ANALISTA BANCA SEGUROS;0.9063;6;2;bajo;;prueba;20;8
395;59257;57850;SUPERVISOR DE OPERACIONES MINA;SUPERINTENDENTE DE OPERACIONES DE MINA;0.9519;4;1;banda;(0.95, 0.96];prueba;20;8
396;62165;62806;TECNICO DE RX;TECNICO MEDICO RX;0.9492;1;1;banda;(0.94, 0.95];prueba;20;8
397;21873;23849;COORDINADOR MECANICO;COORDINADOR TECNICO MECANICO;0.9669;4;1;banda;(0.96, 0.97];prueba;20;8
398;14490;14969;AUXILIAR DE TRANSPORTE;AUXILIAR TRANSPORTE;0.9744;8;1;alto;;prueba;20;8
399;23028;43659;COORDINADOR GESTION AMBIENTAL - SANITIZACION;JEFE GESTION AMBIENTAL - SANITIZACION;0.9669;1;1;banda;(0.96, 0.97];prueba;20;8
400;21339;21338;COORDINADOR DE EMPAQUE;COORDINADOR DE EMPACADO;0.9505;2;1;banda;(0.95, 0.96];prueba;20;8
