n,particion,etiqueta_v3,etiqueta,motivo_v3,motivo,regla
8,entrena,0.0,1.0,p1,ninguno,grado
107,entrena,0.0,1.0,p1,ninguno,grado
122,entrena,0.0,1.0,p1,ninguno,grado
501,entrena,0.0,1.0,p1,ninguno,grado
529,valida,0.0,1.0,p1,ninguno,grado
575,entrena,0.0,1.0,p1,ninguno,grado
583,entrena,0.0,1.0,p1,ninguno,grado
637,entrena,0.0,1.0,p1,ninguno,grado
652,entrena,0.0,1.0,p1,ninguno,grado
693,entrena,0.0,1.0,p1,ninguno,grado
808,entrena,0.0,1.0,p1,ninguno,grado
905,entrena,0.0,1.0,p1,ninguno,grado
908,entrena,0.0,1.0,p1,ninguno,grado
996,entrena,0.0,1.0,p1,ninguno,grado
1144,valida,0.0,1.0,p1,ninguno,grado
1147,entrena,0.0,1.0,p1,ninguno,grado
1210,entrena,0.0,1.0,p1,ninguno,grado
1492,entrena,0.0,1.0,p1,ninguno,grado
1522,entrena,0.0,1.0,p1,ninguno,grado
1830,entrena,0.0,1.0,p1,ninguno,grado
1951,entrena,0.0,1.0,p1,ninguno,grado
2042,entrena,0.0,1.0,p1,ninguno,grado
2085,entrena,0.0,1.0,p1,ninguno,grado
2156,entrena,0.0,1.0,p1,ninguno,grado
2250,entrena,0.0,1.0,p1,ninguno,grado
2280,entrena,0.0,1.0,p1,ninguno,grado
2382,entrena,0.0,1.0,p1,ninguno,grado
2475,entrena,0.0,1.0,p1,ninguno,grado
2666,valida,0.0,1.0,p1,ninguno,grado
2799,valida,0.0,1.0,p1,ninguno,grado
2812,valida,0.0,1.0,p1,ninguno,grado
2854,valida,0.0,1.0,p1,ninguno,grado
2899,entrena,0.0,1.0,p1,ninguno,grado
2919,entrena,0.0,1.0,p1,ninguno,grado
2988,valida,0.0,1.0,p1,ninguno,grado
3031,entrena,0.0,1.0,p1,ninguno,grado
3150,entrena,0.0,1.0,p1,ninguno,grado
3282,entrena,0.0,1.0,p1,ninguno,grado
3399,entrena,0.0,1.0,p1,ninguno,grado
3448,entrena,0.0,1.0,p1,ninguno,grado
3506,entrena,0.0,1.0,p1,ninguno,grado
3569,entrena,0.0,1.0,p1,ninguno,grado
3743,entrena,0.0,1.0,p1,ninguno,grado
3815,entrena,0.0,1.0,p1,ninguno,grado
3963,entrena,0.0,1.0,p1,ninguno,grado
3972,entrena,0.0,1.0,p1,ninguno,grado
3995,valida,0.0,1.0,p1,ninguno,grado
4048,entrena,0.0,1.0,p1,ninguno,grado
4055,entrena,0.0,1.0,p1,ninguno,grado
4198,entrena,0.0,1.0,p1,ninguno,grado
4322,entrena,0.0,1.0,p1,ninguno,grado
4369,entrena,0.0,1.0,p1,ninguno,grado
4372,entrena,0.0,1.0,p1,ninguno,grado
4390,valida,0.0,1.0,p1,ninguno,grado
4582,entrena,0.0,1.0,p1,ninguno,grado
4583,entrena,0.0,1.0,p1,ninguno,grado
4587,entrena,0.0,1.0,p1,ninguno,grado
4614,entrena,0.0,1.0,p1,ninguno,grado
4666,entrena,0.0,1.0,p1,ninguno,grado
4699,entrena,0.0,1.0,p1,ninguno,grado
4706,entrena,0.0,1.0,p1,ninguno,grado
4722,entrena,0.0,1.0,p1,ninguno,grado
4726,entrena,0.0,1.0,p1,ninguno,grado
4757,valida,0.0,1.0,p1,ninguno,grado
4780,valida,0.0,1.0,p1,ninguno,grado
4922,entrena,0.0,1.0,p1,ninguno,grado
4982,entrena,0.0,1.0,p1,ninguno,grado
4998,entrena,0.0,1.0,p1,ninguno,grado
5013,entrena,0.0,1.0,p1,ninguno,grado
5016,entrena,0.0,1.0,p1,ninguno,grado
5039,entrena,0.0,1.0,p1,ninguno,grado
5056,entrena,0.0,1.0,p1,ninguno,grado
5074,entrena,0.0,1.0,p1,ninguno,grado
5118,entrena,0.0,1.0,p1,ninguno,grado
5146,entrena,0.0,1.0,p1,ninguno,grado
5184,valida,0.0,1.0,p1,ninguno,grado
5377,entrena,0.0,1.0,p1,ninguno,grado
5400,entrena,0.0,1.0,p1,ninguno,grado
5419,entrena,0.0,1.0,p1,ninguno,grado
5592,entrena,0.0,1.0,p1,ninguno,grado
5615,entrena,0.0,1.0,p1,ninguno,grado
5622,entrena,0.0,1.0,p1,ninguno,grado
5660,entrena,0.0,1.0,p1,ninguno,grado
5790,entrena,0.0,1.0,p1,ninguno,grado
5800,entrena,0.0,1.0,p1,ninguno,grado
5836,entrena,0.0,1.0,p1,ninguno,grado
5841,entrena,0.0,1.0,p1,ninguno,grado
5872,entrena,0.0,1.0,p1,ninguno,grado
5917,entrena,0.0,1.0,p1,ninguno,grado
6222,entrena,0.0,1.0,p1,ninguno,grado
6352,entrena,0.0,1.0,p1,ninguno,grado
6357,valida,0.0,1.0,p1,ninguno,grado
6427,entrena,0.0,1.0,p1,ninguno,grado
6512,entrena,0.0,1.0,p1,ninguno,grado
6566,entrena,0.0,1.0,p1,ninguno,grado
6577,entrena,0.0,1.0,p1,ninguno,grado
6617,entrena,0.0,1.0,p1,ninguno,grado
6644,entrena,0.0,1.0,p1,ninguno,grado
6656,entrena,0.0,1.0,p1,ninguno,grado
6719,entrena,0.0,1.0,p1,ninguno,grado
6786,entrena,0.0,1.0,p1,ninguno,grado
6816,entrena,0.0,1.0,p1,ninguno,grado
6876,valida,0.0,1.0,p1,ninguno,grado
6960,entrena,0.0,1.0,p1,ninguno,grado
7202,valida,0.0,1.0,p1,ninguno,grado
7221,valida,0.0,1.0,p1,ninguno,grado
7369,entrena,0.0,1.0,p1,ninguno,grado
7472,entrena,0.0,1.0,p1,ninguno,grado
7488,entrena,0.0,1.0,p1,ninguno,grado
7528,entrena,0.0,1.0,p1,ninguno,grado
7637,valida,0.0,1.0,p1,ninguno,grado
7798,entrena,0.0,1.0,p1,ninguno,grado
7987,entrena,0.0,1.0,p1,ninguno,grado
8025,entrena,0.0,1.0,p1,ninguno,grado
8049,valida,0.0,1.0,p1,ninguno,grado
8069,entrena,0.0,1.0,p1,ninguno,grado
8114,entrena,0.0,1.0,p1,ninguno,grado
8138,entrena,0.0,1.0,p1,ninguno,grado
8304,entrena,0.0,1.0,p1,ninguno,grado
8376,entrena,0.0,1.0,p1,ninguno,grado
8381,entrena,0.0,1.0,p1,ninguno,grado
8571,entrena,0.0,1.0,p1,ninguno,grado
8897,entrena,0.0,1.0,p1,ninguno,grado
9012,entrena,0.0,1.0,p1,ninguno,grado
9125,entrena,0.0,1.0,p1,ninguno,grado
9185,entrena,0.0,1.0,p1,ninguno,grado
9224,entrena,0.0,1.0,p1,ninguno,grado
9231,valida,0.0,1.0,p1,ninguno,grado
9325,entrena,0.0,1.0,p1,ninguno,grado
9382,entrena,0.0,1.0,p1,ninguno,grado
9450,valida,0.0,1.0,p1,ninguno,grado
9597,entrena,0.0,1.0,p1,ninguno,grado
9603,entrena,0.0,1.0,p1,ninguno,grado
9667,entrena,0.0,1.0,p1,ninguno,grado
9674,entrena,0.0,1.0,p1,ninguno,grado
9908,entrena,0.0,1.0,p1,ninguno,grado
9969,entrena,0.0,1.0,p1,ninguno,grado
232,entrena,0.0,1.0,p1,ninguno,revision
997,entrena,0.0,1.0,p1,ninguno,revision
1441,entrena,0.0,1.0,p1,ninguno,revision
2292,entrena,0.0,1.0,p1,ninguno,revision
4758,entrena,0.0,1.0,p1,ninguno,revision
4835,entrena,0.0,1.0,p1,ninguno,revision
5325,entrena,0.0,1.0,p1,ninguno,revision
5490,entrena,0.0,1.0,p1,ninguno,revision
5656,entrena,0.0,1.0,p1,ninguno,revision
6165,entrena,0.0,1.0,p1,ninguno,revision
8231,valida,0.0,1.0,p1,ninguno,revision
9387,valida,0.0,1.0,p1,ninguno,revision
