conjunto,n,particion
13e,10,calibra
13e,57,prueba
13e,104,calibra
13e,111,prueba
13e,115,calibra
13e,188,calibra
13e,240,prueba
13e,246,prueba
13e,260,prueba
13e,286,prueba
13e,290,prueba
13e,350,calibra
13e,396,calibra
20,31,prueba
20,46,prueba
20,53,prueba
20,56,prueba
20,61,prueba
20,82,prueba
20,88,prueba
20,92,prueba
20,106,prueba
20,113,prueba
20,185,prueba
20,190,prueba
20,203,prueba
20,217,prueba
20,232,prueba
20,240,prueba
20,272,prueba
20,290,prueba
20,314,prueba
20,329,prueba
20,334,prueba
20,350,prueba
20,353,prueba
20,364,prueba
