n,conjunto,estrato,y,coseno,NLI,B,completo_w1_con_aum,completo_w1_sin_aum,completo_w2_con_aum,completo_w2_sin_aum,completo_w3_con_aum,completo_w3_sin_aum,paso_direccional,paso_simetrico
1,13e,banda,1,0.9469,0.55922294,0.99566686,0.99454373,0.99566686,0.9949866,0.99842453,0.99277186,0.9868644,0.99761367,0.99390095
2,13e,banda,1,0.9568,0.51696384,0.99530464,0.9955066,0.99530464,0.996805,0.9984971,0.9948657,0.991484,0.9973477,0.9948598
3,13e,banda,1,0.9445,0.50324637,0.97737306,0.9836283,0.97737306,0.994242,0.99445385,0.9892781,0.98849773,0.9964326,0.9952176
5,13e,banda,1,0.9424,0.97857237,0.16980849,0.7051557,0.16980849,0.98078895,0.13665964,0.7960731,0.58493197,0.9945061,0.9940291
6,13e,banda,1,0.9534,0.0033888826,0.9967573,0.99289685,0.9967573,0.99613416,0.99864024,0.98741883,0.99536145,0.9986628,0.9974816
13,13e,banda,1,0.9489,0.17205298,0.9822874,0.82486695,0.9822874,0.9799788,0.9968368,0.9570277,0.9096944,0.9692824,0.9433098
21,13e,banda,0,0.962,0.08518605,1.8377254e-05,0.0005403964,1.8377254e-05,7.0793554e-05,6.710693e-05,0.00028064114,0.0009329993,0.00011239711,0.0003245846
22,13e,banda,0,0.9362,0.21953943,0.0017188056,0.0007930837,0.0017188056,0.00015307066,0.00030568507,0.013338126,0.015367169,0.0008610325,0.0011589585
23,13e,banda,0,0.9374,0.032230232,9.508809e-05,0.007917822,9.508809e-05,0.0012194454,0.001263253,0.0038635724,0.009491161,0.0016543826,0.0024385503
27,13e,banda,1,0.9367,0.74316967,0.99393916,0.9826162,0.99393916,0.9962973,0.99791646,0.99116397,0.9776747,0.9968323,0.99657166
28,13e,alto,1,0.9714,0.994358,0.99661875,0.9959626,0.99661875,0.9970427,0.99888796,0.9949718,0.99652416,0.9987679,0.9980507
30,13e,banda,1,0.9618,0.9729849,0.9967304,0.9956154,0.9967304,0.99647325,0.99890286,0.9953117,0.9969054,0.9989826,0.99846345
32,13e,alto,1,0.9714,0.49662465,0.96956193,0.9876742,0.96956193,0.98583716,0.9979861,0.98760396,0.9760807,0.9959512,0.98945236
39,13e,banda,1,0.9336,0.1382979,0.8016765,0.966545,0.8016765,0.9864034,0.9954711,0.9613116,0.8225071,0.9864164,0.9458538
41,13e,banda,1,0.9325,0.9461607,0.9961342,0.99206644,0.9961342,0.9951709,0.998796,0.9926937,0.9949415,0.9984357,0.9979434
45,13e,banda,1,0.947,0.974458,0.9962681,0.99477315,0.9962681,0.99670774,0.99884784,0.99473107,0.9956271,0.9987362,0.9974232
47,13e,banda,1,0.9591,0.48890966,0.99683005,0.99413264,0.99683005,0.9965692,0.9983385,0.9948916,0.9960989,0.9986216,0.99759626
52,13e,banda,0,0.9501,0.47986543,0.9955314,0.9900251,0.9955314,0.99395514,0.998315,0.9830272,0.9695605,0.99778044,0.99508756
54,13e,banda,0,0.9628,0.32994205,1.325239e-05,2.6711245e-05,1.325239e-05,8.313167e-06,3.5218134e-06,3.233379e-06,0.00025535378,0.0022653148,0.0023698083
55,13e,bajo,1,0.9034,0.4089812,0.9452645,0.67465806,0.9452645,0.97274566,0.9772314,0.29806426,0.95680165,0.97080564,0.95978725
59,13e,banda,0,0.9595,0.1777808,2.832e-06,0.00024395317,2.832e-06,1.270752e-05,1.776987e-05,0.0001220689,0.00020211327,5.3436375e-05,0.00030038378
61,13e,banda,0,0.9305,0.0011357835,0.7971404,0.8794906,0.7971404,0.21059562,0.5391899,0.8380085,0.81767696,0.6355401,0.6371101
62,13e,banda,1,0.9578,0.3411318,0.77532053,0.98959535,0.77532053,0.010284574,0.9348617,0.8885425,0.9269788,0.5673186,0.40438905
65,13e,banda,0,0.9519,0.016342562,1.6013866e-05,0.00092222047,1.6013866e-05,0.00019989136,3.0411891e-05,0.00015855266,0.0002948494,0.0005308122,0.00092952594
66,13e,bajo,0,0.908,0.58915377,0.9676229,0.9816815,0.9676229,0.7735299,0.65626997,0.9653707,0.9779005,0.84857184,0.5771519
67,13e,banda,0,0.942,0.41613823,0.9544985,0.92226285,0.9544985,0.9321211,0.99382055,0.97178334,0.93189365,0.9333971,0.978021
69,13e,alto,0,0.9726,0.4275444,0.9557823,0.96265125,0.9557823,0.98583436,0.997358,0.98500574,0.9615684,0.9877279,0.9876368
72,13e,alto,1,0.9916,0.9074763,0.99548256,0.99414986,0.99548256,0.99530476,0.9987749,0.9948112,0.99595845,0.9989511,0.9984058
73,13e,banda,0,0.9555,0.3479236,5.63132e-06,0.0006634523,5.63132e-06,1.9047415e-05,2.9411336e-05,0.00034873636,0.0013221473,0.00010388837,0.00046527674
74,13e,banda,1,0.9602,0.9797598,0.996756,0.99310744,0.996756,0.99657446,0.9984719,0.9941321,0.99408424,0.9984921,0.9971794
77,13e,alto,1,0.973,0.8437058,0.9963395,0.99092126,0.9963395,0.99659115,0.9986683,0.992599,0.99519616,0.9984596,0.997345
78,13e,bajo,1,0.9245,0.44673246,0.9946143,0.9794618,0.9946143,0.992308,0.9978773,0.9769676,0.97895885,0.9914919,0.9789594
81,13e,banda,1,0.9617,0.48164,0.9967047,0.99620813,0.9967047,0.9970261,0.99873745,0.9946282,0.9937519,0.9984586,0.9968871
82,13e,alto,1,0.9878,0.9591677,0.9963359,0.99379796,0.9963359,0.9959902,0.9988225,0.9923139,0.99307364,0.9980588,0.9975586
83,13e,banda,1,0.9482,0.5892469,0.99139607,0.9928527,0.99139607,0.99409676,0.99690217,0.992988,0.99343693,0.9960643,0.9919722
84,13e,banda,1,0.9594,0.06460097,0.99619234,0.9883067,0.99619234,0.9956896,0.99863863,0.98652416,0.99529463,0.99790543,0.99475366
85,13e,bajo,0,0.9023,0.008496728,9.095457e-05,0.0014367698,9.095457e-05,0.00014435014,5.144916e-05,0.00040216424,0.0014544695,0.004821838,0.0026339525
87,13e,banda,0,0.9508,0.46570918,4.5079096e-06,6.4194005e-06,4.5079096e-06,4.2262527e-06,1.6197607e-06,4.5160286e-06,5.4296506e-05,0.00081178884,0.0020193933
90,13e,banda,1,0.9528,0.95412445,0.9927312,0.9947558,0.9927312,0.99630237,0.9985169,0.9940849,0.9905663,0.99593246,0.9953222
91,13e,banda,0,0.9348,0.29736182,2.2308795e-05,0.00071485736,2.2308795e-05,8.905401e-05,5.4627457e-05,0.00031253297,0.0015938551,0.0027702725,0.0053893826
92,13e,banda,0,0.9337,0.31625432,3.2549935e-05,0.0017459692,3.2549935e-05,0.00017072512,0.00017283588,0.00037746615,0.0029203524,0.00761986,0.012044923
93,13e,banda,1,0.9345,0.30141833,0.996434,0.9831738,0.996434,0.99577796,0.9981529,0.99106497,0.9810192,0.9974386,0.99345255
95,13e,banda,1,0.9552,0.9308938,0.98872143,0.9836525,0.98872143,0.99371815,0.99611866,0.97151816,0.96452415,0.9906624,0.9674238
97,13e,bajo,0,0.9013,0.38183978,1.8178886e-05,0.004845185,1.8178886e-05,0.0006273437,0.00090642704,0.001749048,0.0025201677,0.0042933,0.019607484
98,13e,alto,1,0.9719,0.52493745,0.99593043,0.99119055,0.99593043,0.99610317,0.99846977,0.9933232,0.9945578,0.9980449,0.99770653
99,13e,banda,1,0.9451,0.70314515,0.99531454,0.99506384,0.99531454,0.9966739,0.9987034,0.9949124,0.9882959,0.99833935,0.98994577
105,13e,banda,1,0.9532,0.9604335,0.99536437,0.993528,0.99536437,0.99534166,0.99865395,0.993987,0.99335814,0.99839,0.99644625
107,13e,banda,1,0.9639,0.9813108,0.99386,0.994146,0.99386,0.995604,0.99858063,0.9946426,0.9913484,0.9983523,0.9951507
108,13e,banda,1,0.9616,0.75757194,0.99535966,0.9815783,0.99535966,0.99598825,0.9982071,0.9927471,0.9945114,0.99805075,0.9965418
109,13e,banda,1,0.9675,0.4045879,0.99494094,0.9945899,0.99494094,0.99650353,0.99882966,0.99438083,0.9898352,0.9980468,0.9851476
110,13e,banda,1,0.9478,0.50010115,0.9707535,0.9423013,0.9707535,0.934762,0.9799662,0.9691479,0.97110873,0.9847002,0.9793955
113,13e,alto,1,0.9729,0.9575697,0.99623007,0.9900873,0.99623007,0.9958468,0.99785554,0.9826607,0.9946967,0.99808156,0.99628246
117,13e,banda,1,0.9408,0.7692447,0.9960734,0.99585265,0.9960734,0.9962329,0.9988253,0.9930133,0.9892674,0.99841756,0.9938981
119,13e,banda,1,0.9395,0.74238396,0.9953516,0.98533154,0.9953516,0.9957563,0.9979696,0.99032944,0.9871258,0.99764645,0.9953112
120,13e,banda,1,0.9458,0.92665374,0.9969995,0.9869158,0.9969995,0.9962425,0.9985186,0.9852753,0.9943888,0.99805105,0.9971906
122,13e,banda,0,0.9506,0.040612146,2.1246724e-05,0.00075662584,2.1246724e-05,0.00013336711,6.655824e-05,0.00027370077,0.0017310748,0.00018056892,0.00033493745
125,13e,alto,1,0.9701,0.0014144391,0.9962411,0.98698336,0.9962411,0.9957311,0.9979084,0.9831083,0.9933502,0.9981463,0.9953059
127,13e,banda,1,0.9512,0.15231559,0.99563587,0.9950575,0.99563587,0.9965035,0.9986554,0.9939701,0.9957313,0.99872035,0.99502313
129,13e,alto,1,0.9726,0.873928,0.9966269,0.9954889,0.9966269,0.99638134,0.9989149,0.9951641,0.99664915,0.99891585,0.99827313
131,13e,banda,1,0.9654,0.50120324,0.9969788,0.9967146,0.9969788,0.99675953,0.99888635,0.9956986,0.9960939,0.99871105,0.99796474
132,13e,bajo,1,0.9123,0.7707082,0.99582446,0.99635774,0.99582446,0.9966108,0.9984922,0.9947456,0.9932943,0.9981547,0.9958895
133,13e,banda,1,0.963,0.8799473,0.9931488,0.99658704,0.9931488,0.99595684,0.9982411,0.9944206,0.99324596,0.99566853,0.992952
134,13e,banda,1,0.9496,0.42328456,0.99645036,0.99607843,0.99645036,0.9968727,0.9984174,0.9952187,0.99646604,0.99870664,0.99736476
135,13e,banda,1,0.969,0.53305304,0.99558866,0.9965599,0.99558866,0.99686337,0.99896765,0.9956625,0.9969405,0.9987886,0.9976598
136,13e,bajo,1,0.9044,0.16337666,0.8636652,0.4275957,0.8636652,0.6054203,0.19719094,0.13180411,0.51653063,0.5721285,0.38682264
138,13e,banda,1,0.938,0.0066245655,0.9966419,0.99617773,0.9966419,0.9971103,0.99813634,0.99500185,0.9926057,0.99788463,0.9935329
139,13e,banda,1,0.9632,0.92810804,0.99677765,0.9950485,0.99677765,0.9962769,0.99887186,0.9940779,0.9961963,0.9989149,0.9982265
140,13e,banda,1,0.9628,0.54686743,0.99231875,0.968832,0.99231875,0.98780704,0.9969546,0.9718321,0.95819736,0.9942613,0.9940628
144,13e,banda,1,0.9487,0.95398176,0.99670905,0.9956511,0.99670905,0.9964224,0.99873865,0.9939683,0.9966283,0.99889904,0.9981251
147,13e,banda,1,0.9308,0.9652272,0.924952,0.9885577,0.924952,0.9900443,0.99752444,0.9949191,0.9741732,0.7331979,0.861676
148,13e,banda,0,0.9312,0.054986645,0.0025098165,0.0036305531,0.0025098165,0.00022414334,0.00046785403,0.006437691,0.0060563465,0.02473862,0.00514505
149,13e,banda,1,0.9426,0.48253873,0.996517,0.99066377,0.996517,0.99662143,0.99845433,0.9940372,0.99330384,0.99822164,0.9971317
152,13e,banda,1,0.9395,0.49441528,0.99205256,0.9843306,0.99205256,0.9950467,0.9985402,0.9731709,0.9820485,0.99745,0.9951505
154,13e,banda,1,0.9576,0.8768921,0.9956583,0.98345536,0.9956583,0.99576753,0.99832755,0.9927496,0.98390615,0.9982204,0.9977539
156,13e,banda,0,0.9432,0.4380128,7.823394e-06,2.3299803e-05,7.823394e-06,1.5433105e-05,1.8556467e-06,2.5636812e-06,0.00012040415,0.002204681,0.0025408645
157,13e,banda,1,0.9609,0.53736687,0.99511975,0.95119745,0.99511975,0.98706657,0.99790084,0.97177905,0.9395778,0.9941542,0.99151576
159,13e,alto,1,0.9719,0.8126874,0.9959446,0.98873305,0.9959446,0.99610984,0.9982387,0.9892545,0.99228305,0.9958762,0.9924503
160,13e,banda,0,0.9646,0.061580285,2.0166746e-05,0.00068820117,2.0166746e-05,6.0028935e-05,5.966106e-05,0.0002549156,0.0009140904,0.00011106508,0.00033800863
163,13e,alto,1,0.9702,0.53585476,0.99681515,0.99672186,0.99681515,0.9968407,0.9987844,0.9950279,0.9958895,0.998307,0.9977069
165,13e,alto,1,0.975,0.86058754,0.9955501,0.97635096,0.9955501,0.9954204,0.99863076,0.9863354,0.99287426,0.998285,0.9973456
167,13e,banda,1,0.9354,0.8953921,0.99606764,0.9861693,0.99606764,0.99596137,0.99864566,0.9926487,0.98373014,0.9984367,0.99720705
168,13e,banda,1,0.9384,0.50112605,0.9957178,0.9834156,0.9957178,0.98060787,0.9973444,0.98281306,0.9920509,0.9978078,0.9962678
170,13e,bajo,0,0.9234,0.21039113,0.86151797,0.8812291,0.86151797,0.9747505,0.9405908,0.931524,0.8108989,0.9749615,0.80657494
173,13e,banda,1,0.9365,0.0035020001,0.9959101,0.9788792,0.9959101,0.99504316,0.9972545,0.9783278,0.99148333,0.99771565,0.9933639
174,13e,alto,1,0.9715,0.5180623,0.9964184,0.9884436,0.9964184,0.9658381,0.9985757,0.982171,0.98769474,0.99669826,0.9946127
183,13e,banda,1,0.9631,0.96575487,0.9971388,0.99406314,0.9971388,0.99698603,0.998867,0.99407506,0.9964887,0.9987691,0.9977703
185,13e,bajo,0,0.9139,0.013995398,0.96622777,0.97062254,0.96622777,0.9072962,0.98579484,0.91924286,0.90458244,0.922,0.8914926
190,13e,banda,1,0.9626,0.92136884,0.99539495,0.9926435,0.99539495,0.99592316,0.9987597,0.98444206,0.9931804,0.9949342,0.9939263
191,13e,alto,0,0.9735,0.10547133,2.9060824e-05,0.00091299583,2.9060824e-05,0.00011402253,0.00011765029,0.00028306092,0.0020648467,0.00023620191,0.00033389888
192,13e,alto,1,0.9781,0.9973887,0.9971905,0.99770105,0.9971905,0.9971302,0.99894243,0.9966665,0.99745214,0.99887896,0.99857974
196,13e,banda,1,0.9373,0.50863105,0.9954506,0.9907502,0.9954506,0.99512553,0.9980546,0.98712605,0.9792173,0.9952861,0.9859714
199,13e,bajo,1,0.9006,0.43760803,0.99404067,0.99297595,0.99404067,0.99482644,0.99841917,0.94443214,0.9889268,0.9953848,0.9686214
200,13e,alto,1,0.9723,0.94012296,0.9966753,0.99305946,0.9966753,0.9963924,0.9987094,0.9930379,0.9956074,0.99853295,0.99705994
202,13e,banda,1,0.9328,0.042367443,0.049872532,0.87650055,0.049872532,0.063504376,0.15699191,0.098592125,0.29804766,0.4495447,0.15767062
204,13e,alto,1,0.9767,0.94279265,0.99597436,0.9935609,0.99597436,0.9948094,0.9985043,0.99322504,0.99225,0.99852633,0.99697304
206,13e,bajo,1,0.9008,0.48767,0.9968154,0.99675137,0.9968154,0.9970872,0.9987913,0.995187,0.99457884,0.9983481,0.9966098
207,13e,bajo,1,0.9099,0.92402047,0.99663705,0.99532044,0.99663705,0.9967087,0.9988121,0.9941902,0.99537706,0.998593,0.9972921
211,13e,banda,1,0.9667,0.9818895,0.99385905,0.9857084,0.99385905,0.9952404,0.99349916,0.99387383,0.9933986,0.9979733,0.9976388
212,13e,banda,0,0.9587,0.3085564,0.94650006,0.87403166,0.94650006,0.9466162,0.72883695,0.8684892,0.56455755,0.99230015,0.91443086
216,13e,alto,1,0.9743,0.5135134,0.9592585,0.9756451,0.9592585,0.97305244,0.99758476,0.985249,0.95083946,0.99643594,0.98935676
217,13e,banda,0,0.9411,0.052846905,1.1416064e-05,0.0006117716,1.1416064e-05,6.45203e-05,5.4885477e-05,0.00020480745,0.0018013195,0.0001757715,0.00028255262
218,13e,bajo,1,0.9041,0.2833311,0.38390297,0.92142695,0.38390297,0.015637815,0.8775614,0.9930592,0.3484542,0.016682286,0.5922533
222,13e,bajo,1,0.9147,0.4779373,0.9960713,0.99457586,0.9960713,0.99579144,0.9985175,0.9894256,0.981563,0.9950706,0.98618233
223,13e,bajo,1,0.9241,0.022053957,0.8928523,0.26390556,0.8928523,0.46775672,0.15091017,0.28384072,0.7288659,0.43498147,0.49916354
226,13e,banda,0,0.9391,0.34736314,0.99483854,0.9774242,0.99483854,0.9942875,0.99814755,0.9890211,0.9810852,0.99474216,0.99017644
228,13e,banda,0,0.9393,0.51633036,0.9774485,0.021081723,0.9774485,0.002309062,0.0013862011,0.027268263,0.27537468,0.87585115,0.8363937
229,13e,banda,0,0.9601,0.24365497,7.076583e-06,0.0031213881,7.076583e-06,0.00036432658,0.00013505504,0.0017873562,0.004968497,0.00018084822,0.00045966762
233,13e,banda,0,0.9492,0.64046943,0.99528253,0.9930469,0.99528253,0.9961559,0.9986152,0.9945344,0.9934231,0.99846244,0.9978802
235,13e,banda,1,0.9588,0.8831782,0.9966259,0.992817,0.9966259,0.9966738,0.9988158,0.993462,0.9950731,0.998451,0.9974087
237,13e,banda,0,0.9599,0.20355237,4.34296e-06,0.00039418967,4.34296e-06,1.7170514e-05,3.394862e-05,0.00015577799,0.00029354668,6.122756e-05,0.00040982472
238,13e,banda,0,0.9382,0.28964466,0.00037860204,0.0020749066,0.00037860204,6.048874e-05,0.00017077422,0.0069795907,0.005085565,0.002466312,0.0014768527
242,13e,bajo,1,0.9074,0.05977446,0.9269024,0.42715243,0.9269024,0.8089499,0.70328414,0.8128778,0.9005088,0.7764626,0.58580494
243,13e,banda,1,0.9517,0.36314353,0.99620104,0.99515206,0.99620104,0.996358,0.998821,0.9945417,0.99566495,0.99847716,0.9974466
244,13e,banda,0,0.9493,0.44908762,3.8094226e-05,5.585464e-05,3.8094226e-05,4.8027963e-05,7.199701e-06,6.8759805e-06,0.0011185958,0.005210018,0.011325687
245,13e,banda,1,0.9451,0.31880805,0.99581367,0.995863,0.99581367,0.99620193,0.99891776,0.9926565,0.99364847,0.9983165,0.9946649
247,13e,banda,1,0.9313,0.87087,0.9967373,0.99507856,0.9967373,0.99690914,0.99882615,0.994676,0.9951603,0.9986018,0.9975531
248,13e,banda,0,0.9319,0.17504033,0.99431634,0.99500436,0.99431634,0.99573666,0.997531,0.9887241,0.9891456,0.9941257,0.98042965
251,13e,banda,1,0.9532,0.48014474,0.99567384,0.9908213,0.99567384,0.9937281,0.99879575,0.9852192,0.98526305,0.9973284,0.9960798
254,13e,banda,1,0.969,0.96765125,0.9965259,0.9890816,0.9965259,0.996552,0.99854964,0.9933188,0.9933368,0.99865395,0.9977455
256,13e,alto,1,0.9782,0.654129,0.9969436,0.9956227,0.9969436,0.9964372,0.9988462,0.99141914,0.9961208,0.99806076,0.99775875
261,13e,banda,0,0.9626,0.5574855,0.98727334,0.98380035,0.98727334,0.9932333,0.99844635,0.9773521,0.9389488,0.98986876,0.96381783
264,13e,banda,1,0.945,0.9251948,0.99620813,0.99424154,0.99620813,0.99649227,0.9986211,0.9937672,0.9943644,0.998581,0.99770427
265,13e,banda,1,0.9538,0.99296,0.9951249,0.9967896,0.9951249,0.996739,0.9988208,0.99594605,0.99658567,0.99886787,0.9955125
267,13e,bajo,0,0.9231,0.02817714,0.99098295,0.9923956,0.99098295,0.99220127,0.994951,0.98876375,0.963941,0.96468955,0.94663084
268,13e,bajo,1,0.9013,0.1512442,0.99303955,0.9466164,0.99303955,0.99194,0.99637455,0.95344734,0.9623928,0.98716456,0.965034
270,13e,banda,1,0.9407,0.20727974,0.99595946,0.99288726,0.99595946,0.99545455,0.9981671,0.98416466,0.99342144,0.9968971,0.9915358
271,13e,banda,0,0.9306,0.1530637,0.00016612232,2.7739305e-05,0.00016612232,3.952787e-06,1.0530746e-06,3.9422655e-05,0.0008680221,0.004740131,0.0019870393
272,13e,banda,0,0.9323,0.17617664,0.00018582387,0.0023576184,0.00018582387,0.00010020785,3.9149993e-05,0.0037727586,0.008484916,0.005042161,0.005063733
274,13e,banda,0,0.9585,0.57967484,8.434833e-06,0.0006140741,8.434833e-06,4.0051764e-05,4.569085e-05,0.00015295853,0.0015168649,0.00017643686,0.0003704489
277,13e,banda,0,0.9603,0.20779467,5.7551722e-05,0.0037264847,5.7551722e-05,0.00035257015,0.0002949454,0.0004334233,0.003965542,0.0008582153,0.00054630724
278,13e,banda,1,0.932,0.7904287,0.99555165,0.99582106,0.99555165,0.9959107,0.9985138,0.9952084,0.99372804,0.9980207,0.9950519
279,13e,bajo,1,0.9031,0.39376748,0.98090756,0.9642156,0.98090756,0.9318005,0.49752542,0.912174,0.6707414,0.97451806,0.96427333
280,13e,banda,0,0.9464,0.8317808,0.9958837,0.99261606,0.9958837,0.9951474,0.99868417,0.9951065,0.994085,0.99860305,0.99794424
281,13e,banda,0,0.9434,0.18711787,4.3997647e-06,0.00040947046,4.3997647e-06,2.6342499e-05,1.1623715e-05,0.00027249058,0.0016002568,0.0001486866,0.00033365047
282,13e,banda,1,0.9447,0.8399732,0.9965639,0.99587893,0.9965639,0.9964846,0.9987542,0.995581,0.9935913,0.9978848,0.9962355
284,13e,alto,1,0.9722,0.4083486,0.97568077,0.9886208,0.97568077,0.9840892,0.9980847,0.98336196,0.9604834,0.9954599,0.989224
285,13e,banda,0,0.9358,0.5795952,0.9876918,0.99221146,0.9876918,0.9930338,0.9984993,0.98376447,0.9903553,0.9971405,0.99576735
287,13e,banda,1,0.9411,0.45647275,0.9881151,0.9792263,0.9881151,0.99078923,0.9976181,0.96670425,0.97139347,0.99069905,0.9452457
297,13e,banda,0,0.944,0.48847184,0.0017497867,4.1339197e-05,0.0017497867,3.6446298e-05,2.2661009e-06,0.0005392277,0.001986933,0.0034340215,0.005867592
298,13e,banda,0,0.9409,0.13944578,0.9596547,0.8489526,0.9596547,0.9748689,0.9912209,0.8758186,0.8385868,0.80770284,0.8795843
299,13e,banda,1,0.951,0.97164935,0.9966434,0.99643403,0.9966434,0.9969208,0.9988587,0.9962281,0.9964409,0.9988136,0.99805593
303,13e,banda,0,0.9566,0.45997792,8.64963e-06,0.00042972143,8.64963e-06,3.2343203e-05,4.889162e-05,0.00017617752,0.0009781206,9.899384e-05,0.00052953686
307,13e,banda,1,0.9635,0.41282275,0.97802234,0.97879213,0.97802234,0.99219453,0.994812,0.9768323,0.89366025,0.9861526,0.972515
308,13e,banda,0,0.9499,0.4975395,0.8532394,0.8041747,0.8532394,0.97307914,0.9128883,0.90898293,0.8727862,0.87508076,0.8713383
309,13e,alto,1,0.9713,0.31983572,0.99357504,0.994079,0.99357504,0.9957198,0.99875224,0.99384016,0.98776084,0.99761575,0.9850347
311,13e,banda,1,0.9372,0.8470093,0.99446875,0.97895753,0.99446875,0.99561197,0.99319315,0.98775494,0.9889812,0.996724,0.99533486
314,13e,banda,0,0.9596,0.32570454,0.00055382843,0.016951567,0.00055382843,0.0047367844,0.0029794564,0.00076003827,0.01482153,0.00043256397,0.00059434975
315,13e,banda,1,0.9627,0.5182456,0.9937716,0.9893532,0.9937716,0.99586594,0.99825066,0.9896852,0.9859703,0.9980653,0.99657524
316,13e,bajo,0,0.9216,0.0018150881,3.1088707e-06,0.00030089208,3.1088707e-06,5.595354e-05,1.7747312e-05,0.00025723217,0.00019720275,0.00010854306,0.00043017243
321,13e,banda,1,0.9544,0.54828733,0.9956415,0.99186194,0.9956415,0.99601924,0.9989023,0.9885455,0.9946421,0.9985517,0.9976287
322,13e,banda,1,0.9549,0.7725291,0.9969954,0.9906627,0.9969954,0.9966727,0.99881816,0.9937674,0.99314773,0.9982515,0.997071
323,13e,bajo,1,0.9161,0.15548581,0.60151833,0.4960096,0.60151833,0.90943617,0.6318308,0.45460194,0.81450176,0.7135792,0.3625837
324,13e,alto,1,0.9763,0.70610124,0.9963589,0.9811099,0.9963589,0.99591935,0.9986621,0.9902636,0.9946072,0.9984254,0.99755317
325,13e,banda,1,0.9325,0.85010314,0.98213655,0.9948949,0.98213655,0.9951284,0.9983232,0.9933735,0.9940786,0.9959342,0.9790468
329,13e,bajo,0,0.9071,0.48527235,2.5388938e-05,0.001144546,2.5388938e-05,5.338564e-05,0.00017528996,0.00018244964,0.0008243187,0.00027574346,0.00034431924
331,13e,banda,1,0.9615,0.21404107,0.7090955,0.97057253,0.7090955,0.9335665,0.9859828,0.9637526,0.92432535,0.9784795,0.9774877
336,13e,banda,1,0.9552,0.48205468,0.9946024,0.9855562,0.9946024,0.9955999,0.9973285,0.98404473,0.979652,0.9961795,0.9942707
337,13e,bajo,0,0.916,0.99246305,0.99689823,0.9927403,0.99689823,0.9959262,0.98921406,0.9887216,0.99524426,0.9975545,0.9941734
338,13e,banda,1,0.9386,0.0140757095,0.020345634,0.16203023,0.020345634,0.018729737,0.013135554,0.024938967,0.07550327,0.024159472,0.055088464
341,13e,banda,1,0.956,0.035904318,0.9958021,0.99387926,0.9958021,0.99530345,0.99824667,0.9930416,0.98609763,0.995226,0.9761858
343,13e,banda,1,0.9502,0.6151837,0.9924923,0.9887238,0.9924923,0.99525744,0.99728954,0.99113244,0.99169433,0.9955776,0.98451
344,13e,bajo,0,0.9068,0.5333531,0.95148903,0.98245496,0.95148903,0.9793504,0.9971434,0.99081635,0.9797575,0.9891688,0.99126506
345,13e,banda,1,0.9622,0.91188943,0.9934256,0.99022675,0.9934256,0.99561,0.9984835,0.9921593,0.9881943,0.99773127,0.9954752
347,13e,banda,1,0.961,0.50042534,0.9965427,0.99511975,0.9965427,0.99694717,0.9986739,0.99546057,0.99551725,0.99830675,0.9970142
349,13e,bajo,1,0.9106,0.2958278,0.9964648,0.9949876,0.9964648,0.99641657,0.998655,0.9941928,0.9931304,0.9985147,0.9973141
353,13e,alto,1,0.9731,0.39788073,0.996218,0.97737575,0.996218,0.9909532,0.9968296,0.9485036,0.97512746,0.9969626,0.9963304
355,13e,banda,0,0.9363,0.5062429,0.9966684,0.9919887,0.9966684,0.9966059,0.9985351,0.9923839,0.9891881,0.99641305,0.9943402
357,13e,bajo,1,0.9182,0.38237906,0.996176,0.9885154,0.996176,0.9961593,0.9987438,0.9919762,0.9819328,0.99721265,0.9916614
358,13e,alto,1,0.9737,0.61329114,0.9965634,0.9930487,0.9965634,0.99690884,0.99859965,0.9928388,0.9943267,0.9977474,0.9970946
359,13e,banda,1,0.9675,0.7054738,0.9964692,0.9895338,0.9964692,0.9964651,0.9984712,0.9937638,0.9957425,0.9985785,0.99828434
363,13e,alto,1,0.9749,0.9616127,0.99681365,0.9923489,0.99681365,0.99695224,0.9988079,0.9918412,0.9967955,0.99865395,0.99792445
364,13e,banda,1,0.9431,0.59515,0.9964411,0.9966069,0.9964411,0.9958848,0.9988076,0.9957998,0.99349725,0.9967871,0.985186
365,13e,banda,1,0.9339,0.6262992,0.99427104,0.96810514,0.99427104,0.9814184,0.99124527,0.9325795,0.98353535,0.9939134,0.99137247
366,13e,banda,0,0.9512,0.04025957,4.8709667e-06,0.00080946396,4.8709667e-06,9.163444e-05,1.2951639e-05,0.0001429414,0.00015306997,0.0002519041,0.0006949821
367,13e,banda,0,0.9415,0.43593794,6.284469e-05,0.0020741813,6.284469e-05,5.853748e-05,0.0002726656,0.00023633667,0.0054127164,0.001342245,0.00075772085
368,13e,banda,0,0.9411,0.5750283,0.0033032666,0.013446854,0.0033032666,0.0005060757,0.0005365062,0.00054366665,0.02746386,0.053696696,0.008817037
369,13e,banda,1,0.9529,0.026748624,0.9958479,0.9914635,0.9958479,0.9934624,0.99888486,0.98946863,0.99592346,0.99838257,0.9946449
375,13e,bajo,0,0.9009,0.079727866,0.9817217,0.9875541,0.9817217,0.96550906,0.98016876,0.9804729,0.949709,0.96393734,0.9319252
378,13e,banda,1,0.9364,0.068589605,0.9265558,0.951323,0.9265558,0.97940093,0.9852245,0.9870057,0.89499015,0.9843925,0.8679521
379,13e,bajo,1,0.9035,0.016039725,0.90920854,0.9345802,0.90920854,0.9209878,0.39153886,0.9719036,0.8060201,0.6436339,0.500387
382,13e,banda,1,0.9485,0.95645255,0.9968994,0.994064,0.9968994,0.9965821,0.9988469,0.9942842,0.9965987,0.99891764,0.9981531
383,13e,bajo,1,0.9062,0.8560399,0.7321897,0.85708904,0.7321897,0.93910885,0.6654519,0.96025294,0.8094692,0.85445285,0.6668314
384,13e,banda,1,0.9552,0.6300628,0.8852845,0.91732264,0.8852845,0.7629214,0.95887774,0.9340795,0.8778737,0.9254555,0.90951556
385,13e,banda,1,0.9561,0.4176386,0.9878218,0.9898273,0.9878218,0.94029844,0.9958696,0.9765441,0.94593424,0.98934203,0.9799605
387,13e,alto,1,0.9702,0.89178985,0.9961804,0.978239,0.9961804,0.99630654,0.9984695,0.99106187,0.9919344,0.9977526,0.99668586
390,13e,alto,1,0.9765,0.9398794,0.9969308,0.9928321,0.9969308,0.99702483,0.9987359,0.99418044,0.99410003,0.99826276,0.9974647
393,13e,banda,1,0.9479,0.522765,0.9751198,0.98995537,0.9751198,0.9885004,0.98500645,0.9860613,0.9458176,0.9840328,0.9557884
394,13e,banda,1,0.9357,0.05226159,0.98043394,0.967411,0.98043394,0.93422943,0.9972232,0.9557762,0.91037816,0.9834432,0.98172
395,13e,banda,1,0.9322,0.7250328,0.98847806,0.9852173,0.98847806,0.98713344,0.99813175,0.9679525,0.97834367,0.99611443,0.9852309
397,13e,bajo,1,0.9099,0.0017775276,0.90464807,0.9341172,0.90464807,0.7248505,0.8149056,0.25474593,0.8894533,0.8971996,0.35910732
398,13e,banda,1,0.9646,0.9902449,0.9963849,0.9943104,0.9963849,0.99664146,0.9986571,0.99522024,0.9960581,0.99877846,0.9981638
1,20,banda,1,0.9501,0.4912784,0.952654,0.9515666,0.952654,0.95112425,0.9962778,0.918566,0.95476466,0.9946569,0.93719226
2,20,banda,0,0.9612,0.10500616,9.0896965e-06,0.0004681602,9.0896965e-06,4.2964297e-05,7.593803e-05,0.00020301563,0.00040256244,8.535435e-05,0.00029820294
3,20,banda,0,0.9336,0.29635948,5.2501464e-06,4.8974093e-06,5.2501464e-06,7.530546e-06,1.4206171e-06,1.7621493e-06,0.0002601833,0.0026345854,0.0033839978
4,20,banda,1,0.9413,0.5627767,0.9926998,0.9955442,0.9926998,0.99643964,0.99481136,0.99321514,0.9910563,0.9966016,0.99352956
5,20,banda,1,0.9507,0.69673604,0.9950125,0.9934627,0.9950125,0.9953749,0.99856097,0.98581254,0.9567645,0.9962872,0.98688364
6,20,banda,1,0.9415,0.5302162,0.99586457,0.9768019,0.99586457,0.99315566,0.9983427,0.97708434,0.9759945,0.9882463,0.9881784
7,20,banda,1,0.9559,0.44050676,0.92949367,0.9565496,0.92949367,0.981561,0.99659747,0.9818691,0.8933142,0.84748137,0.87446415
8,20,banda,1,0.9475,0.51601684,0.99637353,0.9835644,0.99637353,0.99613976,0.99850464,0.9911425,0.99508077,0.99826956,0.99722993
9,20,banda,1,0.9558,0.65997887,0.9965938,0.98993087,0.9965938,0.9965407,0.9986449,0.99366486,0.9920043,0.99860185,0.99741673
10,20,banda,0,0.9348,0.3114574,7.040151e-06,0.0005147504,7.040151e-06,2.1487183e-05,3.68284e-05,0.00051591254,0.0008593004,0.000492623,0.00033493715
11,20,banda,1,0.9398,0.51566243,0.9911057,0.93742853,0.9911057,0.9617949,0.99418443,0.9661582,0.969391,0.987435,0.99188614
12,20,banda,1,0.9441,0.89852417,0.9856327,0.98512447,0.9856327,0.9941525,0.9967406,0.9312509,0.9872022,0.9952319,0.99579763
13,20,banda,1,0.9616,0.9763849,0.99616337,0.9947343,0.99616337,0.9965997,0.99884313,0.99295735,0.9963601,0.9987544,0.99735594
14,20,bajo,1,0.9051,0.7289276,0.9901952,0.98368555,0.9901952,0.9917883,0.9963904,0.9885121,0.98420316,0.994851,0.9915135
15,20,bajo,0,0.9056,0.48410785,0.58384305,0.95489407,0.58384305,0.1856547,0.06326116,0.7976639,0.22832029,0.2130155,0.35750404
16,20,banda,1,0.9383,0.121285364,0.9940279,0.9719077,0.9940279,0.9920792,0.9981124,0.97979355,0.9870992,0.9978991,0.9903613
17,20,banda,1,0.9402,0.49585068,0.9860439,0.9866303,0.9860439,0.99195045,0.93136674,0.98484826,0.9742649,0.9909806,0.9838194
18,20,banda,1,0.9526,0.91376805,0.9963215,0.985104,0.9963215,0.9959991,0.99864256,0.99300766,0.994926,0.99865097,0.99736476
19,20,banda,0,0.9482,0.00029618427,0.00042555592,0.0030064215,0.00042555592,0.0014995141,0.00047107798,0.00495219,0.0068197334,0.00081755983,0.0019152353
20,20,banda,1,0.9623,0.60367477,0.9864193,0.97790295,0.9864193,0.9888836,0.9964966,0.9754453,0.98446375,0.99014693,0.97319865
21,20,banda,0,0.936,0.2215862,0.8656673,0.92738384,0.8656673,0.934404,0.8900166,0.88897765,0.84204483,0.34247333,0.8744766
22,20,banda,1,0.9633,0.535187,0.0018794078,0.024346938,0.0018794078,0.019885808,0.0015895554,0.101982094,0.0026905017,0.7353266,0.6717099
23,20,banda,1,0.9604,0.91484845,0.99697804,0.9943984,0.99697804,0.99686956,0.9988396,0.99446166,0.99631864,0.9987919,0.9981666
24,20,banda,1,0.9499,0.9990243,0.9974798,0.99734396,0.9974798,0.9972256,0.99894154,0.9963146,0.9968192,0.99888605,0.9985039
25,20,banda,1,0.946,0.98470974,0.9967749,0.995362,0.9967749,0.99708724,0.998849,0.99353373,0.99701464,0.9985538,0.99767345
26,20,bajo,0,0.9243,0.4478944,0.99650544,0.99245167,0.99650544,0.99603695,0.99849665,0.99200594,0.99573433,0.9983205,0.99712455
27,20,banda,1,0.9352,0.5482296,0.9960484,0.9911458,0.9960484,0.9953774,0.997922,0.9876072,0.9888563,0.9976701,0.9963286
28,20,banda,0,0.9429,0.46550962,1.1142487e-05,6.6468806e-06,1.1142487e-05,6.5354134e-06,2.3450693e-06,4.6905084e-06,5.2484615e-05,0.0013680507,0.0026260745
29,20,banda,1,0.9632,0.96983033,0.9968356,0.9963573,0.9968356,0.99668026,0.99891347,0.9956635,0.9969223,0.99896115,0.9983257
30,20,banda,1,0.952,0.5811195,0.9967578,0.98989165,0.9967578,0.99480885,0.99865055,0.97809243,0.98983574,0.9963313,0.9953358
32,20,bajo,1,0.9018,0.49626392,0.9394873,0.9323333,0.9394873,0.99173176,0.90513366,0.97992164,0.91271657,0.9547545,0.96379495
33,20,bajo,1,0.9011,0.7616489,0.9877915,0.97709715,0.9877915,0.9934254,0.9966041,0.9919185,0.9781087,0.9918268,0.98445654
34,20,banda,1,0.9402,0.92144185,0.99682695,0.98488915,0.99682695,0.9965291,0.9985418,0.9932169,0.994943,0.9985325,0.99764067
35,20,banda,1,0.9605,0.7982608,0.99602824,0.9961635,0.99602824,0.99681944,0.99845445,0.99591017,0.99637955,0.9973887,0.9935896
36,20,banda,1,0.9526,0.6429989,0.9954765,0.988274,0.9954765,0.9919787,0.9967831,0.9475133,0.9941713,0.9949779,0.9954525
37,20,bajo,0,0.9073,0.05087031,0.88277185,0.89047945,0.88277185,0.85393757,0.97919744,0.90876764,0.90817285,0.96702224,0.85631347
38,20,banda,0,0.9321,0.26075676,0.9952975,0.99321353,0.9952975,0.9948925,0.99836046,0.9945954,0.9935781,0.99545044,0.99775386
39,20,banda,1,0.9574,0.45664966,0.28668037,0.9508916,0.28668037,0.6687868,0.9016348,0.32152674,0.23522766,0.97486705,0.88271874
40,20,banda,1,0.9605,0.4247549,0.98199254,0.9693542,0.98199254,0.95019865,0.9953249,0.9562104,0.9154364,0.97621846,0.97502774
41,20,banda,0,0.9365,0.29216883,0.5816918,0.5146566,0.5816918,0.77782327,0.3876081,0.086450554,0.663636,0.93232036,0.62969136
42,20,banda,1,0.933,0.9142782,0.9954916,0.99373186,0.9954916,0.9964562,0.99875546,0.99390906,0.98811156,0.9985708,0.9973887
43,20,banda,1,0.9513,0.95902884,0.99622554,0.99113715,0.99622554,0.99678975,0.9985926,0.99423593,0.9938651,0.99861217,0.99757195
44,20,banda,1,0.9324,0.50534225,0.9953415,0.99610513,0.9953415,0.99632436,0.99868065,0.99185395,0.99312454,0.9980183,0.9974805
45,20,banda,1,0.9339,0.050226435,7.927681e-06,0.0010458521,7.927681e-06,0.00015900808,1.686711e-05,0.00011537267,0.00026270698,0.0005359192,0.0012312273
47,20,banda,1,0.946,0.90465754,0.96660495,0.9653358,0.96660495,0.9947035,0.95943904,0.98658025,0.98880213,0.9972307,0.9972448
48,20,banda,1,0.9513,0.5066496,0.99646443,0.99452454,0.99646443,0.99632174,0.9988505,0.9929828,0.99428564,0.99864155,0.9972398
49,20,banda,0,0.9515,0.22316167,6.724689e-06,0.00047221463,6.724689e-06,3.142109e-05,5.7037152e-05,0.00020171357,0.0005834741,6.63445e-05,0.00046958347
50,20,banda,0,0.9644,0.066821635,3.3319193e-06,0.0003382542,3.3319193e-06,1.3000449e-05,1.7948494e-05,0.000165016,0.00027133003,7.190654e-05,0.00031687945
51,20,banda,1,0.9572,0.50120604,0.99698406,0.9967828,0.99698406,0.99686456,0.9989635,0.99446917,0.9971241,0.9986744,0.9980916
52,20,banda,0,0.931,0.14330217,0.96548843,0.9718734,0.96548843,0.96924186,0.92539454,0.9605393,0.88336366,0.9838618,0.9496177
54,20,banda,1,0.9413,0.5400983,0.9955752,0.9888388,0.9955752,0.83876294,0.98632044,0.98532164,0.9905517,0.99558383,0.99259806
55,20,banda,1,0.9304,0.75662076,0.99573845,0.9674694,0.99573845,0.99553585,0.9982097,0.9767524,0.9921576,0.99785554,0.99671793
57,20,banda,1,0.937,0.92408466,0.9924864,0.98502874,0.9924864,0.99591494,0.99828345,0.99343735,0.9852928,0.99724483,0.99628377
58,20,banda,0,0.9539,0.25458792,1.18989265e-05,0.00044013394,1.18989265e-05,3.700172e-05,4.2269945e-05,0.00026957956,0.0005854796,9.944703e-05,0.00058784976
59,20,alto,1,0.9726,0.95500124,0.9966394,0.993491,0.9966394,0.99664694,0.9987836,0.9942085,0.99501246,0.99872416,0.9978581
60,20,banda,1,0.9566,0.4931661,0.9952083,0.96721256,0.9952083,0.99414486,0.99747384,0.97550565,0.97540545,0.99389917,0.99104995
62,20,bajo,0,0.9066,0.0684876,0.8755783,0.9702238,0.8755783,0.7719842,0.9193156,0.9769552,0.8492643,0.6762049,0.7552224
63,20,banda,1,0.9654,0.018687911,0.00014705838,8.687829e-05,0.00014705838,2.307671e-05,2.6730322e-06,6.385513e-05,0.0009536508,0.0028893205,0.0023967926
64,20,banda,1,0.9523,0.30576602,0.9350678,0.9790746,0.9350678,0.97955894,0.9872575,0.9623934,0.8487178,0.8944809,0.8980036
65,20,banda,1,0.9632,0.560452,0.8689961,0.9417121,0.8689961,0.9112146,0.99630344,0.9460969,0.9515522,0.98507226,0.9848439
66,20,bajo,0,0.9012,0.26260552,4.545212e-06,0.00080471433,4.545212e-06,4.1089817e-05,1.7461478e-05,0.00043618935,0.0008020648,0.00030472587,0.0004246633
67,20,banda,1,0.9485,0.9672257,0.9964301,0.9886167,0.9964301,0.9963342,0.9983825,0.993478,0.9911337,0.99805766,0.99737626
68,20,banda,1,0.9454,0.6000257,0.99262977,0.9713996,0.99262977,0.97381574,0.9977391,0.9683848,0.9471747,0.9835884,0.95350134
69,20,bajo,1,0.9115,0.9744319,0.9964187,0.99303246,0.9964187,0.9963033,0.99871904,0.99357283,0.99599624,0.9986,0.99838144
71,20,bajo,1,0.925,0.4498766,0.9903995,0.9670721,0.9903995,0.9905224,0.9940275,0.9586154,0.9281032,0.9276048,0.97568345
72,20,banda,1,0.9388,0.2571379,0.9476655,0.9639203,0.9476655,0.9757535,0.99521905,0.9256942,0.9582976,0.95200956,0.9742261
73,20,bajo,0,0.9137,0.25879568,6.3849297e-06,0.00033299858,6.3849297e-06,2.1559117e-05,2.2492204e-05,0.0005497757,0.0014115688,0.00022490657,0.00043688732
74,20,banda,1,0.944,0.5997331,0.9969767,0.9941281,0.9969767,0.996322,0.99871975,0.9928,0.9964898,0.99877113,0.9982574
76,20,banda,1,0.9477,0.66659176,0.99565566,0.9788431,0.99565566,0.9930756,0.99680835,0.9584485,0.9869434,0.99518985,0.99029446
77,20,banda,1,0.9392,0.96103305,0.9963272,0.993744,0.9963272,0.99550486,0.9986665,0.9942744,0.99598616,0.9987288,0.9976563
78,20,banda,1,0.9642,0.51701427,0.0026149189,0.046660807,0.0026149189,0.007862997,9.737641e-05,0.010155051,0.0055125286,0.78793716,0.937912
79,20,banda,1,0.9667,0.9665199,0.996593,0.9905869,0.996593,0.99651736,0.9984054,0.9931323,0.9931857,0.99724305,0.9970994
80,20,banda,0,0.9415,0.0008372375,9.4872536e-07,0.00033677238,9.4872536e-07,2.9285635e-05,9.789017e-06,0.000108294975,6.1638486e-05,4.7561556e-05,0.0003671511
81,20,banda,1,0.9482,0.51199245,0.89431894,0.9923723,0.89431894,0.729439,0.9792403,0.983475,0.92196923,0.93204457,0.9706883
83,20,banda,1,0.9362,0.5996154,0.9965171,0.9956698,0.9965171,0.99654406,0.99869436,0.9918728,0.99665993,0.99857306,0.99705374
84,20,banda,1,0.9553,0.8727155,0.9960968,0.9874286,0.9960968,0.9961249,0.9981845,0.99353594,0.9956178,0.99861324,0.99824774
85,20,banda,1,0.9375,0.79323924,0.986783,0.9892403,0.986783,0.9905755,0.99544823,0.98756075,0.9921927,0.9940687,0.9928922
86,20,banda,0,0.9412,0.27671528,5.3045524e-06,0.00046108436,5.3045524e-06,4.4865716e-05,3.5141515e-05,0.0002738795,0.0007229307,4.1446685e-05,0.0003700101
87,20,banda,1,0.9331,0.31768215,0.99682933,0.9953762,0.99682933,0.9967922,0.99879295,0.99488217,0.9937636,0.9982979,0.9968975
90,20,banda,1,0.9494,0.8620324,0.9968881,0.9912639,0.9968881,0.99612796,0.9987354,0.9895256,0.99404603,0.99849343,0.9978736
91,20,banda,1,0.9665,0.90601665,0.9968159,0.9947291,0.9968159,0.99649763,0.99856734,0.99310917,0.99640155,0.99860144,0.9977865
93,20,banda,1,0.9571,0.15290791,0.97891355,0.98141396,0.97891355,0.96976465,0.9814362,0.9560968,0.9644265,0.94440705,0.91036975
94,20,banda,1,0.9366,0.51827544,0.18971714,0.5065311,0.18971714,0.48544073,0.084792174,0.80097544,0.6397121,0.8400232,0.8830151
95,20,banda,1,0.9369,0.53319764,0.9962214,0.9889341,0.9962214,0.995334,0.9981574,0.9925755,0.9949495,0.9981643,0.9962479
96,20,banda,0,0.951,0.22533278,7.997859e-06,0.0007002955,7.997859e-06,2.54205e-05,4.6779005e-05,0.00014197172,0.0016763835,8.575454e-05,0.00025115674
97,20,banda,0,0.9404,0.19935392,0.0011049565,5.498719e-05,0.0011049565,7.577514e-05,6.1132755e-06,0.0023221576,0.0077896477,0.03905209,0.030357704
98,20,bajo,1,0.9005,0.10066247,0.014907449,0.6344325,0.014907449,0.5052913,0.5239792,0.90376395,0.19683498,0.30434746,0.030223079
99,20,banda,1,0.9486,0.53159165,0.99545574,0.98521054,0.99545574,0.99033684,0.99816996,0.9635166,0.99432373,0.9953505,0.99581015
100,20,banda,0,0.9428,0.003365458,1.2665415e-05,1.9469971e-05,1.2665415e-05,1.1546172e-05,1.8815932e-06,1.07863325e-05,0.0018047948,0.00032061592,0.0013552385
101,20,banda,1,0.9358,0.9342271,0.99384284,0.99367875,0.99384284,0.99632126,0.99851465,0.99418646,0.9877139,0.99652094,0.9905629
102,20,banda,1,0.9644,0.97385645,0.9966822,0.99420947,0.9966822,0.996791,0.9988596,0.99442756,0.99659944,0.9987987,0.9981154
103,20,banda,1,0.939,0.81154704,0.99626154,0.9900053,0.99626154,0.99630153,0.99753857,0.9908965,0.99016625,0.99788135,0.9968283
104,20,banda,1,0.952,0.49022576,0.99500054,0.98763543,0.99500054,0.9949161,0.997432,0.9883069,0.9808363,0.99209136,0.9912356
105,20,banda,0,0.9405,0.5001567,0.1107926,0.41579518,0.1107926,0.25865126,0.05321425,0.77843875,0.16946602,0.71093184,0.1732839
107,20,banda,1,0.9473,0.9650581,0.99573046,0.99359024,0.99573046,0.994173,0.99891394,0.9932952,0.99398416,0.9986402,0.9955468
108,20,banda,0,0.9509,0.029852469,0.99678946,0.9944528,0.99678946,0.99202526,0.99879813,0.97927696,0.9970925,0.9985161,0.9955382
109,20,banda,1,0.96,0.9091821,0.9958379,0.98254,0.9958379,0.9966759,0.9983948,0.99173856,0.9942551,0.99759513,0.996932
110,20,banda,1,0.951,0.97694606,0.9967249,0.99356854,0.9967249,0.99665946,0.9987415,0.9942846,0.99555486,0.9987391,0.9979027
111,20,banda,0,0.9316,0.0025783023,0.004273341,0.000716735,0.004273341,0.00038551356,3.8575217e-05,0.00016528412,0.019949682,0.006053486,0.009790963
112,20,banda,1,0.9456,0.23517159,0.9395574,0.7945395,0.9395574,0.60513985,0.78007084,0.834826,0.81688887,0.9583679,0.44718698
114,20,bajo,1,0.9039,0.06623715,0.99472797,0.9695451,0.99472797,0.9876576,0.9977037,0.9580243,0.9836139,0.9926157,0.99171233
115,20,banda,0,0.9326,0.42448923,3.207883e-05,9.419886e-06,3.207883e-05,9.676939e-06,4.021775e-06,4.7436515e-06,8.6209606e-05,0.002181658,0.0026096809
116,20,banda,1,0.9396,0.741758,0.9716703,0.98736084,0.9716703,0.9954254,0.9953048,0.98734504,0.9730939,0.9955528,0.98812675
117,20,bajo,1,0.9052,0.95043087,0.93400234,0.9946678,0.93400234,0.9949106,0.9986657,0.9934151,0.9858474,0.998412,0.989201
118,20,banda,1,0.9316,0.61469877,0.9947102,0.9839663,0.9947102,0.9963304,0.9983439,0.99076957,0.9929738,0.9979945,0.994894
119,20,banda,0,0.9428,0.46357206,6.3536045e-06,1.9061868e-05,6.3536045e-06,6.2928875e-06,1.7096696e-06,1.8751593e-06,0.00019842654,0.003405318,0.0022271601
120,20,banda,1,0.943,0.48590952,0.9746829,0.96784544,0.9746829,0.96217984,0.98012567,0.9544534,0.96873987,0.9937518,0.98999274
121,20,banda,1,0.968,0.44256654,0.99675065,0.9867403,0.99675065,0.99609256,0.99853355,0.99000216,0.99404174,0.9981434,0.9967991
122,20,banda,1,0.9488,0.88575137,0.99641067,0.9950166,0.99641067,0.995956,0.9988024,0.9944323,0.99623644,0.9987383,0.997965
123,20,bajo,0,0.9285,0.4819678,3.9797387e-06,0.0002955502,3.9797387e-06,1.114019e-05,2.3381426e-05,0.00013204708,0.00013530554,0.000109151755,0.0003346715
124,20,banda,1,0.9361,0.42888615,0.95983523,0.9567017,0.95983523,0.9911403,0.99306345,0.97684497,0.89641136,0.98168063,0.975294
125,20,bajo,1,0.9287,0.50007904,0.9344253,0.9807926,0.9344253,0.98531896,0.98520076,0.961704,0.85423034,0.9823605,0.9104603
126,20,banda,1,0.9681,0.8765252,0.9962889,0.98538685,0.9962889,0.9959243,0.99813354,0.99214447,0.9937323,0.9982479,0.9972641
127,20,banda,1,0.9401,0.5135034,0.9475423,0.930685,0.9475423,0.8859414,0.9885985,0.63377744,0.95663905,0.98449343,0.9212972
129,20,banda,1,0.9514,0.7879385,0.99652195,0.99078393,0.99652195,0.99560034,0.9982963,0.9923656,0.99246025,0.9976958,0.9967849
130,20,banda,1,0.9603,0.64741695,0.9958883,0.99376273,0.9958883,0.9946092,0.9987181,0.9931339,0.9932462,0.99819547,0.9964125
131,20,bajo,0,0.9095,0.5483685,0.022294702,0.054151606,0.022294702,0.15240024,0.00026242065,0.030035717,0.052254308,0.18128356,0.28594172
132,20,banda,1,0.9312,0.4170593,0.00022669323,5.2982345e-05,0.00022669323,1.9780398e-05,2.1091007e-06,7.1793154e-05,0.0003128049,0.004531257,0.0029797964
133,20,banda,1,0.9675,0.5492917,0.9942347,0.994525,0.9942347,0.9963112,0.998715,0.99495924,0.97944534,0.99634564,0.9697392
134,20,banda,1,0.9558,0.5633572,0.9943137,0.99531746,0.9943137,0.99687344,0.9981874,0.99220204,0.980893,0.99611956,0.9872234
135,20,banda,1,0.9416,0.8558483,0.42384937,0.16477123,0.42384937,0.14019506,0.016663348,0.6458577,0.55345607,0.29051298,0.20148322
136,20,banda,1,0.9582,0.5028562,0.99653035,0.99373573,0.99653035,0.9962177,0.9986977,0.99102724,0.9956574,0.99836355,0.9974394
137,20,banda,1,0.9583,0.9738598,0.99619514,0.99093074,0.99619514,0.9964431,0.99835026,0.99100447,0.99529666,0.9972533,0.9965918
138,20,banda,1,0.9335,0.49983796,0.99661773,0.9924058,0.99661773,0.9939733,0.99850273,0.98325825,0.991163,0.9973929,0.99257743
139,20,banda,1,0.9601,0.9509708,0.99684906,0.9926573,0.99684906,0.9968593,0.9985866,0.9926665,0.9952377,0.9978839,0.9973002
140,20,banda,1,0.9641,0.55755424,0.9787556,0.9789429,0.9787556,0.79818094,0.9879961,0.8608283,0.98599285,0.99446905,0.98234427
141,20,banda,1,0.9598,0.9327988,0.9966955,0.99257946,0.9966955,0.9965604,0.998692,0.9936108,0.9945458,0.9984209,0.99734855
142,20,bajo,0,0.9083,0.50917053,0.99350446,0.9445785,0.99350446,0.41395938,0.25094557,0.9387923,0.9295344,0.9602352,0.99545443
143,20,banda,1,0.9484,0.90652084,0.9951195,0.98882085,0.9951195,0.9966202,0.9984614,0.9925607,0.9921314,0.9978467,0.9948351
144,20,banda,1,0.9357,0.5281128,0.9552405,0.99623656,0.9552405,0.9964454,0.9972446,0.9888766,0.9838317,0.9958888,0.9898821
145,20,banda,1,0.965,0.5740654,0.9829794,0.9930563,0.9829794,0.99586076,0.9973217,0.9902007,0.98658246,0.9925842,0.9822569
146,20,banda,1,0.9641,0.4348052,0.9970212,0.9936909,0.9970212,0.99628395,0.99875194,0.99130666,0.9907397,0.99835336,0.99510896
147,20,bajo,1,0.9234,0.11192419,0.0031021708,0.00503333,0.0031021708,0.00046873657,0.0003165009,0.0037228588,0.0071506035,0.020257011,0.0053190747
148,20,banda,1,0.9524,0.52388126,0.9961185,0.9953996,0.9961185,0.99674594,0.99866015,0.9935719,0.99548054,0.99796325,0.9978054
149,20,banda,1,0.9583,0.49932286,0.9968993,0.9960004,0.9968993,0.9958867,0.9989138,0.9951773,0.9955258,0.9986812,0.9977402
150,20,banda,1,0.9601,0.8503344,0.9967823,0.9895858,0.9967823,0.99637705,0.9983156,0.9901872,0.99470705,0.998022,0.99668306
151,20,banda,1,0.962,0.1946592,0.972171,0.987453,0.972171,0.99296194,0.9965693,0.9838734,0.9410814,0.988255,0.9735491
152,20,banda,1,0.9403,0.4623127,0.942626,0.9799462,0.942626,0.9945001,0.9835329,0.979817,0.9421178,0.9586594,0.96163344
153,20,banda,1,0.943,0.042088106,0.99496114,0.99561757,0.99496114,0.9963818,0.99492323,0.99300754,0.99461997,0.9967921,0.9714736
154,20,banda,1,0.9491,0.68945706,0.98495775,0.97461414,0.98495775,0.9918788,0.99754226,0.99046475,0.9819861,0.9930933,0.98730063
155,20,bajo,0,0.9252,0.011709956,0.0029069204,0.04044106,0.0029069204,0.0016609322,0.0014713799,0.0076490077,0.152902,0.008137004,0.040836237
156,20,banda,1,0.9485,0.44131646,0.9932892,0.9658666,0.9932892,0.9471927,0.9846921,0.81508017,0.9183786,0.99017924,0.9767288
158,20,banda,1,0.9402,0.5103186,0.82865125,0.9914782,0.82865125,0.9258938,0.81147504,0.91867334,0.8475701,0.9579444,0.9445274
159,20,banda,1,0.9455,0.5010497,0.9956634,0.99314207,0.9956634,0.99611425,0.99853903,0.993518,0.9891918,0.9980625,0.9974501
160,20,banda,1,0.9361,0.7572815,0.99454737,0.95838714,0.99454737,0.99288493,0.997562,0.95500916,0.9867111,0.9881978,0.9947457
161,20,banda,1,0.949,0.54999626,0.9801286,0.9809758,0.9801286,0.9879545,0.9972275,0.98984516,0.9771906,0.9937831,0.9896568
162,20,banda,1,0.9617,0.5120084,0.9949439,0.9711935,0.9949439,0.99554074,0.9969185,0.9881928,0.9885929,0.9947776,0.9934957
163,20,banda,1,0.9309,0.47137064,0.94507676,0.9778291,0.94507676,0.96595985,0.9955773,0.95006603,0.8600097,0.8992992,0.8329295
164,20,bajo,1,0.9103,0.9698067,0.9959489,0.991405,0.9959489,0.99641275,0.9986441,0.9935249,0.99461424,0.9987496,0.9976702
165,20,banda,1,0.9587,0.5433072,0.011737538,0.11114065,0.011737538,0.017297512,0.003514184,0.119693905,0.73679405,0.60511374,0.9764168
166,20,banda,1,0.954,0.45033234,9.527587e-05,2.7905626e-05,9.527587e-05,3.469816e-05,4.6714654e-06,4.0253494e-06,0.00026236556,0.013913901,0.003938619
167,20,banda,1,0.9592,0.36038083,0.96118,0.96235806,0.96118,0.9835203,0.99146104,0.9750946,0.8849349,0.9804763,0.9768808
168,20,banda,1,0.9612,0.9318018,0.9965522,0.9960431,0.9965522,0.9964567,0.998887,0.9947017,0.9969104,0.99893683,0.99808395
169,20,banda,1,0.9466,0.880399,0.9961999,0.758375,0.9961999,0.9962193,0.7087115,0.973297,0.90076464,0.99848336,0.9980639
171,20,banda,1,0.9694,0.8344796,0.99663466,0.9932641,0.99663466,0.9966772,0.9988416,0.99391264,0.99547344,0.99866843,0.9979426
172,20,banda,1,0.9661,0.5712289,0.99151856,0.99309593,0.99151856,0.9908591,0.997504,0.9806929,0.98086554,0.98177433,0.984681
173,20,banda,1,0.9357,0.9110323,0.99591357,0.982875,0.99591357,0.9934068,0.99826044,0.99136996,0.9726358,0.9958872,0.9930305
174,20,banda,1,0.9513,0.67735535,0.9764155,0.98067325,0.9764155,0.99208623,0.99426776,0.9711101,0.96756953,0.9901393,0.96625584
175,20,banda,1,0.9339,0.8403102,0.9959064,0.98589087,0.9959064,0.99598694,0.99811465,0.98362345,0.9932036,0.9982637,0.9967381
176,20,alto,1,0.9732,0.12247979,8.496853e-05,0.0021955164,8.496853e-05,0.00011176539,0.000340839,0.0006688433,0.0017917092,0.0018220921,0.0013348517
177,20,bajo,0,0.9016,0.48091727,0.97226775,0.984085,0.97226775,0.99101895,0.9513142,0.9704627,0.9742464,0.89684135,0.9095222
178,20,banda,1,0.9336,0.99465,0.9947437,0.99460816,0.9947437,0.9967663,0.99878097,0.99496573,0.96374595,0.9983908,0.9978384
179,20,banda,1,0.9676,0.9530426,0.99546576,0.98995227,0.99546576,0.996376,0.9983095,0.99306715,0.99539214,0.998453,0.9979647
180,20,bajo,1,0.9299,0.0063701957,0.8884465,0.87210876,0.8884465,0.8328174,0.37208092,0.6469879,0.878899,0.9377146,0.93752253
181,20,banda,1,0.9382,0.92891514,0.9940984,0.9954378,0.9940984,0.996532,0.9982272,0.99518824,0.99295014,0.99787384,0.9967717
182,20,banda,0,0.9607,0.19344588,4.871259e-06,0.00038833477,4.871259e-06,2.0122403e-05,2.6483538e-05,0.00015176467,0.00038408884,0.00010892331,0.00034127524
183,20,banda,1,0.9639,0.4776811,0.9898392,0.9768311,0.9898392,0.98048836,0.9899885,0.9509266,0.9215035,0.9411427,0.97856855
184,20,banda,0,0.9388,0.6338997,0.8328765,0.87687695,0.8328765,0.6711254,0.66937304,0.72210026,0.6884662,0.83637834,0.68533576
186,20,banda,1,0.9524,0.968112,0.9961053,0.99527335,0.9961053,0.9966001,0.9987987,0.9954172,0.9956488,0.9986525,0.99690205
187,20,banda,0,0.9681,0.0657242,1.1517551e-05,0.0004905709,1.1517551e-05,7.532826e-05,0.00010290569,0.00020504463,0.00075804983,0.00013528414,0.00032861935
189,20,banda,1,0.9524,0.61901224,0.99659246,0.9743993,0.99659246,0.9953819,0.998388,0.98251337,0.99311984,0.9974199,0.9971911
191,20,banda,1,0.9516,0.6530268,0.99556345,0.9584098,0.99556345,0.98863953,0.9942693,0.9445829,0.9756152,0.9937833,0.9931302
192,20,banda,1,0.9583,0.12484637,0.99620897,0.99361604,0.99620897,0.9967145,0.99849415,0.99255574,0.9886554,0.99620426,0.9867798
193,20,banda,1,0.9391,0.057472493,0.5841546,0.6265893,0.5841546,0.7268118,0.2773099,0.73569864,0.6754612,0.38813952,0.45562625
194,20,banda,1,0.9392,0.2792857,0.9820339,0.9742142,0.9820339,0.9881486,0.97917825,0.9660685,0.9588793,0.98652756,0.9386958
195,20,banda,1,0.9625,0.5605291,0.99550545,0.99611473,0.99550545,0.99659365,0.9989528,0.99393356,0.99358016,0.9986762,0.9967788
196,20,bajo,1,0.9052,0.23000647,0.995744,0.9847592,0.995744,0.9871729,0.99788857,0.93520606,0.980446,0.9874647,0.9896765
197,20,banda,1,0.9565,0.96066487,0.99685174,0.99182343,0.99685174,0.9967093,0.99874645,0.99461263,0.9949865,0.998684,0.9979129
198,20,banda,1,0.9462,0.013211036,0.9946672,0.99074614,0.9946672,0.9952984,0.99824303,0.98585355,0.99540997,0.99860376,0.99411577
199,20,bajo,1,0.9079,0.3998335,0.97780186,0.9510056,0.97780186,0.98001075,0.9949699,0.9747797,0.9853871,0.99548453,0.9865136
200,20,banda,0,0.9465,0.42177144,7.8388155e-05,2.1010526e-05,7.8388155e-05,2.6042475e-05,7.975095e-06,5.05167e-06,0.00032142247,0.0028304087,0.0031390514
201,20,banda,1,0.941,0.9361986,0.9963094,0.9940956,0.9963094,0.99647915,0.9988121,0.99289966,0.9958459,0.99885136,0.99769586
202,20,bajo,1,0.9085,0.7273526,0.9895091,0.96646416,0.9895091,0.9878276,0.9978876,0.9462552,0.9809323,0.9900217,0.96232325
204,20,bajo,0,0.9214,0.00586778,5.403362e-06,0.0008112699,5.403362e-06,0.00013278252,1.8319624e-05,0.00022423425,0.00028888125,0.0007475491,0.0012932899
205,20,banda,1,0.9636,0.96530837,0.99566364,0.9927379,0.99566364,0.99648315,0.9984824,0.99367136,0.994319,0.998246,0.9965863
206,20,banda,1,0.9542,0.5075534,0.99386686,0.9884786,0.99386686,0.9895052,0.99765766,0.98226714,0.98307985,0.9959925,0.992015
207,20,banda,1,0.9551,0.0007502985,0.9920526,0.98139745,0.9920526,0.9801066,0.99799305,0.96990734,0.98643386,0.98964006,0.98766124
208,20,alto,1,0.9767,0.97069603,0.9966787,0.99357057,0.9966787,0.996708,0.9988902,0.99446034,0.99412024,0.99868643,0.997908
209,20,banda,1,0.9477,0.96337163,0.9946383,0.9884389,0.9946383,0.9964482,0.99708617,0.9909674,0.9888508,0.99785,0.99677837
210,20,bajo,1,0.9258,0.951852,0.99249536,0.97994864,0.99249536,0.9962903,0.9943569,0.99240017,0.9827256,0.997328,0.9943211
211,20,banda,1,0.9324,0.14539042,0.09622372,0.37178448,0.09622372,0.5548757,0.87221473,0.018746354,0.02318735,0.008871095,0.026325867
212,20,banda,1,0.9531,0.8883412,0.99575484,0.9952628,0.99575484,0.99663043,0.9988002,0.9914181,0.99225783,0.9972457,0.99464285
214,20,banda,1,0.9358,0.84174037,0.9968844,0.9922181,0.9968844,0.9965947,0.9987555,0.9929844,0.9954735,0.99863446,0.9977186
215,20,banda,0,0.9417,0.18033306,3.243056e-06,0.0003661834,3.243056e-06,1.9728219e-05,1.8589535e-05,0.00020205718,0.00040027977,6.8847745e-05,0.00029735116
216,20,banda,1,0.949,0.79761696,0.9952086,0.9895427,0.9952086,0.99605167,0.9986261,0.99441683,0.9950196,0.9986514,0.9977213
218,20,banda,0,0.938,0.0017474355,7.943258e-05,9.756733e-06,7.943258e-05,1.0777363e-05,4.7933854e-06,5.0902936e-06,0.0030939796,0.0013377802,0.0015186244
219,20,banda,0,0.9505,0.33807853,1.8996137e-05,0.000797896,1.8996137e-05,0.000116147,0.00014209267,0.00019832926,0.0010565744,0.00014119517,0.00033000536
220,20,bajo,1,0.9136,0.5241015,0.99656004,0.9954058,0.99656004,0.9963189,0.9982651,0.9886836,0.98982733,0.99780774,0.9955325
221,20,banda,1,0.9301,0.6898581,0.9962799,0.9859523,0.9962799,0.9967686,0.99816084,0.9907066,0.99140024,0.99822,0.9972039
222,20,banda,1,0.9618,0.774493,0.99482596,0.9909544,0.99482596,0.9959953,0.99705493,0.9930016,0.9937302,0.9975057,0.99699014
223,20,bajo,0,0.9043,0.40968806,0.9745579,0.98881644,0.9745579,0.99533176,0.9983002,0.99337286,0.97247976,0.96000797,0.990491
224,20,banda,1,0.9474,0.7704073,0.99570775,0.98041654,0.99570775,0.9963715,0.99819577,0.9892748,0.9916539,0.99733007,0.99595606
225,20,banda,1,0.9691,0.7652527,0.9959403,0.9908276,0.9959403,0.99624145,0.99839073,0.992758,0.9928885,0.99833167,0.9973696
226,20,banda,1,0.9432,0.70993054,0.9964081,0.9936582,0.9964081,0.9960536,0.99868834,0.9926963,0.9942005,0.9987568,0.99775493
227,20,banda,1,0.9403,0.114420146,0.043593064,0.841119,0.043593064,0.07220944,0.95758533,0.019582115,0.050573375,0.0092002,0.860095
228,20,banda,0,0.9308,0.43818516,0.98475146,0.9813549,0.98475146,0.9868472,0.9952009,0.99103194,0.85068834,0.9203987,0.9710776
230,20,banda,1,0.9354,0.49484935,0.99270564,0.3809721,0.99270564,0.014364557,0.7880886,0.4921579,0.53888184,0.36065975,0.57618636
231,20,banda,1,0.9341,0.5006276,0.9955954,0.9696145,0.9955954,0.9678714,0.997319,0.9393907,0.97030723,0.99618894,0.99396336
233,20,banda,1,0.9515,0.27626157,0.95911103,0.97410893,0.95911103,0.94186825,0.9610907,0.9567824,0.9232309,0.941334,0.97221565
236,20,bajo,0,0.9131,0.0021315066,0.16462594,0.84367776,0.16462594,0.57759404,0.9555357,0.6549629,0.8754073,0.8345082,0.71502376
237,20,banda,1,0.9364,0.4718447,0.7892096,0.9815874,0.7892096,0.8292057,0.98430437,0.97257733,0.9683968,0.9951834,0.9581441
238,20,banda,1,0.9429,0.9249953,0.9960027,0.9823195,0.9960027,0.9962161,0.997967,0.9906737,0.9880213,0.9978997,0.99764395
239,20,banda,0,0.9591,0.6539581,0.99391305,0.9882538,0.99391305,0.9955371,0.9969704,0.990581,0.9829771,0.99198276,0.9886749
241,20,banda,1,0.9689,0.15577428,0.9482464,0.9638117,0.9482464,0.96264386,0.9950946,0.9674958,0.9694347,0.9965489,0.98381495
242,20,banda,1,0.9587,0.4941996,0.99612176,0.9913894,0.99612176,0.9876557,0.9976504,0.98124844,0.9924743,0.9985493,0.99760866
243,20,banda,1,0.9401,0.43451065,0.99417704,0.9711197,0.99417704,0.9480896,0.99815625,0.96276146,0.93708533,0.98686534,0.9941721
244,20,banda,1,0.9671,0.96065295,0.9965637,0.99621946,0.9965637,0.99671936,0.9989013,0.9953538,0.9965693,0.9989625,0.998271
245,20,banda,1,0.9529,0.49144524,0.9968868,0.99405825,0.9968868,0.9961533,0.99889797,0.9942562,0.9955389,0.99870527,0.99719816
246,20,bajo,1,0.9035,0.7690166,0.99565357,0.9538539,0.99565357,0.9905025,0.99626803,0.9844344,0.7570539,0.98681915,0.899603
247,20,banda,0,0.9537,0.16296875,7.3930914e-06,0.00041483153,7.3930914e-06,2.595065e-05,3.7629106e-05,0.0001624462,0.0005149193,6.058616e-05,0.00028066488
248,20,banda,1,0.9306,0.5400991,0.96200657,0.9732445,0.96200657,0.98761356,0.9959639,0.9735084,0.9769534,0.98871636,0.9749395
249,20,banda,1,0.9438,0.67800623,0.9921495,0.9864942,0.9921495,0.99615306,0.9975663,0.9887608,0.9689497,0.99552935,0.98757714
250,20,banda,1,0.9566,0.7124691,0.97010577,0.99240965,0.97010577,0.99555445,0.9980346,0.9928275,0.9903563,0.99810004,0.9926827
251,20,banda,0,0.9374,0.5145753,5.578851e-06,1.33073e-05,5.578851e-06,7.056668e-06,1.5691636e-06,1.9188685e-06,2.235016e-05,0.0003427903,0.002023213
252,20,banda,1,0.9478,0.9186777,0.9962118,0.99267006,0.9962118,0.9966348,0.9988133,0.9945429,0.99506634,0.99872035,0.9979812
253,20,banda,1,0.9448,0.16430241,0.98056734,0.92485964,0.98056734,0.9892448,0.99599314,0.93976444,0.9756363,0.9736975,0.9877046
254,20,banda,1,0.9448,0.9825996,0.9911998,0.9869629,0.9911998,0.99630904,0.9980787,0.9936071,0.9880551,0.9968055,0.99394166
255,20,banda,1,0.9505,0.48637703,0.9966271,0.9900956,0.9966271,0.9932632,0.99840796,0.9907115,0.98969287,0.99718225,0.9941194
256,20,banda,0,0.9449,0.4581664,1.4179824e-05,8.283322e-06,1.4179824e-05,6.8447393e-06,1.8225365e-06,2.3316222e-06,4.9946717e-05,0.0012843205,0.0039543607
257,20,bajo,1,0.9009,0.46013105,0.9918611,0.98326457,0.9918611,0.9846629,0.99712783,0.97998303,0.9611149,0.99353415,0.9871948
258,20,banda,1,0.9625,0.4004869,0.99139565,0.9708076,0.99139565,0.98843753,0.99412555,0.9849434,0.99142283,0.9971233,0.9929134
259,20,banda,1,0.9541,0.852134,0.9965515,0.99259263,0.9965515,0.99616367,0.9986915,0.99323565,0.9951531,0.99859405,0.9970931
260,20,banda,1,0.9337,0.51019436,0.9951137,0.9815748,0.9951137,0.9955576,0.9979214,0.99092156,0.9879913,0.99724036,0.99343467
261,20,banda,1,0.9347,0.97520304,0.9964243,0.9940518,0.9964243,0.9964537,0.99860007,0.99456024,0.9951406,0.99876773,0.9979099
262,20,banda,1,0.9602,0.9341736,0.996601,0.995811,0.996601,0.9963829,0.9988788,0.99491113,0.996677,0.99894017,0.9982674
263,20,banda,1,0.9616,0.8659952,0.87533355,0.93564284,0.87533355,0.9287204,0.99390274,0.98762274,0.9456225,0.870221,0.79466903
264,20,banda,1,0.9439,0.49362466,0.9956171,0.9881806,0.9956171,0.99164325,0.9982126,0.99182016,0.9880869,0.99831164,0.9958494
265,20,banda,1,0.9385,0.83853495,0.99683774,0.9968124,0.99683774,0.9966872,0.9988931,0.9957221,0.99714243,0.9989493,0.9984311
266,20,banda,0,0.9645,0.087990664,1.8557852e-05,0.0007991043,1.8557852e-05,3.2467433e-05,0.00031100612,0.0006982744,0.0008849226,0.00021061125,0.0007002248
267,20,banda,1,0.9307,0.15607116,5.5887886e-06,0.00043897968,5.5887886e-06,3.6120564e-05,2.5719883e-05,0.00027648805,0.00037193333,4.8445134e-05,0.00033067528
268,20,banda,1,0.9682,0.12396824,0.9955298,0.9920443,0.9955298,0.99405676,0.9986605,0.9795819,0.99527246,0.9986044,0.99285924
269,20,bajo,0,0.9247,0.4996487,4.8341453e-06,0.00095893955,4.8341453e-06,4.9712813e-05,3.7534806e-05,0.0006107608,0.00050620595,0.00031881782,0.00048778253
270,20,banda,1,0.9542,0.93766487,0.99578506,0.98303086,0.99578506,0.99595124,0.9983235,0.99309134,0.9930387,0.9977484,0.9954393
271,20,banda,1,0.9606,0.8677402,0.9960837,0.9887505,0.9960837,0.9964302,0.99868983,0.9941319,0.99461395,0.9986149,0.9977348
273,20,banda,1,0.9304,0.9532899,0.9961491,0.9901543,0.9961491,0.9965221,0.99840844,0.9928966,0.9937834,0.99823695,0.99703455
274,20,banda,1,0.9655,0.058205463,8.24159e-05,0.0026781477,8.24159e-05,0.0001266082,0.00017569734,0.00023575817,0.00092449825,0.001949884,0.0014670521
275,20,banda,0,0.967,0.3322225,6.272365e-06,0.0006481103,6.272365e-06,1.6501068e-05,2.4394441e-05,0.00034863077,0.002346246,0.000522871,0.0004750932
276,20,banda,1,0.9366,0.84816754,0.99625725,0.9869687,0.99625725,0.9964668,0.99860334,0.9938739,0.99357146,0.99866074,0.9980465
277,20,banda,1,0.9415,0.5162538,0.9903665,0.9213923,0.9903665,0.7319178,0.9571781,0.9579316,0.6136021,0.8537085,0.98561126
278,20,banda,1,0.9628,0.960671,0.9868543,0.9871652,0.9868543,0.9967284,0.9972751,0.98001003,0.9914512,0.9975908,0.99769735
279,20,alto,1,0.9791,0.9892047,0.9971072,0.9952176,0.9971072,0.9968914,0.99889773,0.9948007,0.99707556,0.9989057,0.99809957
280,20,banda,1,0.9491,0.9735246,0.996128,0.9938187,0.996128,0.9961225,0.99824506,0.9935263,0.9929181,0.9982987,0.99660766
281,20,banda,1,0.9431,0.63040125,0.97913873,0.9822375,0.97913873,0.9951947,0.99752307,0.9886769,0.9769994,0.9924132,0.98399305
282,20,bajo,1,0.9139,0.038016893,0.26778674,0.58128864,0.26778674,0.048460104,0.07304103,0.16245523,0.3581326,0.22571312,0.38671026
283,20,banda,1,0.9531,0.45284754,0.9901667,0.9833017,0.9901667,0.9937005,0.99536264,0.9923588,0.9123904,0.96938604,0.9591859
284,20,banda,1,0.9556,0.93549305,0.99557334,0.9917758,0.99557334,0.9961931,0.99863625,0.99132717,0.99462795,0.9985949,0.99709517
285,20,banda,1,0.9668,0.96786773,0.996389,0.9947958,0.996389,0.99650276,0.998471,0.9923285,0.9957269,0.9987478,0.99775565
286,20,banda,1,0.9448,0.84143376,0.996582,0.9949379,0.996582,0.9964223,0.998851,0.99434704,0.9964983,0.9988003,0.99812245
287,20,banda,1,0.9644,0.7880649,0.9964598,0.9947741,0.9964598,0.99596024,0.99833506,0.9896584,0.99609095,0.9987522,0.99817085
288,20,banda,0,0.97,0.046066664,2.5576373e-05,0.0010283586,2.5576373e-05,0.00015845743,0.00017720195,0.000332057,0.001359541,0.00016755078,0.00040101854
289,20,banda,1,0.9643,0.50895715,0.99558896,0.98436654,0.99558896,0.9902742,0.99826264,0.9878564,0.9913504,0.99637747,0.9959071
291,20,banda,1,0.9343,0.053127393,0.99692744,0.9941872,0.99692744,0.9966185,0.99888307,0.9942688,0.99472743,0.99886334,0.99751353
292,20,banda,1,0.9608,0.8892552,0.9964214,0.99226147,0.9964214,0.9965789,0.9986638,0.9929424,0.9956698,0.9986615,0.99807703
293,20,banda,1,0.9506,0.25909808,0.9795537,0.9805516,0.9795537,0.9934004,0.9970608,0.9901276,0.9838053,0.9957186,0.9912517
294,20,bajo,1,0.9141,0.923251,0.99653155,0.9879048,0.99653155,0.99679136,0.9987861,0.9938076,0.9854748,0.9976415,0.99605346
295,20,banda,1,0.947,0.99623036,0.9959888,0.9922484,0.9959888,0.99661046,0.9987303,0.9952444,0.9959366,0.9986103,0.9980285
296,20,bajo,0,0.9168,0.4938287,0.98125696,0.94833547,0.98125696,0.93627506,0.98033565,0.97679394,0.95179296,0.9791776,0.9812176
297,20,banda,1,0.9331,0.4319269,0.893668,0.8663071,0.893668,0.893923,0.69445926,0.9204807,0.7305422,0.7960255,0.9173357
298,20,banda,1,0.9631,0.576222,0.9863826,0.9770814,0.9863826,0.9692463,0.9973857,0.9787735,0.88375646,0.995104,0.97150266
299,20,banda,1,0.9653,0.96440095,0.99625164,0.99381316,0.99625164,0.99660987,0.9987349,0.9946777,0.9941798,0.99870175,0.99761915
300,20,banda,1,0.9497,0.98051953,0.9947673,0.9927856,0.9947673,0.99555975,0.9987133,0.99522364,0.9848947,0.99778473,0.99761474
301,20,bajo,1,0.9279,0.7379799,2.9158223e-06,0.00028751788,2.9158223e-06,1.4197379e-05,3.3502958e-05,0.00023908465,0.00049261365,0.00014525892,0.0005411794
302,20,banda,0,0.9425,0.046413817,0.00073897664,0.004530338,0.00073897664,0.0006766974,0.00039018085,0.0018705497,0.016187275,0.008936776,0.004543309
303,20,banda,1,0.9337,0.46978146,0.9777166,0.9067654,0.9777166,0.98705477,0.990655,0.9347859,0.9088308,0.92206025,0.95960426
304,20,banda,1,0.9556,0.4983569,0.99619955,0.9934748,0.99619955,0.9960599,0.99862456,0.9936579,0.9951506,0.9985407,0.99678695
305,20,banda,1,0.9653,0.8944957,0.9957997,0.9867899,0.9957997,0.9950946,0.9977137,0.9888758,0.9922731,0.99739635,0.99705076
306,20,banda,1,0.9367,0.48525226,0.9953535,0.95211405,0.9953535,0.9806581,0.9968958,0.9340359,0.9655253,0.9758776,0.98607457
307,20,alto,1,0.9758,0.001711525,0.91422325,0.88337094,0.91422325,0.59375644,0.99065006,0.4122542,0.58362144,0.8047275,0.6954868
308,20,bajo,0,0.9044,0.05005534,2.5396137e-06,0.00047072448,2.5396137e-06,3.6256e-05,1.409179e-05,0.00020034514,0.00050360715,5.6353165e-05,0.00031849876
309,20,bajo,1,0.9146,0.49254292,0.9916196,0.9726586,0.9916196,0.98561954,0.9945389,0.98547345,0.95508105,0.9874467,0.98322904
310,20,banda,1,0.9567,0.9735193,0.9921388,0.9908814,0.9921388,0.9947397,0.9974969,0.9941578,0.9847373,0.99705786,0.9962636
311,20,bajo,1,0.9197,0.44873694,0.9423775,0.9344571,0.9423775,0.96058077,0.9864761,0.9680529,0.93880093,0.89820486,0.7441158
312,20,banda,1,0.9622,0.9588014,0.996482,0.9942293,0.996482,0.9966153,0.99878037,0.9934386,0.9956472,0.9986343,0.9967493
313,20,banda,1,0.9405,0.5631265,0.989189,0.9935096,0.989189,0.9914519,0.9985518,0.98946697,0.95733947,0.99561477,0.98128283
315,20,banda,1,0.9357,0.8648274,0.9961905,0.9922524,0.9961905,0.9965551,0.9988259,0.99236524,0.99648416,0.998615,0.99711144
316,20,bajo,1,0.9026,0.06886601,0.72288275,0.9205248,0.72288275,0.9081095,0.9821059,0.983204,0.91203725,0.96947306,0.9674816
317,20,banda,0,0.9598,0.36873594,1.419301e-05,0.00039484145,1.419301e-05,2.9570347e-05,0.00014700285,0.00029586465,0.0014042074,0.0007095756,0.0007276579
318,20,banda,1,0.9415,0.4419288,0.9829039,0.93462723,0.9829039,0.98613614,0.960009,0.91802096,0.9917831,0.9891596,0.9901864
319,20,banda,1,0.9616,0.4777097,0.9905904,0.9892752,0.9905904,0.98954695,0.99863374,0.9860332,0.94207543,0.99460125,0.9817315
320,20,banda,1,0.9326,0.490282,0.9970554,0.99481994,0.9970554,0.9969027,0.9988465,0.99521893,0.9973993,0.99892545,0.99826026
321,20,bajo,1,0.9114,0.45720533,0.99246144,0.9861682,0.99246144,0.9939656,0.99483347,0.98441774,0.97997797,0.99419177,0.9881152
322,20,banda,1,0.943,0.165472,0.03785846,0.33583793,0.03785846,0.015651815,0.017166669,0.039771855,0.23174739,0.11384001,0.3260779
323,20,banda,1,0.9636,0.95719314,0.9958629,0.9911743,0.9958629,0.9960157,0.9986285,0.99277335,0.9940107,0.9972532,0.99430895
324,20,banda,1,0.9328,0.7793292,0.99492794,0.98851395,0.99492794,0.98944414,0.9984475,0.9859399,0.9928973,0.9974245,0.9900583
325,20,bajo,1,0.9035,0.54414654,0.9966838,0.996035,0.9966838,0.9963317,0.9988516,0.99235874,0.9961176,0.99833196,0.99637717
327,20,bajo,1,0.901,0.07095589,0.012669653,0.61326915,0.012669653,0.025056265,0.014105908,0.031102804,0.2019036,0.072093785,0.06474242
328,20,banda,1,0.9321,0.52633506,0.99576175,0.9840793,0.99576175,0.9914445,0.99695176,0.97652036,0.9918369,0.9952186,0.9925487
330,20,banda,1,0.9523,0.9712411,0.98975235,0.9824166,0.98975235,0.99580467,0.99476933,0.9937277,0.9731679,0.99662894,0.99073434
331,20,banda,1,0.9513,0.11058386,3.1996403e-06,0.00033156437,3.1996403e-06,2.8249051e-05,2.8535078e-05,0.00018726834,0.0005330238,6.735249e-05,0.00032283927
332,20,banda,1,0.9529,0.88511163,0.99670595,0.99116015,0.99670595,0.9963376,0.9987513,0.99247587,0.9951137,0.9982249,0.997326
333,20,banda,1,0.9623,0.70921206,0.99345976,0.9930871,0.99345976,0.9952698,0.99795353,0.99233156,0.96340936,0.9952715,0.9945766
335,20,banda,1,0.9447,0.0106929075,0.9806444,0.9170502,0.9806444,0.9856167,0.98910856,0.88437897,0.9461552,0.967834,0.9456642
336,20,banda,1,0.9591,0.94563055,0.9946945,0.9906962,0.9946945,0.99423957,0.9982257,0.98857653,0.9941724,0.99763817,0.9923086
337,20,banda,1,0.9334,0.35799006,0.0012842246,0.026899122,0.0012842246,0.0013166859,0.0017361445,0.009744782,0.018382242,0.16902994,0.014038929
338,20,banda,1,0.9395,0.9978779,0.9972453,0.9939977,0.9972453,0.9971152,0.9985561,0.99453986,0.9963666,0.9981449,0.9984348
339,20,banda,1,0.9587,0.43239877,0.9965756,0.99484706,0.9965756,0.99681616,0.99872804,0.99409264,0.9962468,0.9985343,0.99736273
340,20,banda,1,0.9646,0.5331723,0.9966216,0.9947302,0.9966216,0.99616927,0.99881744,0.99256724,0.9953815,0.99849063,0.9971043
341,20,banda,1,0.9601,0.78152555,0.9962192,0.9962347,0.9962192,0.9964158,0.99887556,0.9915958,0.99492246,0.99833924,0.99599385
342,20,banda,1,0.9519,0.4952716,0.9970484,0.99390984,0.9970484,0.99701273,0.9988215,0.9934251,0.99653125,0.9987986,0.99785924
343,20,banda,0,0.9387,0.0010921219,0.9850969,0.9707936,0.9850969,0.91802436,0.9925885,0.9464812,0.9636752,0.9542925,0.94566965
344,20,banda,1,0.9401,0.8698096,0.9849311,0.9822762,0.9849311,0.9926559,0.99654347,0.98280203,0.9799613,0.99380744,0.9664991
345,20,banda,1,0.9403,0.9152193,0.9966867,0.99266565,0.9966867,0.99645156,0.9984395,0.99357945,0.9963137,0.9983244,0.99736166
346,20,banda,1,0.959,0.99763805,0.996532,0.9956976,0.996532,0.9972155,0.9988117,0.995704,0.9932722,0.9984752,0.9972278
347,20,bajo,1,0.9002,0.36330426,0.8621149,0.9793174,0.8621149,0.9575991,0.99086034,0.9382466,0.9722103,0.97848326,0.96287227
348,20,banda,0,0.9554,0.06615236,9.218339e-06,0.0003839426,9.218339e-06,3.2749384e-05,9.913352e-05,0.00022092555,0.0007235116,6.491315e-05,0.00034901453
349,20,banda,0,0.9522,0.5871959,3.0529434e-05,7.894735e-06,3.0529434e-05,4.161545e-06,1.4345305e-06,2.9949504e-06,4.4931e-05,0.0025988382,0.0017172046
351,20,banda,1,0.9639,0.7790561,0.996705,0.99518555,0.996705,0.99622416,0.9988709,0.9942195,0.99603283,0.9989082,0.9981662
352,20,banda,1,0.9472,0.50868464,0.9744279,0.79167795,0.9744279,0.08094016,0.7469058,0.59270877,0.95245576,0.95728135,0.9934307
354,20,banda,1,0.9594,0.49310035,0.9969525,0.99510574,0.9969525,0.99621636,0.9988237,0.9935314,0.9959955,0.9986234,0.9975904
355,20,banda,1,0.9632,0.946188,0.9970474,0.9876157,0.9970474,0.99617076,0.9982057,0.99289685,0.9944096,0.9985891,0.997689
356,20,banda,1,0.932,0.5674137,0.9881355,0.9624667,0.9881355,0.52024204,0.9459878,0.9879489,0.91959935,0.9803141,0.78956825
357,20,banda,1,0.9317,0.00038474269,1.1983747e-06,0.0006519805,1.1983747e-06,7.4788324e-05,6.5800127e-06,0.00015107248,0.00011108724,4.203449e-05,0.00034785277
358,20,banda,1,0.9512,0.99713504,0.99668026,0.99385625,0.99668026,0.99673134,0.9986355,0.99598867,0.99077934,0.99803877,0.9978436
359,20,banda,1,0.9624,0.5200986,0.9839589,0.95921224,0.9839589,0.91873163,0.99451333,0.92610127,0.972641,0.9964636,0.9940583
360,20,bajo,0,0.9011,0.008309706,1.9226466e-06,0.0006331139,1.9226466e-06,4.9998853e-05,8.443227e-06,0.00016876735,0.0004374896,0.00012710693,0.00044297517
361,20,bajo,1,0.9068,0.58756924,0.9655308,0.7521863,0.9655308,0.8847327,0.9538397,0.9148167,0.8530137,0.94607776,0.9050993
362,20,bajo,1,0.9249,0.49832562,0.9961655,0.9916097,0.9961655,0.9947167,0.99844843,0.9901951,0.9943932,0.99848723,0.99746513
363,20,banda,1,0.9423,0.49245608,0.9947803,0.99360937,0.9947803,0.9958837,0.998377,0.9939495,0.99090314,0.99771357,0.99639964
365,20,banda,1,0.9453,0.9372908,0.99646395,0.9943574,0.99646395,0.99612474,0.99879444,0.99377584,0.9957229,0.99874115,0.99805856
366,20,banda,1,0.9667,0.9752421,0.9963598,0.99391997,0.9963598,0.9965386,0.9981463,0.9948059,0.9957893,0.9986921,0.99804586
367,20,banda,1,0.9314,0.51349425,0.31633753,0.528888,0.31633753,0.9441013,0.30291113,0.97681785,0.7751719,0.9257787,0.712095
368,20,bajo,1,0.9032,0.09983292,0.99623203,0.9922246,0.99623203,0.99544764,0.9986469,0.9893145,0.98547614,0.9930036,0.98642874
369,20,banda,0,0.9501,0.06553232,1.1703806e-05,0.0005295328,1.1703806e-05,7.07631e-05,9.710951e-05,0.00022329012,0.0012862065,0.00013141046,0.0003384627
370,20,banda,1,0.9606,0.55092794,0.99624485,0.99514496,0.99624485,0.9953775,0.9983758,0.9931466,0.9865538,0.9967081,0.9909956
371,20,banda,1,0.963,0.52222997,0.9744984,0.96373856,0.9744984,0.9813544,0.99571806,0.95763075,0.9359131,0.9895441,0.97872686
372,20,bajo,1,0.9195,0.72941375,0.98953944,0.97653884,0.98953944,0.9927598,0.99553806,0.9910046,0.990269,0.9974676,0.99312365
373,20,banda,0,0.9505,0.35440305,0.0006572459,0.003605949,0.0006572459,0.000121888384,8.8309265e-05,0.030274767,0.013294661,0.010687784,0.008750797
374,20,banda,0,0.949,0.00028690352,1.1377283e-06,0.00041329616,1.1377283e-06,9.402093e-05,7.826652e-06,0.00015252615,9.885902e-05,3.937417e-05,0.00039481756
375,20,banda,1,0.9325,0.9304134,0.98856854,0.98866946,0.98856854,0.99499613,0.99814796,0.99400854,0.9822934,0.9907461,0.9884132
376,20,banda,0,0.9526,0.07645546,0.00058078486,0.0048222276,0.00058078486,0.010699789,0.0012427507,0.029791972,0.0074494397,0.0062083867,0.007012536
377,20,banda,1,0.9362,0.30199197,0.95446384,0.95322436,0.95446384,0.89872974,0.9704584,0.9342027,0.84743965,0.94241005,0.91985655
378,20,banda,1,0.9472,0.8978957,0.9903974,0.9928247,0.9903974,0.99555093,0.99844664,0.99029344,0.9674995,0.99595016,0.9753443
379,20,banda,1,0.9319,0.05804433,5.4893615e-05,0.0038992753,5.4893615e-05,0.0001555837,0.004101845,0.0008139594,0.011544632,0.0032840567,0.0016336537
380,20,banda,1,0.9512,0.92525196,0.996605,0.98733664,0.996605,0.99534565,0.9981604,0.9822363,0.9946147,0.9974671,0.9968705
381,20,banda,1,0.9484,0.9058683,0.9926548,0.9937279,0.9926548,0.9921357,0.9981017,0.99344575,0.99339277,0.99744964,0.9962192
382,20,banda,1,0.947,0.44698012,0.24426872,0.957297,0.24426872,0.13631512,0.79284656,0.858087,0.5508543,0.9124153,0.9391713
383,20,banda,1,0.9573,0.5199664,0.9968745,0.99107444,0.9968745,0.9922988,0.9987523,0.99308443,0.9964908,0.99839664,0.99807453
384,20,banda,1,0.963,0.9186702,0.99658215,0.9862683,0.99658215,0.9967497,0.99876004,0.99360675,0.9948636,0.998707,0.99751043
385,20,banda,1,0.9492,0.9384556,0.99417305,0.97742337,0.99417305,0.9952869,0.99848574,0.9929922,0.98570395,0.9943277,0.9952029
386,20,banda,1,0.9557,0.9636493,0.99642324,0.99234647,0.99642324,0.99646515,0.99864197,0.994714,0.9936455,0.99880457,0.99780387
387,20,banda,1,0.9612,0.851895,0.9951655,0.98689723,0.9951655,0.9967305,0.9984229,0.9930853,0.995095,0.99834365,0.9973608
388,20,banda,1,0.9562,0.6965163,0.99478114,0.9952924,0.99478114,0.9968465,0.9985343,0.99484235,0.9909727,0.99766445,0.995402
389,20,banda,1,0.9554,0.08721602,7.5235353e-06,0.0006099947,7.5235353e-06,9.185258e-05,1.2941448e-05,0.00012095298,0.000251054,0.00036392108,0.0010304876
390,20,banda,1,0.9613,0.8182442,0.995003,0.9917554,0.995003,0.99621135,0.9977065,0.9940415,0.99559194,0.9983654,0.9974547
391,20,banda,1,0.9307,0.034719646,0.9662945,0.94957787,0.9662945,0.93963534,0.99374014,0.93562967,0.9178703,0.97245324,0.9531783
392,20,banda,1,0.9538,0.49928588,0.99663,0.99604505,0.99663,0.99687433,0.9983678,0.99528426,0.9926235,0.99804986,0.99665016
393,20,banda,1,0.9622,0.7009155,0.9839727,0.98712546,0.9839727,0.8262124,0.9964935,0.9768752,0.9820403,0.9890241,0.98843014
394,20,bajo,1,0.9063,0.051011957,0.66873044,0.93716025,0.66873044,0.8768452,0.75936306,0.95474607,0.6958516,0.67020786,0.4207884
395,20,banda,1,0.9519,0.86222994,0.9955369,0.9934856,0.9955369,0.9964121,0.998714,0.994832,0.99511456,0.99870807,0.9977233
396,20,banda,1,0.9492,0.6237956,0.9470994,0.97833586,0.9470994,0.98884004,0.99176496,0.9825537,0.95743996,0.9880132,0.9836056
397,20,banda,1,0.9669,0.25366625,0.9835098,0.9796927,0.9835098,0.98859274,0.99754375,0.99090135,0.9534338,0.9953587,0.99423337
398,20,alto,1,0.9744,0.8436158,0.9966077,0.99175966,0.9966077,0.996481,0.9988277,0.992829,0.994358,0.99860275,0.9977653
399,20,banda,0,0.9669,0.2624935,3.927639e-06,0.00025619648,3.927639e-06,1.0069816e-05,3.6476285e-05,0.00018095353,0.00036602787,8.73156e-05,0.0005032226
400,20,banda,1,0.9505,0.7131493,0.9812775,0.9772735,0.9812775,0.99645364,0.9973901,0.9851227,0.9591633,0.9900579,0.98598695
