n_ciego;comun;raro;emp_comun;emp_raro;mismo;nota
1;ASISTENTE DE SECRETARIA GENERAL;ASISTENTE EN EL AREA DE SECRETRIA GENERAL;8;1;si;
2;GEOLOGO DE EXPLORACION;GEOLOGOS DE EXPLORACION;5;1;si;
3;AUXILIAR / AYUDANTE DE BODEGA;ASISTENTE AUXILIAR DE BODEGA;300;195;si;
4;OPERADOR ESPECIALIZADO;OPERADOR ESPECIALISTA;3;1;si;
5;GERENTE DE COMERCIO;GERENTE DEPARTAMENTO COMERCIAL;1;1;si;
6;ANALISTA DE BODEGA Y LOGISTICA;ANALISTA DE EJECUCION LOGISTICA;2;1;no;
7;COORDINADOR (A) DE MARKETING;COORDINADOR COMERCIAL Y MARKETING;200;2;si;
8;ASISTENTE ADMINISTRATIVA LEGAL;ASISTENTE DE LEGAL SOCIETARIO ADMINISTRATIVO;2;1;si;
9;SUPERVISOR DE BODEGA;SUPERVISOR GENERAL DE BODEGA;157;2;si;
10;JEFE DE PROYECTOS E INNOV;GERENTE DE PROYECTOS E INNOVAC;3;1;no;
11;AUXILIAR DE FINANCIERO;AUXILIAR DE FINANZAS;19;4;si;
12;ADMINISTRADOR DE LOCAL;ADMINISTRADOR LOCAL;50;3;si;
13;ASISTENTE ADMINISTRACION VENTAS;ASISTENTE ADMINISTRATIVA VENTAS;16;3;si;
14;AUXILIAR DEL DEPARTAMENTO DE MOSTRADOR;AUXILIAR DE MOSTRADOR;9;6;si;
15;ANALISTA DE CALIDAD DE SOFTWARE;ANALISTA DE CALIDAD DE SOFTWARE Y DOCUMENTACION;4;1;si;
16;TECNICO DE INSTALACIONES;TECNICO DE INSTALACIONES Y MANTENIMIENTO;5;1;si;
17;ANALISTA DE GESTION DE DATOS;ANALISTA DE DATOS SENIOR;3;2;no;jerarquia
18;ASISTENTE DE VENTA;ASISTENTE DE PUNTO DE VENTA;9;2;si;duda
19;JEFE CORPORATIVO DE TESORERIA;JEFE DE OPERACIONES TESORERIA;2;1;si;
20;GERENTE DE ANALISIS Y CUMPLIMIENTO REGULATORIO;GERENTE DE REGULATORIO;1;1;si;
21;COORDINADOR COMPRAS;COORDINADOR AREA DE COMPRAS;154;1;si;
22;FLUID ENGINEER;FLUID TECHNICAL ENGINEER;1;1;si;
23;JEFE DE PROCESOS DIGITALES;JEFE DE SERVICIOS DIGITALES;1;1;si;
24;JEFE DE ATENCION AL SOCIO;JEFE DE ATENCION AL SOCIO/CLIENTE;1;1;si;
25;ANALISTA ADMINISTRATIVA DE CREDITO Y CARTERA;ANALISTA DE CREDITO Y CALIDAD;1;1;si;
26;GERENTE DE DESARROLLO ORGANIZACIONAL;EJECUTIVO DESARROLLO ORGANIZACIONAL;4;2;no;
27;AYUDANTE DEL SECTOR METALMECANICO 141;AYUDANTE DEL SECTOR METALMECANICO 281;1;1;si;
28;SUPERVISOR DE AUTOMATIZACION INDUSTRIAL;SUPERVISOR DE AUTOMATIZACION Y SOPORTE;2;1;no;
29;TECNICO DE SEGURIDAD E HIGIENE DEL TRABAJO;TEC. DE SEGURIDAD E HIGUIENE DEL TRABAJO;3;1;si;
30;ANALISTA DE CALIDAD Y OPERACIONES;OPERADOR ANALISTA DE CALIDAD;4;1;si;
31;JEFE DE MANTENIMIENTO;JEFE DE MANTENIMIENTO GENERAL;389;4;si;
32;ANALISTA COMPENSACIONES Y BENEFICIOS;ANALISTA NOMINA COMPENSACIONES Y BENEFIC;8;1;si;
33;DIRECTOR DE RRHH;DIRECTORA RRHH;3;2;si;
34;COORDINADOR DE TALENTO HUMANO;COORDINADOR DE TALENTO HUMANO - SSO;156;1;si;
35;ASESOR DE MARKETING Y OPERACIONES;ASISTENTE OPERATIVO DE MARKETING;1;1;si;
36;ENCARGADO DE MATERIALES Y SUMINISTROS;JEFE DE MATERIALES Y SUMINISTROS;1;1;no;
37;TECNICO ADMINISTRATIVO;TECNICO DE APOYO ADMINISTRATIVO;9;1;si;
38;JEFE ADM.FINANCIERO;JEFE ADM FINANCIERO;5;2;si;
39;ANALISTA FINANCIERA A;ANALISTA TECNICO FINANZAS;2;1;si;
40;COORDINADOR SERVICIOS;COORDINADOR SERVICIOS ADMINIST;24;1;si;
41;COORDINADORA DE COMPRAS Y LOGISTICA;COORDINADORA DE COMPRAS Y CARTERA;12;1;si;
42;EJECUTIVA COMERCIAL;EJECUTIVA COMERCIAL SR.;132;1;no;jerarquia
43;SUPERVISOR PRODUCCION;SUPERVISOR PRODUCCION (SN);250;1;si;
44;COORDINADOR DE CONTACT CENTER - INBOUND;JEFE DE CONTACT CENTER - INBOUND;1;1;no;
45;COORDINADOR DE TIENDA;COORDINADOR DE TIENDAS;11;4;si;
46;JEFE DE LABORATORIO DE MICROBIOLOGIA;JEFE DE LAB.CLINICO Y BACTERI;6;1;si;
47;SUPERVISOR DE LA PLANTACION;SUPERVISOR DE PLANTA AGRO;11;1;si;
48;AUXILIAR CONTROL DE CALIDAD;AUXILIAR ASEGURAMIENTO DE CALIDAD;26;5;si;
49;GERENTE COMERCIAL Y VENTAS RETAIL;GERENTE DE VENTAS COMERCIO;6;2;si;
50;GERENTE DE TECNOLOGIA Y PROYECTOS;GERENTE DE TECNOLOGIA Y PROYEC;2;1;si;
51;OPERADOR DE LAVANDERIA;OPERADOR DE LAVADO;8;4;si;
52;LIDER DE PROCESOS;LIDER DE PROCESOS CORPORATIVOS;6;1;si;
53;ANALISTA DE MEDIO AMBIENT;ANALISTA DE AMBIENTE Y SOSTENIBILIDAD;6;1;si;
54;SUBGERENTE ADMINISTRATIVO Y DE LOGISTICA;SUBGERENTE DE LOGISTICA Y COMPRAS;1;1;si;
55;DIRECTOR DE TECNOLOGIA Y TRANSFORMACION DIGITAL;DIRECTOR DE TRANSFORMACION DIGITAL;1;1;si;
56;AYUDANTE DE MAQUINARIA;AYUDANTE DE MANEJO DE MAQUINAS;47;1;si;
57;ASISTENTE DE CONTROL DE PRESUPUESTO;ASISTENTE DE PRESUPUESTO CONTROL/COMPRAS;1;1;si;
58;AUXILIAR DE ELECTRICISTA;ASISTENTE ELECTRICISTA;15;2;si;
59;GERENTE ASUSTOS CORPORATIVOS;GERENTE DE ASUSTOS CORPORATIVOS;1;1;si;
60;JEFE DE ABASTECIMIENTO Y PLANIFICACION;JEFE DE CONTROL & ABASTECIMIENTO;1;1;si;
61;AUXILIAR DE PICKING;SUPERVISOR DE PICKING;1;1;no;jerarquia
62;COORDINADOR MANTENIMIENTO GENERAL;COORDINADOR SENIOR DE MANTENIMIENTO;4;1;no;jerarquia
63;ANALISTA DE PRESUPUESTO JR.;ANALISTA DE PRESUPUESTO SR;2;1;no;jerarquia
64;COORDINADOR REGIONAL DE TALENTO HUMANO;COORDINADOR ZONAL DE TALENTO HUMANO;1;1;no;
65;AUXILIAR DE SERVICIO AL CLIENTE;AUXILIAR ATENCION AL CLIENTE;11;4;si;
66;JEFE DE OPERACIONES Y PROCESOS;JEFE DE PROCESOS Y SISTEMA;3;1;si;
67;TECNICO DE OPERACIONES;TECNICO DE OPERACION;15;2;si;
68;JEFE DE MANTENIMIENTO MECANICA;ASISTENTE MANTENIMIENTO MECANICO;12;8;no;jerarquia
69;COORDINADOR TECNICO DE MAQUINARIA;COORDINADOR TECNICO MECANICO;2;1;si;
70;AUXILIAR ADMINIST;AUXILIAR ADMINISTR;1;1;si;
71;ESPECIALISTA DE INSTALACIONES;ESPECIALISTA EN SERVICIOS & INSTALACIONE;1;1;si;
72;TECNICO DE MANTENIMIENTO (ELECTRICO - ELECTRONICO);TECNICO ELECTROMECANICO MANTENIMIENTO IN;22;1;si;
73;JEFE DE MANTENIMIENTO Y CONSTRUCCION;JEFE DE MANTENIMIENTO DE EDIFICIOS;5;1;si;
74;GERENTE ADMINISTRAVO-FINANCIERO;EJECUTIVO ADMINISTRATIVO FINANCIERO;49;3;no;jerarquia
75;ANALISTA DE INFRAESTRUCTURA Y MANTENIMIENTO;ANALISTA DE INFRAESTRUCTURA Y SEGURIDAD;4;2;si;
76;MONITOR(A) DE CALIDAD;MONITOR - AGENTE DE CALIDAD;7;2;si;
77;ANALISTA DE GESTION DE CALIDAD;ANALISTA DE CONTROL DE CALIDAD FISICO;8;2;si;
78;ANALISTA ASEGURAMIENTO DE CALIDAD II;ANALISTA CONTROL DE CALIDAD 2;2;2;si;
79;MECANICO DE MANTENIMIENTO / ELECTROMECANICO;TECNICO DE MANTENIMIENTO / MECANICO;10;5;no;especialidad
80;ASISTENTE RECEPCION;AYUDANTE DE RECEPCION;14;2;si;
81;JEFE DE IMPLEMENTACION;JEFE DE IMPLEMENTACION Y DESARROLLO;4;2;si;
82;ANALISTA DE MARCA;ANALISTA PROYECTOS DE MARCA;6;1;si;
83;DIRECTOR COMERCIAL Y OPERACIONES;DIRECTOR DE COMERCIALIZACION Y OPERACIONES;2;1;si;
84;ANALISTA DE CONTROL EN PROCESOS;ANALISTA GESTION DE PROYECTOS Y PROCESOS;3;1;si;
85;JEFE CORPORATIVO DE CONTROL CORPORATIVO FINANCIERO;GERENTE CORPORATIVO DE CONTROL CORPORATIVO FINANCIERO;2;1;no;jerarquia
86;TRABAJADOR AGRICOLA RIEGO;TRABAJADOR DE RIEGO;2;1;si;
87;ASISTENTE ADMINISTRATIVO CAMPO;ASISTENTE DE ADMINISTRADOR DE CAMPO;5;1;si;
88;ASISTENTE ADMINISTRATIVO MANTENIMIENTO;ASISTENTE DE MANTENIMIENTO Y EDIFICACIONES;7;1;si;
89;INSPECTOR DE SEGURIDAD INDUSTRIAL Y AMBIENTE;INSPECTOR DE SEGURIDAD INDUSTRIAL;4;2;si;
90;COORDINADOR DE REGISTROS;LIDER DE REGISTROS;3;1;si;
91;SUPERVISOR DE EVENTOS;SUPERVISOR OPERATIVO DE EVENTOS;4;1;si;
92;ASISTENTE OPERACION;ASISTENTE DE OPERATIVO;345;83;si;
93;JEFE DE AGENCIA QUITO;GERENTE AGENCIA QUITO;4;2;no;jerarquia
94;SUBGERENTE DE TIENDA;SUBJEFE DE TIENDA;3;1;no;jerarquia
95;SUPERVISOR TECNICO DE ASEGURAMIENTO DE CALIDAD;TECNICO SENIOR DE CALIDAD;146;1;si;duda
96;ASISTENTE DE SEGURO;ASISTENTE DE SEGUROS;23;9;si;
97;ACCOUNTING SENIOR MANAGER;ACCOUNTING SENIOR ASSISTANT;3;1;no;jerarquia
98;COORDINADOR CONTROL OPERATIVO;COORDINADOR DE GESTION OPERATIVA;2;2;si;
99;ANALISTA DE MEJORA CONTINUA DE PROCESOS;ANALISTA DE MEJORA DE PROCESOS;7;2;si;
100;ASISTENTE DE CONTROL INTERNO Y PROCESOS;ASISTENTE DE CONTROLLER INTERNO Y DE GESTION;1;1;si;
101;SUPERVISOR DE DISTRIBUCION Y ALMACENAMIENTO;SUPERVISOR ALMACEN PRODUCTO TERMINADO;3;1;si;
102;AUXILIAR DE MANTENIMIENTO Y MENSAJERIA;AUXILIAR DE MANTENIMIENTO, LIMPIEZA Y MENSAJERIA;3;1;si;
103;ASIST CONTABLE;ASIST-CONTABLE;43;9;si;
104;JEFE DE DESARROLLO Y PROCESOS;JEFE DE DESARROLLO Y GESTION;3;1;si;
105;ASIST COMPRAS;ASIST COMPRA;6;1;si;
106;ANALISTA ADMINISTRACION;ANALISTA AUXILIAR DE ADMINISTRACION;158;8;si;
107;ASISTENTE DE EDUCACION CONTINUA;ASISTENTE DE ACADEMIA Y FORMACION CONTINUA;4;1;si;
108;ABOGADO SENIOR;ABOGADO SENIOR T&L;8;1;si;
109;SUPERVISOR DE PRODUCTO TERMINADO;SUPERVISOR DE PRODUCCION (PRODUCTO TERMINADO);3;1;si;
110;ANALISTA FINANCIERA ADMINISTRATIVA Y ASISTENCIA A GERENCIA Y PRESIDENCIA;ASISTENTE FINANCIERO ADMINISTRATIVO ASISTENCIA A GERENCIA Y PRESIDENCIA;1;1;si;
111;JEFE DE INTELIGENCIA DE MERCADO;COORDINADOR/A INTELIGENCIA DE MERCADO;5;3;no;jerarquia
112;ASISTENTE ADMINISTRATIVO DE GERENCIA;ASESOR ADMINISTRATIVO;16;11;si;
113;ASISTENTE CONTABILIDAD COBRANZA;ASISTENTE CONTABLE Y GERENCIA;2;2;si;
114;AUXILIAR DE SERVICIO Y MANTENIMIENTO;AUXILIAR TECNICO DE MANTENIMIENTO;2;2;si;
115;TECNICO SALUD SEGURIDAD AMBIENTE Y CALIDAD;TECNICO DE SEGURIDAD SALUD Y AMBIENTE;12;11;si;
116;AYUDANTE DE TERMOFORMADO;AYUDANTE TERMOFORMADO;2;1;si;
117;JEFE DE PLANTA DE PRODUCCION;JEFE DE PLANTA HACIENDA;4;1;si;
118;GERENTE DE PRODUCTO SALUD ANIMAL;JEFE COMERCIAL DE SALUD ANIMAL;1;1;no;jerarquia
119;ANALISTA DE SOPORTE;ANALISTA SOPORTE Y DESARROLLO;24;3;si;
120;JEFE CREDITO;JEFE DE CREDITOS;64;6;si;
121;LIDER DE INNOVACION;LIDER INNOVACION;3;1;si;
122;ANALISTA CONTABLE;ANALISTA CONTABLE SR;391;2;no;jerarquia
123;OPERADOR BOMBA HORMIGON;OPERADOR DE BOMBA HORMIGON;1;1;si;
124;COORDINADOR DE AUDITORIA Y GESTION DE PROCESOS;AUDITOR DE PROCESOS Y PLANIFICACION;3;1;no;jerarquia
125;T.A BOMBERO;T/A BOMBERO;3;3;si;
126;GERENTE DE PRODUCCION Y TECNOLOGIA;GERENTE TECNICO DE PRODUCCION;3;1;si;
127;ASESOR DE REPUESTOS;ASESOR INTERNO DE REPUESTOS;28;1;si;
128;ANALISTA DE SEGURIDAD FISICA;ANALISTA DE SOPORTE DE SEGURIDAD FISICA;5;1;si;
129;SUPERVISOR DE PRODUCCION / MANTENIMIENTO;SUPERVISOR DE PRODUCCION INDUSTRIAL;10;2;si;
130;ANALISTA DE GESTION DOCUMENTAL;ANALISTA DE CONTROL DOCUMENTAL;4;3;si;
131;MECANICO DE MANTENIMIENTO / ELECTROMECANICO;ASISTENTE MANTENIMIENTO MECANICO;10;8;no;
132;SUPERVISOR DE OPERACIONES TECNICAS;SUPERVISOR DE OPERACIONES SENIOR;2;1;no;jerarquia
133;SECRETARIA ADMINISTRADORA;SECRETARIA(O);18;18;si;
134;SERVIC. GENERALES;SERVICIO GENERAL;249;4;si;
135;COORDINADOR DE SEGURIDAD INDUSTRIAL;COORDINADOR DE SEGURIDAD INDUSTRIAL Y OCUPACIONAL;30;4;si;
136;ASISTENTE DE CUSTOMER EXPERIENCE;ASESOR DE CUSTOMER EXPERIENCE;5;2;si;
137;JEFE DE RELACIONES INSTITUCIONALES;COORDINADOR DE RELACIONES INTERINSTITUCIONALES;3;1;no;jerarquia
138;ANALISTA DE DATOS SENIOR;ANALISTA DE DATOS BI SENIOR;2;2;si;
139;AUXILIAR DE APOYO ENFERMERIA;AUXILIAR DE ENFERMERIA Y TTHH;225;1;si;
140;COORDINADOR DE NEGOCIOS;COORDINADOR DE NEGOCIOS EMPRESAS;16;1;si;
141;JEFE DE SEGURIDAD INDUSTRIAL Y AMBIENTE;JEFE CORPORATIVO DE SEGURIDAD INDUSTRIAL Y MEDIO AMBIENTE;14;1;si;
142;COORDINADOR DE MEJORAMIENTO DE PROCESO;COORDINADOR DE MEJORAMIENTO OPERACIONAL;5;1;si;
143;ANALISTA DE FINANCIERA;ANALISTA DE GESTION FINANCIERA;208;1;si;
144;ANALISTA DE RIESGO OPERATIVO;ANALISTA RIESGO OPERATIVO Y PR;14;1;si;
145;ANALISTA DE DATA & ANALYTICS;ANALISTA DE DATA SCIENCE;1;1;si;
146;SUPERVISOR DE PLANTA;SUPERVISOR DE PLANTA Y PROYECTO;52;1;si;
147;AUXILIAR MENSAJERO;AYUDANTE DE MENSAJERIA;9;1;si;
148;JEFE DE SEGURIDAD INFORMATICA;JEFE DE SISTEMAS Y SEGURIDAD INFORMATICA;1;1;si;
149;COORDINADOR ADMINISTRATIVO COMERCIAL;COORDINADOR DE ADMINISTRACION COMERCIAL;4;3;si;
150;AUXILIAR DE ARCHIVO;AUXILIAR EN ARCHIVO;46;1;si;
151;ANALISTA DE SEGURIDAD DE LA INFORMACION SENIOR;ANALISTA DE SEGURIDAD DE LA INFORMACION JUNIOR;4;1;no;jerarquia
152;ANALISTA CALIDAD;ANALISTA CONTROL DE CALIDAD INVESTIGACION;162;1;si;
153;ESPECIALISTA DE LABORATORIO;ESPECIALISTA TECNICO DE LABORATORIO;3;1;si;
154;AYUDANTE DE TECNICO;AYUDANTE SERVICIO TECNICO;21;9;si;
155;DOCENTE EDUCACION FISICA;PROFESOR DE EDUCACION FISICA;15;3;si;
156;ASISTENTE DE INFRAESTRUCTURA DE TI;ASISTENTE DE INFRAESTRUCTURA TI;2;1;si;
157;COORDINADOR DE MANTENIMIENTO (INFRAESTRUCTURA);COORDINADOR DE MANTENIMIENTO Y PROYECTOS;2;2;si;
158;COORDINADOR DE NIVEL;DIRECTOR DE NIVEL;3;1;si;
159;SUPERVISOR CREDITO Y COBRANZA;SUPERVISOR CORPORATIVO DE CREDITO Y COBRANZA;15;1;si;
160;SUPERVISOR DE CONGELADOS;SUPERVISOR GENERAL DE CONGELADOS;4;1;si;
161;EJECUTIVO DE GESTION DE COBRANZAS;JEFE DE GESTION DE COBRANZAS;1;1;no;jerarquia
162;AYUD. MECANICA;AYUD.MECANICA;2;1;si;
163;GERENTE DE ABASTECIMIENTO;GERENTE DE PLANEACION DE ABASTECIMIENTO;5;2;si;
164;COORDINADOR SERVICIO TECNICO;COORDINADORA SERVICIO TECNICO;15;10;si;
165;COORDINADOR DE CONTROL DE PROYECTOS;JEFE DE CONTROL DE PROYECTO;1;1;no;jerarquia
166;SUB GERENTE OPERACIONES;SUB GERENTE OPERATIVO;7;1;si;
167;SUPERVISOR DE BASE;SUPERVISOR JEFE DE BASE;1;1;si;
168;AYUDANTE DE OPERACION;AYUDANTE/OPERACIONES;23;1;si;
169;GERENTE DE OPERACIONES Y PROYECTOS;GERENTE DE PROCESOS Y PROYECTOS;6;5;si;
170;TRABAJADOR AGRICOLA;TRABAJADOR AGRICOLA TP;158;1;si;
171;JEFE DE INGENIERIA DE SOFTWARE;JEFE DE SOFTWARE;2;2;si;
172;ASISTENTE DE MEDIOS DIGITALES;ASISTENTE TECNICO DE MEDIOS DIGITALES;2;1;si;
173;TRABAJADOR AGRICOLA;TRABAJADOR AGRO;158;1;si;
174;ANALISTA DE ADM. Y FINANZAS;ANALISTA FINANCIERO DE GERENCIA;2;1;si;
175;COORDINADOR ACADEMICO;COORDINADOR / ASESOR ACADEMICO;51;1;si;
176;ASISTENTE DE BIENESTAR;ASISTENTE DE BIENESTAR SO;2;1;si;
177;SUPERVISOR DE RIEGO;SUPERVISOR/A DE RIEGO;23;2;si;
178;COORDINADOR SALES OPERATION;COORDINATOR SALES COORDINATION;1;1;si;
179;GERENTE DE TALENTO HUMANO;GERENTE TALENTO HUMANO;99;19;si;
180;COORDINADOR ASEGURAMIENTO CALIDAD;JEFE DE ASEGURAMIENTO DE LA CALIDAD E INOCUIDAD;68;1;no;jerarquia
181;TECNICO ELECTROMECANICO DE DESARROLLO;TECNICO ELECTROMECANICO DE DESARROLLO JEFE;1;1;no;jerarquia
182;ADMINISTRADOR FABRICA;JEFE ADMINISTRATIVO DE FABRICA;2;1;no;jerarquia
183;COORDINADOR SEG INDUSTRIAL / AMBIENTE/ SANIDAD;COORDINADOR SEG. INDUSTRIAL Y AMBIENTE;1;1;si;
184;ANALISTA DE CREDITO SENIOR;ANALISTA SENIOR DE GESTION Y MONITOREO DE CREDITO;8;1;si;
185;ASISTENTE SEGURIDAD INDUSTRIAL;AUXILIAR DE SEGURIDAD INDUSTRIAL;39;10;si;
186;ASISTENTE / AYUDANTE / AUXILIAR DE SERVICIOS EN GENERAL;ASISTENTE, AYUDANTE, AUXILIAR DE SERVICIO EN GENERAL;304;1;si;
187;GERENTE REGIONAL COSTA AUSTRO;JEFE REGIONAL COSTA AUSTRO;2;2;no;jerarquia
188;JEFE ADMIN FINANCIERO;GERENTE FINANCIERO ADMIN;5;4;no;jerarquia
189;GERENTE DE VENTAS COSTA;GERENTE REGIONAL DE VENTAS COSTA;4;3;no;
190;GERENTE TECNICA DE PROYECTOS;GESTOR TECNICO DE PROYECTOS;4;1;no;jerarquia
191;ANALISTA DE MERCADO;ANALISTA DE MERCADO Y PRODUCTO;6;1;si;
