n_ciego,n,tipo,particion,origen,etiqueta_actual
1,1875,funcion anadida o acotada,entrena,gemini,0.0
2,8477,funcion anadida o acotada,entrena,humano_139,0.0
3,4356,funcion anadida o acotada,entrena,gemini,0.0
4,6372,funcion anadida o acotada,entrena,gemini,0.0
5,6208,funcion anadida o acotada,entrena,gemini,0.0
6,9324,funcion anadida o acotada,entrena,gemini,0.0
7,4871,funcion anadida o acotada,entrena,gemini,0.0
8,5932,funcion anadida o acotada,entrena,gemini,0.0
9,5352,funcion anadida o acotada,entrena,gemini,0.0
10,2469,funcion anadida o acotada,entrena,gemini,0.0
11,5497,funcion anadida o acotada,entrena,gemini,0.0
12,5877,funcion anadida o acotada,entrena,gemini,0.0
13,238,funcion anadida o acotada,entrena,gemini,0.0
14,772,funcion anadida o acotada,entrena,gemini,0.0
15,5614,funcion anadida o acotada,valida,gemini,0.0
16,184,ambito que separa,entrena,gemini,1.0
17,6409,funcion anadida o acotada,entrena,gemini,0.0
18,7465,ambito que separa,entrena,gemini,1.0
19,1561,funcion anadida o acotada,entrena,humano_139,0.0
20,971,NACIONAL / LOCAL,entrena,gemini,0.0
21,8136,funcion anadida o acotada,entrena,gemini,0.0
22,1424,funcion anadida o acotada,entrena,gemini,0.0
23,5187,funcion anadida o acotada,entrena,humano_139,0.0
24,813,funcion anadida o acotada,entrena,gemini,0.0
25,5617,funcion anadida o acotada,entrena,gemini,0.0
26,9221,funcion anadida o acotada,entrena,humano_139,0.0
27,8614,funcion anadida o acotada,entrena,gemini,0.0
28,9419,funcion anadida o acotada,entrena,gemini,0.0
29,5894,funcion anadida o acotada,entrena,gemini,0.0
30,1512,funcion anadida o acotada,entrena,gemini,0.0
31,9132,funcion anadida o acotada,entrena,gemini,0.0
32,4426,funcion anadida o acotada,entrena,gemini,0.0
33,259,funcion anadida o acotada,entrena,gemini,0.0
34,5501,ambito que separa,entrena,gemini,1.0
35,7241,funcion anadida o acotada,entrena,gemini,0.0
36,1710,funcion anadida o acotada,valida,gemini,0.0
37,6456,funcion anadida o acotada,entrena,gemini,0.0
38,2680,funcion anadida o acotada,entrena,gemini,0.0
39,6023,funcion anadida o acotada,entrena,gemini,0.0
40,9401,funcion anadida o acotada,entrena,gemini,0.0
41,6285,funcion anadida o acotada,entrena,gemini,0.0
42,6909,funcion anadida o acotada,entrena,gemini,0.0
43,2188,funcion anadida o acotada,entrena,gemini,0.0
44,2637,funcion anadida o acotada,entrena,gemini,0.0
45,8439,funcion anadida o acotada,entrena,gemini,0.0
46,1503,funcion anadida o acotada,entrena,gemini,0.0
47,2390,funcion anadida o acotada,entrena,humano_139,0.0
48,4546,funcion anadida o acotada,entrena,gemini,0.0
49,780,funcion anadida o acotada,entrena,gemini,0.0
50,8234,funcion anadida o acotada,entrena,gemini,0.0
51,7169,funcion anadida o acotada,entrena,gemini,0.0
52,6970,funcion anadida o acotada,entrena,gemini,0.0
53,5522,funcion anadida o acotada,entrena,gemini,0.0
54,945,funcion anadida o acotada,entrena,gemini,0.0
55,2565,funcion anadida o acotada,entrena,gemini,0.0
56,8650,funcion anadida o acotada,entrena,gemini,0.0
57,2845,funcion anadida o acotada,entrena,gemini,0.0
58,4937,funcion anadida o acotada,entrena,gemini,0.0
59,5843,funcion anadida o acotada,valida,gemini,0.0
60,8577,funcion anadida o acotada,entrena,gemini,0.0
