n_ciego,comun,raro,mismo,nota
1,ASISTENTE TECNICO DE OBRA,ASISTENTE TECNICO DE DIRECCION DE OBRA,si,
2,JEFE DE FLOTA,JEFE DE MANT. DE FLOTA,si,
3,GERENTE - REPRESENTANTE LEGAL,GERENTE DE LEGAL,si,
4,JEFE(A) DE TALENTO HUMANO,JEFE DE NOMINA/DIRECTORA DE TALENTO HUMANO (E),si,
5,GESTOR DE COBRANZAS,GESTOR DE COBRANZAS MASTER,si,
6,PROFESOR DE FISICA,PROFESOR DE EDUCACIУN FISICA,si,
7,AIR LOGISTICS CUSTOMER CARE,AIR LOGISTICS CUSTOMER CARE SPECILAIST,si,
8,OPERATIONS ASSISTANT,OPERATIONS ASSISTANT MANAGER,si,duda
9,TECNICO DE REFRIGERACION,TECNICO ELECTRICO Y REFRIGERACION,si,
10,PROCUREMENT ANALYST,PROCUREMENT LEAD ANALYST,si,
11,SALES AND MARKETING ASSISTANT MANAGER,SALES AND MARKETING MANAGER,no,jerarquia
12,LD&T ASSOC COORDINATOR,LD&T COORDINATOR,si,
13,ANALISTA ACADEMICO,ANALISTA DE,si,
14,COORDINADOR DE VENTA,COORDINADOR DE POST VENTA,no,
15,ASISTENTE DE OBRA,ASISTENTE GERENCIA DE OBRA,si,
16,GERENTE DE ZONA,GERENTE ZONAL ZONA 1,si,
17,HSEQ SPECIALIST,HSEQ ASSISTANT SPECIALIST,no,
18,COORDINADOR DE EMBARQUE,COORDINADOR DE EMBARQUE INTERNACIONAL,no,
19,INGENIERO DE OBRA,INGENIERO ELECTRICO DE OBRA,no,
20,JEFE BODEGA Y LOGISTICA,JEFE NACIONAL BODEGA Y LOGISTICA,si,
21,COORDINADOR DE CAMPAMENTO,COORDINADOR SEMISENIOR DE ADMINISTRACION DE CAMPAMENTO,no,jerarquia
22,SUPERVISOR DE ALMACEN,SUPERVISOR DE VENTAS ALMACEN,si,
23,TECNICO SOLDADOR,TECNICO MECANICO SOLDADOR,si,
24,ANALISTA NOMINA,ANALISTA DE,si,
25,JEFE DE DISTRIBUIDORES,JEFE DE ZONA DISTRIBUIDORES,si,
26,COORDINADOR DE OBRA,COORDINADOR ADMINISTRATIVO DE OBRA,si,
27,COORDINADOR CAMPO,COORDINADOR ENTRENAMIENTO CAMPO,si,
28,RECIBIDOR - PAGADOR,RECIBIDOR - PAGADOR MASTER,si,
29,COORDINADOR TECNICO,COORDINADOR TECNICO MASTER,si,
30,JEFE DE POST COSECHA,JEFE DE COSECHA,no,
31,EJECUTIVO COMERCIAL SENIOR,EJECUTIVO SENIOR ENTRENAMIENTO COMERCIAL,si,
32,SUPERVISOR DE CAMPO,SUPERVISOR DE MAN. CAMPO,si,
33,SC CAP ASST SUPERVISOR,SC CAP SUPERVISOR,si,
34,ANALISTA DE TRANSPORTE,ANALISTA TRANSPORTE INTERNACIONAL,no,
35,SUPERVISOR DE TRANSPORTE,SUPERVISOR DE CONTROL DE GASTO DE TRANSPORTE,no,
36,"SENIOR ANALYST, BUSINESS DEVELOPMENT",SENIOR BUSINESS ANALYST,si,
37,INFORMATION TECHNOLOGY ASSISTANT MANAGER,INFORMATION TECHNOLOGY MANAGER,no,jerarquia
38,AUDITOR SEMI SENIOR,AUDITOR SENIOR A,si,
39,GERENTE DE ALMACEN,GERENTE DE VENTAS ALMACEN,si,
40,ASISTENTE COMERCIAL,ASISTENTE GERENCIA COMERCIAL,si,
41,AYUDANTE DE NAVEGADOR,AYUDANTE DE NAVEGADOR-BUZO,si,
42,SUPERVISOR DE MANTENIMIENTO (MECANICO),SUPERVISOR DE MANTENIMIENTO EL,si,
43,TECNICO ELECTRICO,TECNICO MECANICO - ELECTRICO,si,
44,OFICIAL DE CUMPLIMIENTO DE OPERACIONES ECONOMICAS,OFICIAL DE CUMPLIMIENTO DE OPERACIONES ECONOMICAS CORPORATIV0,si,
45,ASISTENTE DE ALMACEN,ASISTENTE GERENCIA DE ALMACEN,si,
46,SUPERVISOR DE MANTENIMIENTO EL,SUPERVISOR DE MANTENIMIENTO ME,si,
47,COORDINADOR RIESGOS FINANCIEROS,COORDINADOR RIESGOS NO FINANCIEROS,no,
48,CONSULTOR SNR SRT,CONSULTOR SRT,si,
49,HSE ASST SUPERVISOR,HSE SUPERVISOR LEVEL I,si,
50,GERENTE GENERAL,GERENTE GENERAL ADJUNTA,si,
51,GERENTE DE VENTA,GERENTE DE POS VENTA,no,
52,ASISTENTE 1 DE AUDITORIA INTERNA,ASISTENTE GERENCIA DE AUDITORIA INTERNA,si,
53,SUBGERENTE DE NEGOCIOS,SUBGERENTE DE INTELIGENCIA DE NEGOCIOS,si,
54,ASISTENTE AUDITORIA INTERNA,ASISTENTE GERENCIA DE AUDITORIA INTERNA,si,
55,SECRETARIA DE VENTAS,SECRETARIA GERENCIA VENTAS,si,
56,COMMUNITY MANAGER,COMMUNITY MANAGER SPECIALIST,si,
57,ASISTENTE DE GERENCIA DEPORTIVA,ASISTENTE DEPORTIVA,si,
58,ANALISTA DE INFORMACION,ANALISTA SEG. DE LA INFORMACION,si,
59,OFICIAL CUMPLIMIENTO,OFICIAL CUMPLIMIENTO SUPLENTE,si,
60,RESPONSABLE DE BODEGA - PLANTA,RESPONSABLE DE PLANTA,si,