n;comun;raro;regla;mismo_v5;mismo_v4;mismo_nuevo
75;OPERADOR ESPECIAL;OPERADOR ESPECIALISTA;paso 3: - / ['+SR'];si;;no
150;ENCARGADO SEGURIDAD PATRIMONIAL;JEFE DE SEGURIDAD PATRIMONIAL;paso 2: nivel 3 / 4;si;;no
174;ESPECIALISTA DE MARKETING;CONSULTOR DE MARKETING;paso 2: nivel 3 / 2;si;;no
175;JEFE DE LOGISTICA EXPORTACION;JEFE DE LOGISTICA INTERNACIONAL;paso 3: - / ['ambito:INTERNACIONAL'];si;;si
205;ANALISTA CONTABLE CXC CLIENTES Y PROVEEDORES;ASISTENTE CONTABLE CXC CLIENTES Y PROVEEDORES;paso 2: nivel 2 / 1;si;;no
223;JEFE DE SOLUCIONES;JEFE DE SOLUCIONES CORPORATIVAS;paso 3: - / ['CORPORATIVO'];si;;si
272;ANALISTA CORPORATIVO DE TALENTO CORPORATIVO HUMANO;ANALISTA DE TALENTO HUMANO (GESTION);paso 3: ['CORPORATIVO'] / -;si;;no
302;INSPECTOR / SUPERVISOR / ASESOR TECNICO;INSPECTOR/S UPERVISOR/ASESOR TECNICO;paso 2: nivel 3 / 1;si;;si
323;COORDINADORA DE PROGRAMA SENIOR;GERENTE PROGRAMAS SENIOR;paso 2: nivel 3 / 5;si;;no
