n,comun,raro,emp_comun,emp_raro,mismo,nota
1,TECNICO CAMPO,TECNICO MECANICO CAMPO,3,1,si,
2,ASISTENTE DE TELEMERCADEO Y FIDELIZACION,ASISTENTE TELEMERCADEO,1,1,si,
3,ASISTENTE ADMINISTRATIVO MEDIOS DE PAGO,ASISTENTE DE LOGISTICA MEDIOS DE PAGO,1,1,si,
4,ASISTENTE DE GERENCIA Y DIRECTORIO,ASISTENTE DE GERENCIA / GERENTE ADMINISTRATIVA,2,1,si,
5,ASISTENTE DE DESARROLLO E INNOVACION,ASISTENTE DE INNOVACION,5,4,si,
6,ASISTENTE DE SERVICIOS AL PERSONAL,ASISTENTE SERVICIOS LABORALES,4,1,si,
7,ANALISTA DE GARANTIA DE CALIDAD,ANALISTA TECNICO DE CALIDAD,3,2,si,
8,CONDUCTOR PROFESIONAL,CONDUCTOR PROFESIONAL LOCAL,3,1,si,
9,JEFE DE PLANIFICACION DE ADMISIONES,JEFE DE PROSPECCION DE ADMISIONES,1,1,si,
10,OPERARIOS 1 DE BODEGA PIFO,OPERARIOS 1 DE EMPAQUE PIFO,1,1,si,
11,JEFE DE INTELIGENCIA DE LA INFORMACION,JEFE DE SEG. DE LA INFORMACION,1,1,si,
12,ASISTENTE DE OPERACIONES LAND Y GPS,ASISTENTE DE OPERACIONES GPS,2,2,si,
13,JEFE DE MANTENIMIENTO ELECTROMECANICO,JEFE DE MANTENIMIENTO PLANTA ELECTRICA,3,1,si,
14,ASISTENTE DE SISTEMAS SENIOR,ASISTENTE TECNICO SENIOR,1,1,no,funcion
15,JEFE DE VENTAS SIERRA,JEFE COMERCIAL SIERRA,3,1,si,
16,ASISTENTE DE IMPLEMENTACION Y SERVICIOS,ASISTENTE IMPLEMENTACION PRODUCTOS,1,1,si,
17,OPERADOR DE LIMPIEZA,OPERADOR DE PULIDORA,14,1,si,
18,JEFE DE CALIDAD Y LOGISTICA,JEFE DE SUMINISTROS Y LOGISTICA,1,1,si,
19,DISENADOR GRAFICO SENIOR,DISENADOR CREATIVO SENIOR,3,1,si,
20,SECRETARIA GENERAL CAHC,SECRETARIA RECTORADO GENERAL CAHC,1,1,si,
21,JEFE DE TRANSFORMACION,JEFE DE CONVERSION,3,1,si,
22,ASESOR COMERCIAL II,ASESOR COMERCIAL HE,2,1,si,
23,COORDINADOR DE LOGISITICA,COORDINADOR ASISTENTE LOGISTICA,192,1,si,
24,RESPONSABLE DE EJECUCION DE VENTAS,RESPONSABLE DE VENTAS,1,1,si,
25,HEAD ADMINISTRATIVE & ACCOUNTING,HEAD OF ACCOUNTING,1,1,si,
26,ESPECIALISTA DE RIESGO OPERATIVO,ESPECIALISTA TECNICO DE RIESGOS,2,1,si,
27,ASISTENTE INSTALADOR DE TELECOMUNICACIONES,ASISTENTE DE TELECOMUNICACIONES,11,5,no,
28,ESPECIALISTA DE PRODUCTO INDUSTRIAL,ESPECIALISTA TECNICO INDUSTRIAL,1,1,si,
29,ASISTENTE TECNICO DE PRODUCCION,ASISTENTE DE PRODUCCION EJECUTIVA,2,1,si,
30,AUXILIAR OPERATIVA,AUXILIAR OPERATIVO MASTER,30,1,si,
31,TRADE MARKETING MANAGER,TRADE MARKETING EXECUTIVE,4,1,no,
32,COORDINADOR (A) DEL DPTO. FINANCIERO,COORDINADOR DE INFORMACION Y CONTROL FINANCIERO,1,1,si,
33,JEFE DE IMPORTACIONES & LOGISTICA,JEFE DE VENTAS Y LOGISTICA DE EXPORTACION,5,1,si,
34,JEFE DE MATERIA PRIMA,JEFE MUESTREO DE MATERIA PRIMA,5,1,si,
35,ASISTENTE DE SOPORTE INFORMATICO,ASISTENTE TECNICO IT,2,1,si,
36,GERENTE DE ADMINIST. Y FINANZA,GERENTE ADM & FINANZAS,2,1,si,
37,COORDINADOR CONTABILIDAD,COORDINADOR CONTABILIDAD COSTOS,33,2,si,
38,ASISTENTE DE OFICINA GYE,ASISTENTE DE SERVICIO AL CLIENTE GYE,1,1,no,
39,AUXILIAR DE BODEGA,AUXILIAR CONTABLE DE BODEGA,499,1,si,
40,ANALISTA COMERCIAL SENIOR,ANALISTA SENIOR MARKETING,3,1,no,
41,ASISTENTE ADMINISTRATIVA-CONTABLE,ASISTENTE CONTABLE 助理会计,16,1,si,
42,ASISTENTE DE OPERACIONES LABORATORIO,ASISTENTE TECNICO DE LABORATORIO,1,1,si,
43,CAPITAN (PATRON COSTANERO SIN LABORES DE TECNICO PESQUERO),"CAPITAN (DE PESCA,PATRON DE ALTURA DE PESCA, PATRON COSTANERO)",3,2,si,
44,JEFE DE SISTEMAS DE INFORMACION,JEFE DE SOPORTE DE TECNOLOGIA DE LA INFORMACION,7,1,si,
45,JEFE DE REMUNERACIONES Y COMPENSACIONES,JEFE ORGANIZACION Y COMPENSACIONES,3,1,si,
46,GERENTE DE PRODUCC.,GERENTE DE ELABORACION,160,1,si,
47,ASISTENTE DE SERVICIOS AL PERSONAL,ASISTENTE DE ATENCION AL SOCIO/CLIENTE,4,1,si,
48,JEFE OPERATIVO,JEFE COMERCIAL OPERATIVO,35,12,si,
49,COORDINADOR DE GERENCIA FINANCIERA,COORDINADOR DE CONTROL Y PLANEAMIENTO FINANCIERO,3,2,si,
50,JEFE ADM. DE PRODUCION,JEFE DE PRODUCCION Y CALIDAD,334,4,si,
51,ASISTENTE ADMINISTRATIVO OFICINA,ASISTENTE DE ADMINISTRACION Y FINANZAS,5,4,no,
52,AYUDANTE DE CAMPO,AYUDANTE DE TECNICO DE CAMPO,9,4,si,
53,JEFE DE GESTION DE LA INFORMACION,JEFE DE SEG. DE LA INFORMACION,2,1,si,
54,AUXILIAR DI LIMPIEZA,AUXILIAR OPERATIVO LIMPIEZA,41,1,si,
55,ASISTENTE DE SEGURIDAD INDUSTRIAL Y AMBIENTE,ASISTENTE DE MANTENIMIENTO/ SEGURIDAD INDUSTRIAL,9,1,si,
56,ESPECIALISTA DE TELECOMUNICACIONES,ESPECIALISTA DE INFRAESTRUCTURA Y TELECOMUNICACIONES,9,1,si,
57,COORDINADOR MERCADOTECNIA,COORDINADOR ACADEMICO DE MERCADOTECNIA,2,1,si,
58,SUPERVISOR POS SALONIN,SUPERVISOR SALONIN,1,1,si,
59,JEFE DE VENTAS CANAL DISTRIBUIDORES,JEFE DE VENTAS CANAL INDUSTRIA,2,1,si,
60,ASISTENTE COMERCIALIZACION,ASISTENTE SOPORTE COMERCIAL,8,2,si,
61,AUXILIAR DE MAQUINAS INDUSTRIALES,AUXILIAR OPERACIONES INDUSTRIALES,6,1,si,
62,COORDINADOR DE SOPORTE APLICACIONES,COORDINADOR DE APLICACIONES IT,2,1,si,
63,SUPERVISOR DE MECANICOS,SUPERVISOR ELECTROMECANICO,4,4,si,
64,JEFE DE PRODUCCION (PR),JEFE DE PRODUCCION - A,1,1,si,
65,JEFE COMERCIAL DE IMPORTACIONES,JEFE IMPORTACION-LOGISTICA,129,5,si,
66,SUPERVISOR DE AGRONOMIA,SUPERVISOR AGROFORESTAL,3,2,si,
67,ASISTENTE DE TALENTO Y CULTURA,ASISTENTE DE ESTRATEGIA DE TALENTO CULTURA,5,1,si,
68,ASISTENTE DE FLOTA,ASISTENTE FLOTA - COORDINACION,14,1,si,
69,JEFE CONTROL OPERACIONAL,JEFE OPERADOR,6,2,si,
70,ASISTENTE DE CAMPO,ASISTENTE DE OPERACIONES DE CAMPO,8,1,si,
71,SUPERVISOR DE DESPACHO LOGISTICO,SUPERVISOR DE COORDINACION LOGISTICA,3,2,si,
72,COORDINADORA CONTABLE FINANCIERA,COORDINADORA DE FINANZAS Y CONTABILIDAD,4,2,si,
73,DIRECTOR DE CARRERA DE INGENIERIA ELECTRICA,DIRECTOR DE CARRERA DE INGENIERIA INDUSTRIAL,1,1,si,
74,ASISTENTE DE VENTAS Y FACTURACION,ASISTENTE DE COMPRAS Y FACTURACION,2,1,si,
75,SUPERVISOR DE TALLER AUTOMOTRIZ,SUPERVISOR DE TALLER ELECTROMECANICO,1,1,si,
76,PERSONAL ACADEMICO TITULAR AGREGADO NIVEL 2,PERSONAL ACADEMICO TITULAR AGREGADO NIVEL 1 GRADO 3 MEDIO TIEMPO,1,1,no,
77,ASISTENTE COMPRAS Y LOGISTICA,ASISTENTE ADQUISICIONES Y LOGISTICA,9,2,si,
78,ASISTENTE DE VENTAS Y SERVICIO AL CLIENTE,ASISTENTE_DE_ADMINISTRACION_Y_DESARROLLO_DE_VENTAS,3,1,si,
79,JEFE DE LOGISTICA REPUESTOS,JEFE ALMACEN REPUESTOS,2,1,si,
80,SUPERVISOR REGION COSTA,SUPERVISOR COSTA-NORTE,3,1,si,
81,JEFE DE MANTENIMIENTO Y PRODUCCION,JEFE DE MANTENIMIENTO Y MEDIO AMBIENTE,6,2,no,
82,SUPERVISOR TALLER MECANICO,SUPERVISOR DE TALLER AUTOMOTRIZ,2,1,si,
83,AYUDANTE DE LOGISTICA Y TRANSPORTE,AYUDANTE DE OPERACIONES ( LOGISTICO),1,1,si,
84,JEFE DE AREA DE PRODUCCION,JEFE TECNICO DE PRODUCCION,3,2,si,
85,GERENTE GENERAL / JEFE DE VENTAS,GERENTE DE VENTAS AGENCIA,2,1,si,
86,JEFE RESPONSABILIDAD SOCIAL,JEFE DE BIENESTAR Y RESPONSABILIDAD SOCIAL,9,5,si,
87,ASISTENTE DE SOPORTE,ASISTENTE DE SOPORTE Y DESARROLLO,14,1,si,
88,SUPERV. MANTENIMIENTO ELECTRICO,SUPERV. MANTENIMIENTO ELECTRONICO,1,1,si,
89,JEFE DE MONITOREO,JEFE DE SOPORTE AL SERVICIO MONITOREO,1,1,si,
90,COORDINADOR NACIONAL,COORDINADOR PAIS,1,1,no,
91,ASISTENTE DE PRESIDENCIA,ASISTENTE GERENCIA Y PRESIDENCIA,92,4,si,
92,OPERADOR DE TRACTOR,OPERADOR DE TRACTOR - EXCAVADORA,20,1,si,
93,COORDINADOR DE BODEGA DE MATERIA PRIMA,COORDINADOR DE ALMACEN DE MATERIA PRIMA Y PRODUCTO TERMINADO,5,1,si,
94,ANALISTA DE VENTAS,ANALISTA DE VENTAS Y DISTRIBUCION,30,2,si,
95,TECNICO MANTENIMIENTO,TECNICO MANTENIMIENTO PREVENTIVO,35,1,si,
96,COORDINADOR DE TRADE Y MARKETING,COORDINADOR DE MERCADEO Y VENTAS,43,2,si,
97,COORDINADOR DE LOGISTICA Y OPERACIONES,COORDINADOR DE LOGISTICA (PLANIFICACION INDUSTRIAL),8,1,si,
98,ASISTENTE ADMINISTRATIVA GYE,ASISTENTE DE SERVICIO AL CLIENTE GYE,5,1,no,
99,TECNICO DE INSTRUMENTACION,TECNICO ELECTRICO DE INSTRUMENTACION,4,1,si,
100,OPERADOR DE TRACTORES E IMPLEMENTOS AGRICOLAS,OPERADOR TRACTOR IMPLEMENTOS AGRICOLAS,2,1,si,
101,DOCENTE DE INGLES BACHILLERATO,DOCENTE DE INGLES EDUCACION BASICA MEDIA,3,2,si,
102,JEFE DE TALLER AUTOMOTRIZ,JEFE DE TALLER MECANICO,3,1,si,
103,SUPERVISOR DE MANTENIMIENTO DE EQUIPOS,SUPERVISOR DE MANTENIMIENTO DE EDIFICIOS,2,1,no,
104,ASISTENTE ADMINISTRACION,ASISTENTE DE GESTION ADMINISTRATIVA Y SEGURIDAD,28,1,si,
105,COORDINADORA DE MERCADEO Y COMUNICACION,COORDINADORA DE COMUNICACION Y MARCA,2,1,si,
106,SUPERVISOR CONSERJERIA,SUPERVISOR DE COMISARIATO,2,1,no,
107,EJECUTIVO DE VENTAS Y ATENCION AL CLIENTE,EJECUTIVO COMERCIAL - VENDEDOR,2,1,si,
108,COORDINADOR DE OPERACIONES Y DE PERSONAL DE CAMPO,COORDINADOR TECNICO DE CAMPO,1,1,si,
109,SUPERVISOR DE GARANTIAS Y CALIDAD,SUPERVISOR CALIDAD Y REGULATORIOS,3,2,si,
110,SUPERVISOR DE OPERACION,SUPERVISOR DE OPERACIONES E INFRAESTRUCTURA,166,1,si,
111,ASISTENTE DE BODEGA DE REPUEST,ASISTENTE DE BODEGA DE SUMINISTROS,1,1,si,
112,ASISTENTE ADMINISTRATIVO PROYECTOS,ASISTENTE DE CONTROL DE PROYECTOS,6,2,si,
113,REPRESENTANTE TECNICA,REPRESENTANTE TECNICO I,31,1,si,
114,JEFE DE VENTAS ZONAL,JEFE DE NEGOCIOS ZONAL,4,1,si,
115,JEFE DE CUENTAS POR PAGAR,JEFE DE TESORERIA Y CUENTAS POR PAGAR,4,1,si,
116,ANALISTA DE PRODUCCION SR,ANALISTA SENIOR PRODUCCION,1,1,si,
117,COORDINADOR AGRICOLA,COORDINADOR TECNICO AGRICOLA,6,2,si,
118,INGENIERO APLICACION SENIOR,INGENIERO DE PROYECTO SENIOR,2,1,si,
119,OPERADOR DE MONTACARGAS EN LOMOS PRE-COCIDOS CONGELADOS,OPERADOR DE RETRACTILADORA EN LOMOS PRE-COCIDOS CONGELADOS,1,1,si,
120,SUPERVISOR DE MANTENIMIENTO PLANEADO,SUPERVISOR DE INGENIERIA Y MANTENIMIENTO,2,1,si,
121,ANALISTA DE PROCESOS Y DESARROLLOS,ANALISTA DE PROCESOS Y PRODUCTOS,2,1,si,
122,JEFE ANALISIS Y DESARROLLO,JEFE DE ANALISIS Y PLANIFICACION,1,1,si,
123,LIDER TECNICO DE MANTENIMIENTO,LIDER DE MANTENIMIENTO E INCIDENCIAS,2,1,si,
124,JEFE DE FABRICA,JEFE DE CONFECCION,8,2,no,
125,ASISTENTE ADMINISTRATIVA ATENCION AL CLIENTE,ASISTENTE DE SOPORTE DEL CENTRO DE ATENCION AL CLIENTE,9,1,si,
126,"JEFE DE PROYECTOS, PROCESOS Y MEJORA CONTINUA",JEFE DE INGENIERIA Y PROYECTOS,2,1,si,
127,GERENTE SNR T&L,GERENTE SNRT&L,2,1,si,
128,SUPERVISOR DE PREPROCESO,SUPERVISOR DE PROD. EN PROCESO,1,1,si,
129,COORDINADOR DE ENTRENAMIENTO,COORDINADOR DE ENTRENAMIENTO Y CULTURA,4,1,si,
130,JEFE DE VENTAS REGION COSTA,JEFE DE VENTAS ZONA SUR,5,2,si,
131,JEFE DE RECURSOS HUMANO,JEFE DE RECURSOS HUMANOS/ 人力资源主管,231,1,si,
132,JEFE DE GESTION ACADEMICA,JEFE DE PEDAGOGIA,1,1,si,
133,AUXILIAR DE SERVICIOS DE LIMPIEZA Y MANTENIMIENTO DE JARDINERIA,AUXILIAR DE JARDINES Y EXTERIORES,2,1,si,
134,GERENTE DE AEROLINEAS,GERENTE DE AEROPUERTO,1,1,si,
135,ASISTENTE DE JEFE DE CAMPO,ASISTENTE DE OPERACIONES DE CAMPO,5,1,si,
136,COORDINADOR DE ALMACEN Y LOGISTICA,COORDINADOR LOGISTICO Y ACADEM,3,1,si,
137,SUPERVISOR DE TRANSPORTE DE LARVAS,SUPERVISOR DE DESPACHO Y ABASTECIMIENTO DE LARVAS,4,1,si,
138,ASISTENTE DE LOGISTICA GPS,ASISTENTE SERVICIOS EN GENERAL GPS,1,1,si,
139,LIDER DE PROYECTO,LIDER DE PROYECTO DE DESARROLLO,23,2,si,
140,ASISTENTE CONTABLE DE COLECTURIA,ASISTENTE DE ARCHIVO CONTABLE,1,1,si,
141,TRABAJADOR ACUICOLA - AYUDANTE DE SOLDADOR,TRABAJADOR ACUICOLA - AYUDANTE ELECTRICO,1,1,si,
142,ANALISTA DE ADMINISTRACION DE RIESGOS,ANALISTA DE RIESGO EMPRESARIAL,1,1,si,
143,GERENTE / AFINES COMISARIO,GERENTE / AFINES PRESIDENTE,1,1,si,
144,GERENTE DE PLANTA,GERENTE INGENIERIA DE PLANTA,58,1,si,
145,TRADE MARKETING MANAGER,TRADE DEVELOPMENT MANAGER,4,1,no,
146,GERENTE DE LOGISTICA,GERENTE DE PLANEACION Y LOGISTICA,41,4,si,
147,ASISTENTE ADMINISTRATIVO Y COBRANZA,ASISTENTE ADMINISTRATIVA-RECEPCION,3,2,si,
148,JEFE DE VENTAS COSTA,JEFE COMERCIAL COSTA,6,4,si,
149,ANALISTA DE DOCUMENTACION IMPORT,ANALISTA DE TRAMITES DE IMPORTACION,1,1,si,
150,ANALISTA DE TESORERIA Y PRESUPUESTO,ANALISTA TECNICO DE PRESUPUESTO,2,1,si,
151,GERENTE ADMINISTRATIVA Y DE RECURSOS HUMANOS,GERENTE DE RECURSOS HUMANOS Y SERVICIOS,6,1,si,
152,JEFE DE COMPRA-EXPORTACIONES,JEFE/A DE OPERACIONES EXPORT,29,2,si,
153,JEFE DE BODEGA DE REPUESTOS,JEFE ALMACEN REPUESTOS,3,1,si,
154,AUXILIAR DE GESTION DOCUMENTAL,AUXILIAR DE GESTION DOCUMENTAL TEMPORAL,7,1,si,
155,JEFE DE ANALISIS COMERCIAL,JEFE DE ESTRATEGIA COMERCIAL,2,1,si,
156,ASISTENTE ADMINISTRATIVO-CLINICO,ASISTENTE TECNICO ADMINISTRATIVO DE SOPORTE,1,1,si,
157,ASISTENTE GESTION SOCIAL,ASISTENTE SOCIAL,3,1,si,
158,OPERARIOS 3 DE EMPAQUE PIFO,OPERARIOS 3 DE BODEGA PIFO,1,1,si,
159,ANALISTA DE CAJA,ANALISTA DE CAJA RECEPCION,4,1,si,
160,ASISTENTE SOPORTE SERVICIOS TECNOLOGICOS,ASISTENTE DE TECNOLOGIA Y SISTEMAS,3,1,si,
161,SUPERVISOR ADMINISTRATIVO DE VENTAS,SUPERVISOR DE VENTAS GENERALES,1,1,si,
162,JEFE DE SERVICIO TECNICO,JEFE DE ASESORIA TECNICA,16,1,si,
163,COORDINADOR DE SISTEMAS DE GESTION DE CALIDAD,COORDINADOR DE GESTION DE LA CALIDAD Y MEJORA CONT,4,1,si,
164,ASESOR COMERCIAL,ASESOR COMERCIAL DEC,414,1,si,
165,COORDINADOR GENERAL,COORDINADOR DE GERENCIA GENERAL,20,8,si,
166,ASISTENTE AUXILIAR SERVICIOS EN GENERAL,ASISTENTE/AUXILIAR SERVICIOS TECNICOS,153,80,si,
167,ASISTENTE CONTABILIDAD GENERAL,ASISTENTE ADMINISTRATIVA CONTA,2,1,si,
168,DIRECTORA ADMINISTRATIVA - FINANCIERA,DIRECTORA FINANCIERA ADMINISTRATIVA/PROFESORA TITULAR AUXILIAR,4,1,si,
169,ANALISTA CALIDAD DE PROCESOS,ANALISTA DE GERENCIA Y PROCESOS,16,6,si,
170,JEFE DE AUDITORIA Y CALIDAD,JEFE AUDITOR EN GARANTIA DE CALIDAD,3,1,si,
171,ANALISTA DE COMPRAS & LOGISTICA,ANALISTA DE COMPRAS Y ABASTECIMIENTO,4,2,si,
172,ASISTENTE MANTENIMIENTO GPS,ASISTENTE SERVICIOS EN GENERAL GPS,1,1,si,
173,ANALISTA DE SEGURIDAD DE INFORMACION,ANALISTA DE INTELIGENCIA DE INFORMACION,23,1,si,
174,JEFE DE OPERACIONES TECNOLOGICAS,JEFE DE IMPLEMENTACION TECNOLOGICA,2,1,si,
175,JEFE DE INDUSTRIAL,JEFE DE MECANICA INDUSTRIAL,1,1,si,
176,DIBUJANTE 109,DIBUJANTE 99,1,1,si,
177,SUPERVISOR DE ELABORACION,SUPERVISOR DE LABORATORIO DE PRODUCCION,3,1,no,
178,ANALISTA ADMINISTRATIVO Y DE FACTURACION,ANALISTA DE FACTURACION Y DESPACHOS,1,1,si,
179,JEFE DE ENTREGA DE PRODUCTOS,JEFE DISTRIBUCION Y SERVICIO AL CLIENTE,1,1,si,
180,SUPERVISOR DE CALIDAD Y PROCESOS,SUPERVISOR DE CALIDAD TISSUE/PERSONAL/PROFESSIONAL,5,1,no,
181,COORDINADOR DE GERENCIA,"COORDINADOR DE GESTION, CONTROL Y SERVICIOS GENERALES",8,1,si,
182,SUPERVISOR CD,SUPERVISOR LP,1,1,no,
183,AUXILIAR CONTABILIDAD,AUXILIAR CONTA,218,1,si,
184,JEFE PRODUCCION,JEFE AUDITORIA PRODUCCION,334,1,si,
185,ASISTENTE DE VENTAS SIERRA,ASISTENTE COMERCIAL SIERRA,4,2,si,
186,TECNICO DOCENTE DE LABORATORIO,TECNICO RESPONSABLE DE LABORATORIO,2,1,si,
187,BRAND EXPERT,BRAND SPECIALIST,1,1,si,
188,TUTORA DE DECIMOS DE BASICA,TUTORA DE QUINTOS DE BASICA,1,1,si,
189,ANALISTA DE PRECIOS,ANALISTA DE TARIFAS,8,1,si,
190,SUPERVISOR DE LINEA PRODUCTIVA,SUPERVISOR DE PROYECTOS PRODUCTIVOS,1,1,si,
191,ASISTENTE CONTABLE DE COSTOS,ASISTENTE DE CONTROL DE COSTOS,2,2,si,
192,ASISTENTE ADM DE VENTAS,ASISTENTE COMERCIAL DE VENTAS,3,1,si,
193,ASISTENTE ADMINISTRATIVO OPERATIVO JR.,ASISTENTE ADMINISTRATIVO JUNIOR,3,1,si,
194,SALES DATA ANALYST,SALES OPERATION ANALYST,1,1,si,
195,ASISTENTE DE FLOTA,ASISTENTE DE MANTENIMIENTO Y FLOTA,14,1,si,
196,JEFE DE INNOVACION TECNOLOGICA,JEFE DE IMPLEMENTACION TECNOLOGICA,3,1,si,
197,OFICIAL CUMPLIMIENTO SUPLENTE,OFICIAL DE CUMPLIMIENTO 1,52,2,si,
198,ANALISTA AMBIENTAL,ANALISTA DE GESTION AMBIENTAL,12,3,si,
199,SUPERVISOR DE ALMACEN,SUPERVISOR VENDEDOR DE ALMACEN,26,1,si,
200,COORDINADORA MERCHANDISING Y ATENC CLIENTE,COORDINADORA VENTAS/SERVICIO AL CLIENTE,1,1,si,
201,COORDINADOR TECNICO COMERCIAL,COORDINADOR SERVICIO TECNICO AL CLIENTE,5,1,si,
202,SUPERVISOR DE MARKETING,SUPERVISOR DE INFLUENCER MARKETING,9,1,si,
203,CHOFER DE CAMION,CHOFER DE CAMION GS,14,1,si,
204,JEFE DE LOGISTICA OPERATIVA,JEFE DE OPERACIONES DE TRANSPORTE Y DISTRIBUCION,16,1,no,
205,ASISTENTE DE SEGURIDAD OCUPACIONAL,ASISTENTE DE SALUD OCUPACIONAL,19,3,si,
206,GESTOR DE ENVASADO,GESTOR: LINEAS DE ENVASADO,1,1,si,
207,JEFE COMERCIAL DE EXPORTACIONES,JEFE DE VENTAS EXPORTACION,2,2,si,
208,ANALISTA DE PROVEEDORES,ANALISTA DE PROVEEDORES NACIONALES,3,1,si,
209,ASISTENTE DE INVENTARIO Y LOGISTICA,ASISTENTE DE INVENTARIO Y TRANSPORTE,2,1,si,
210,OPERADOR CALL CENTER,OPERADOR VIRTUAL CALL CENTER,10,1,si,
211,AUXILIAR DE SERVICIO EN GENERAL,AUXILIAR EN GENERAL,668,6,si,
212,CHOFER DE DISTRIBUCION,CHOFER DE TRANSPORTE,1,1,no,
213,ANALISTA DE COBRANZAS,ANALISTA DE COBRANZAS Y OPERACIONES,41,1,si,
214,JEFE DE COMERCIAL,JEFE DE ECOMMERCE,5,4,si,
215,CHOFER BODEGA,CHOFER REPARTIDOR BODEGA,1,1,si,
216,SOURCING GENERALIST,SOURCING SPECIALIST,1,1,si,
217,COORDINADOR SERVICIO MEDICO,COORDINADOR/A DE SERVICIOS ADMINISTRATIVOS DE SALUD,2,1,si,
218,ASISTENTE ADMINISTRATIVO Y COBRANZA,ASISTENTE ADMINISTRATIVO Y MENSAJERIA,3,2,si,
219,COORDINADOR DE PROCESOS PRODUCTIVOS,"COORDINADOR DE PROCESOS, CALIDAD Y AMBIENTE",5,1,si,
220,COORDINADOR DE MANTENIMIENTO ELECTRICO,COORDINADOR DE MANTENIMIENTO ELECTRONICO,16,3,si,
221,ASISTENTE DE LOGISTICA Y ALMACENAMIENTO,ASISTENTE DE LOGISTICA Y CONTROL DE COMUNICACION,3,1,si,
222,GERENTE DE IMPUESTOS,GERENTE DE CONSULTORIA DE IMPUESTOS,5,2,si,
223,COORDINADOR TECNICO COMERCIAL,COORDINADOR DESARROLLO COMERCIAL,5,2,si,
224,AUXILIAR DE CAMARAS,AUXILIAR DE MONITOREO DE CAMARAS,1,1,si,
225,SUPERVISOR DE BODEGA DE PRODUCTO,SUPERVISOR DE BODEGA MATERIAL DE EMPAQUE Y SANIDAD,1,1,si,
226,JEFE DE LA UNIDAD SECURITY,JEFE UND. DE SEGURIDAD OCUP.,1,1,si,
227,COORDINADOR SERVICIOS ADMINISTRATIVOS,COORDINADOR CONTABLE ADMINISTRATIVO,6,4,no,
228,JEFE BODEGA IMPORTACIONES,JEFE DE IMPORTACIONES Y POST VENTA,2,1,no,
229,ASESOR DE CUENTAS,ASESOR DE CUENTAS CALL CENTER,4,1,si,
230,ASISTENTE DE DEPARTAMENTO JURIDICO,ASISTENTE DEL ESTUDIO JURIDICO,8,1,si,
231,ANALISTA DE SOPORTE (TECNICO),ANALISTA SERVICIO TECNICO,16,5,si,
232,INGENIERO INSPECTOR DE PROYECTOS,INGENIERO INSPECTOR DE PROYECTOS 205,1,1,si,
233,ASISTENTE ADMINISTRATIVA & REC,ASISTENTE ADMINISTRATIVO RC,1,1,si,
234,TECHNICAL SALES ADVISOR,TECHNICAL SALES SUPPORT PROFESSIONAL,1,1,si,
235,GERENTE DE PROCESOS,GERENTE PLANTA DE PROCESOS,7,1,si,
236,ASISTENTE DE CONSULTORIA DE NEGOCIOS,ASISTENTE DE NEGOCIOS Y ESTRATEGIA,1,1,si,
237,ANALISTA DE ESTRUCTURAS,ANALISTA DE ESTRUCTURAS Y BI,4,1,si,
238,COORDINADOR OPERATIVO LOGISTICO,COORDINADOR LOGISTICO ZONA NORTE,8,1,si,
239,ASISTENTE DE NEGOCIO,ASISTENTE DE CONSULTORIA DE NEGOCIOS,31,1,si,
240,SUPERVISOR ASISTENTE DE CUSTODIOS,SUPERVISOR DE AUXILIARES DE SERVICIOS,1,1,si,
241,LIDER DE DESARROLLO DE SOFTWARE,LIDER TECNICO DE SOFTWARE,1,1,si,
242,SUPERVISOR DE BODEGA DE A,SUPERVISOR DE BODEGA MATERIAL DE EMPAQUE Y SANIDAD,1,1,si,
243,JEFE CANAL DISTRIBUIDORES,JEFE_NACIONAL_CANAL_DISTRIBUIDORES,1,1,si,
244,JEFE DE GESTION Y CONTROL DE CREDITO,JEFE DE CREDITO MASTER,2,1,si,
245,ASISTENTE DE SERVICIOS TECNICO,ASISTENTE DE SISTEMAS Y COMUNICACIONES,38,1,si,
246,AUXILIAR DE OFICINA DE VENTAS,AUXILIAR DE SERVICIO DE VENTAS,1,1,si,
247,COORDINADOR CALIDAD,COORDINADOR DE CALIDAD Y CERTIFICACIONES,111,2,si,
248,CHOFER CUSTODIO,CHOFER CUSTODI0,5,1,si,
249,GERENTE DE OPERACIONES Y SERVICIO AL CLIENTE,GERENTE DE NEGOCIOS Y OPERACIONES,3,1,si,
250,ANALISTA 1 DE DESARROLLO WEB,ANALISTA DE IT (DESARROLLADOR WEB),1,1,si,
251,ASISTENTE TRIBUTARIO,ASISTENTE TRIBUTARIO FINANCIERO,13,1,si,
252,GERENTE COMERCIAL,GERENTE COMERCIAL EU,469,1,si,
253,PLANIFICADOR DE MECANICA AGRICOLA,PLANIFICADOR DE MECANICA AUTOMOTRIZ,1,1,no,
254,ASISTENTE CONTABLE / CAJA,ASISTENTE CONTABLE BODEGA,2,1,si,
255,SUPERVISOR DE MANTENIMIENTO OPERACIONES,SUPERVISOR OPERATIVO PROCESOS,2,1,si,
256,GERENTE ZONA,GERENTE ZONA FRIA,1,1,si,
257,ASISTENTE ADMINISTATIVO,ASISTENTE ADMINISTRATIVO BASE,21,1,si,
258,SUPERVISOR DE SOPORTE TECNICO,SUPERVISOR DE SOPORTE OPERATIVO,2,1,si,
259,GERENTE COMERCIAL RETAIL,GERENTE ECOMMERCE,3,1,si,
260,DOCENTE IB EXPERTO,DOCENTE IB INICIAL,1,1,no,
261,OPERARIOS 1 DE CONTROL DE CALIDAD PIFO,OPERARIOS 1 DE MANTENIMIENTO PIFO,1,1,si,
262,COORDINADOR GESTION AMBIENTAL,COORDINADOR TECNICO AMBIENTAL,3,2,si,
263,ASISTENTE ADMINISTRATIVA-CONTABLE,ASISTENTE CONTABILIDAD I,16,9,si,
264,COORDINADOR OPERATIVO DE PROYECTOS,COORDINADOR TECNICO GENERAL DE PROGRAMAS-PROYECTOS,3,1,si,
265,ANALISTA DE COMPRAS INTERNACIONALES,ANALISTA DE VENTAS INTERNACIONALES,3,1,no,
266,ASISTENTE DE PRODUCCION Y LOGISTICA,ASISTENTE DE PRODUCCION Y TECNOLOGIA,1,1,si,
267,GERENTE DE SERVICIOS DE OPERACIONES,GERENTE ASOCIADO DE OPERACIONES,5,1,si,
268,JEFE COMPRAS LOCALES E IMPORTADOS,JEFE DEL DPTO DE COMPRAS,2,1,si,
269,SUPERVISOR DE BODEGA DE MATERIALES Y REPUESTOS,SUPERVISOR DE ALMACEN DE INSUMOS Y REPUESTOS,3,1,si,
270,COORDINADOR ADMISIONES,COORDINADOR(A) DE CAJA ADMISION,14,1,si,
271,COORDINADOR ADMINISTRATIVO LOGISTICO,COORDINADOR DE LOGISTICA Y EVENTOS DE LA OPERACION,6,1,si,
272,REPRESENTANTE COMERCIAL TECNICO,REPRESENTANTE DE SERVICIO TECNICO,26,3,no,
273,ANALISTA ADMINISTRATIVO SENIOR,ANALISTA SENIOR FINANCIERO ADMINISTRATIVO,2,1,no,
274,ASISTENTE DE RIESGO DE CREDITO,ASISTENTE EN MODELOS DE RIESGO DE CREDITO,1,1,si,
275,SUPERVISOR DE SEGURIDAD OCUPACIONAL,SUPERVISOR DE SALUD OCUPACIONAL,6,2,si,
276,EJECUTIVO VENTAS SENIOR,EJECUTIVO SENIOR NEGOCIOS,2,1,si,
277,ANALISTA DE CONTROL COSTOS,ANALISTA DE COSTOS Y PLANIFICACION,5,3,si,
278,COORDINADOR DE GERENCIA FINANCIERA,COORDINADOR DE FINANZAS Y CONTABILIDAD,3,2,si,
279,JEFE DE PRODUCTO INDUSTRIAL,JEFE NAC. DE PRODUCTO,2,1,no,
280,COORDINADOR ADMINISTRATIVO & FINANCIERO,COORDINADOR ADM. FINANC.,28,1,si,
281,GERENTE ADMINISTRATIVO Y DE TALENTO HUMANO,GERENTE ADMINISTRATIVA Y LEGAL,5,1,no,
282,OPERADOR CARGADORA,OPERADOR PALA CARGADORA,18,1,si,
283,COORD DE COMUNICACION Y MARKET,COORD. MARKETING Y COMUNICACION,1,1,si,
284,ASISTENTE COMERCIALIZACION,ASISTENTE ADM DE VENTAS,8,3,si,
285,SECRETARIA-CORDINADORA,SECRETARIA-COLECTORA,3,2,si,
286,ANALISTA ADMINISTRATIVO DE ACTIVOS,ANALISTA DE GESTION DE ACTIVOS Y AUTOMATIZACION,1,1,si,
287,JEFE DPTO TECNICO,JEFE DPTO SISTEMAS,5,1,si,
288,ANALISTA DE TRASFORMACION DIGITAL Y PROCESOS,ANALISTA DE PROCESOS DIGITALES,3,1,si,
289,SUPERVISOR DE BODEGA/ALMACEN,SUPERVISOR VENDEDOR DE ALMACEN,3,1,no,
290,ANALISTA DE LOGISTICA Y TRANSPORTE,ANALISTA COMERCIAL Y LOGISTICA,3,1,no,
291,JEFE DE COMPRAS Y PLANEACION,JEFE DE COMPRAS Y ADQUISICIONES,6,3,si,
292,JEFE DE PLANTA DE ESTRUCTURAS,JEFE PRODUCTO CAB. ESTRUCTURAD,1,1,no,
293,COORDINADOR DE SISTEMA,COORDINADOR DE SISTEMAS Y TELECOMUNICACIONES,82,1,si,
294,JEFE BODEGA PRODUCTOS TERMINADOS,JEFE DE ALMACEN DE PRODUCTO TERMINADO,8,2,si,
295,ASISTENTE ADMINISTRATIVA CONTA,ASISTENTE DE GERENCIA Y CONTABILIDAD,1,1,si,
296,ANALISTA CALIDAD QUIMICO,ANALISTA TECNICO-FISICO QUIMICO,2,1,si,
297,REGULATORY AFFAIRS EXPERT,REGULATORY AFFAIRS PROFESSIONAL,2,1,si,
298,ANALISTA 1 DE DESARROLLO WEB,ANALISTA DE PROGRAMACION WEB,1,1,si,
299,ANALISTA DE PROCESOS - QA,ANALISTA DE SISTEMAS QA,1,1,si,
300,JEFE DE COMERCIAL,JEFE DE SOPORTE COMERCIAL,5,1,si,
301,ASISTENTE DE DEPARTAMENTO GUAYAQUIL,ASISTENTE OFICINA GUAYAQUIL,1,1,si,
302,ANALISTA DE CREDITO - ADMINISTRACION DE CREDITO,ANALISTA DE GESTION Y CONTROL DE CREDITO,1,1,si,
303,ASISTENTE ADMINSTRATIVO CONTABLE,ASISTENTE CONTABLE I,42,14,si,
304,ASISTENTE SOPORTE OPERATIVO,ASISTENTE TECNICO ADMINISTRATIVA DE SOPORTE,1,1,si,
305,ASISTENTE DE GERENCIA ADMINISTRATIVA FINANCIERA,ASISTENTE ADMINISTRATIVO FINANZAS,4,2,si,
306,JEFE DE LABORATORIO MOLECULAR,JEFE DE PROCESOS DE LABORATORIO,1,1,si,
307,SR. ANALYTICS ANALYST,SR. DATA ANALYST,1,1,si,
308,SUPERVISOR DE MERCADERISMO,SUPERVISOR DE MERCADERISTAS SUR,10,1,si,
309,TECNICO 1 DE PRODUCCION AQ1,TECNICO DE TALLER AQ1,2,1,si,
310,RECEPCIONISTA TIEMPO COMPLETO,RECEPCIONISTA-REEMPLAZO,1,1,si,
311,VENDEDOR DE REPUESTOS EXTERNO,VENDEDOR NACIONAL DE REPUESTOS,4,1,si,
312,ASESOR COMERCIAL INDUSTRIAL,ASESOR COMERCIAL CANAL INDUSTRIAL,2,1,si,
313,GERENTE DE UNIDAD,GERENTE MULTIUNIDAD,2,1,si,
314,COORDINADOR ASISTENTE LOGISTICA,COORDINADOR DE PEDIDOS Y LOGISTICA,1,1,si,
315,JEFE DE FABRICA,JEFE MEJORAMIENTO FABRICA,8,1,si,
316,ANALISTA DE PRECIOS,ANALISTA DE COTIZACIONES,8,2,si,
317,JEFE AREA DE CALIDAD,JEFE DE CALIDAD DEL SERVICIO,3,2,si,
318,JEFE DE INFRAESTRUCTURA Y PROYECTOS,JEFE DE INFRAESTRUCTURA IT,3,2,si,
319,ANALISTA DE MARKETING JR,ANALISTA JR DE MARKETING DIGITAL,2,1,si,
320,ANALISTA DE IMPORTACIONES Y LOGISTICA,ANALISTA DE IMPORTACIONES Y CADENA DE SUMINISTRO,4,1,si,
321,SUPERVISOR DE OPERACIONES DE TRANSPORTE,SUPERVISOR DE MANTEIMIENTO LOGISTICA Y TRANSPORTE,2,1,si,
322,ANALISTA DE NOMINA Y TALENTO HUMANO,ANALISTA DE NOMINA Y TTHH,5,1,si,
323,JEFE ADMINISTRATIVO DE VENTAS,JEFE DE VENTAS CORPORATIVO,10,5,si,
324,ANALISTA DE OPERACIONES LOGISTICA,ANALISTA DE OPERACIONES DE TRANSPORTE,3,2,no,
325,RDV SIERRA NORTE,RDV SIERRA NORTE - SANTO DOMINGO,1,1,si,
326,ASISTENTE CONTABLE FACTURACION,ASISTENTE OPERATIVO DE SERVICIOS - FACTURACION,3,1,si,
327,COORDINADOR SEGURIDAD LABORAL,COORDINADOR BIENESTAR LABORAL Y SSO,4,1,si,
328,COORDINADOR DE INFRAESTRUCTURA TECNOLOGICA,COORDINADOR TECNICO DE INFRAESTRUCTURA Y SERVICIOS INFORMATICOS,4,1,si,
329,TECNICO DE REFRIGERACION Y ELECTRICIDAD,TECNICO DE REPARACION DE REFRIGERADOS,3,1,si,
330,TRABAJADORES AGRICOLAS QUE LABORAN EN LAS PLANTACIONES,TRABAJADORES AGRICOLAS QUE LABORAN EN LAS PLANTACIONES-CORTERO,31,1,si,
331,OPERADOR DE GRUA,OPERADOR DE GRUA ESTACIONARIA,35,3,si,
332,SUPERVISOR DE PRODUCCION BIOLOGICOS,SUPERVISOR PRODUCCION BIOLOGICA Y AGROVET,1,1,si,
333,ASISTENTE DE CONTRATOS,ASISTENTE INGRESO DE CONTRATOS,1,1,si,
334,TECNICO MANTENIMIENTO,TECNICO MANTENIMIENTO E INSTAL,35,1,si,
335,BIBLIOTECARIA,BIBLIOTECARIA/O,77,3,si,
336,COORDINADOR DE COMPRAS Y PROYECTOS,COORDINADOR DE PROYECTOS Y LOGISTICA,1,1,si,
337,JEFE SEGURIDAD FISICA Y ELECTRONICA,JEFE DE SEGURIDAD OPERACIONAL,3,2,si,
338,INGLES 3ERO-EGB A Y B,INGLES 4TO. Y 5TO. EGB A Y B,1,1,si,
339,ASISTENTE COMERCIAL Y COMPRAS,ASISTENTE DE COMPRAS / RECIBIDOR,1,1,si,
340,ASISTENTE ADM FINANCIERO,ASISTENTE 1 FINANCIERO,47,6,si,
341,ASISTENTE ADMINISTRATIVA DE LOS PROGRAMAS DE POSTGRADO,ASISTENTE ADMINISTRATIVA DE LOS PROGRAMAS DE POSTGRADO EN DERECHO,1,1,si,
342,OPERARIOS 1 DE BODEGA PUEMBO,OPERARIOS 1 DE EMPAQUE PUEMBO,1,1,si,
343,ASISTENTE TECNICO DE PROYECTOS,ASISTENTE DE CONTROL DE PROYECTOS,4,2,si,
344,SUPERVISOR DE LIMPIEZA,SUPERVISOR(A) DE HIGIENE Y DESINFECCION,19,1,si,
345,ANALISTA CONTROL DE INVENTARIO,ANALISTA DE INVENTARIO Y DATA,2,1,si,
346,ANALISTA DE DESARROLLO Y PROYECTOS,ANALISTA DE INGENIERIA Y PROYECTOS,3,2,si,
347,SUPERVISOR GENERAL DE MAQUINAS INDUSTRIALES,SUPERVISOR GENERAL DE MECANICOS,1,1,si,
348,ANALISTA DE COMPRA DE REPUESTOS,ANALISTA DE IMPORTACIONES DE REPUESTOS,1,1,si,
349,JEFE DE OTC,JEFE DE ZONA OTC,1,1,si,
350,COORDINADOR DE IMPORTACIO,COORDINADOR DE EXPORTACION,65,19,no,
351,ESPECIALISTA CIBERSEGURIDAD,ESPECIALISTA CIBERSEC,5,1,si,
352,SUPERVISOR DE INSTALACIONES,SUPERVISOR MANTENIMIENTO DE INFRAESTRUCTURA,5,3,si,
353,AUXILIAR DE REFRIGERACION,AUXILIAR DE CONFIGURACION DE REFRIGERADOS,2,1,si,
354,AUXILIAR DE DESPACHO,AUXILIAR DE BODEGA DESPACHO,19,3,si,
355,JEFE DE OPERACIONES ENCARGADO,JEFE ADMINISTRATIVO OPERATIVO,2,1,si,
356,CONSULTOR ESP,CONSULTOR ESP T&L,1,1,si,
357,JEFE DE DPTOS TECNICOS PROPIOS DE LA INDUSTRIA,JEFE DE DPTOS. ADMINISTRATIVOS PROPIOS DE LA INDUSTRIA,12,3,si,
358,ASISTENTE ADMINISTRATIVO DE CREDITO,ASISTENTE DE SEGURO DE CREDITO,1,1,si,
359,COORDINADOR DE SEGURIDAD,COORDINADOR DE SEGUROS MASIVOS,38,2,si,
360,SUPERVISOR DE PRODUCTO,SUPERVISOR DE BODEGA DE PRODUCTO,4,1,si,
361,ANALISTA DE MANTENIMIENTO,ANALISTA INGENIERIA Y MANTENIMIENTO,17,1,si,
362,COORDINADOR DE APLICATIVOS,COORDINADOR DE SOPORTE APLICACIONES,6,2,si,
363,TALENT CONSULTANT,TALENT DEVELOPMENT ADVISOR,1,1,si,
364,AUXILIAR DE SERIVICIOS GENERALES,AUXILIAR DE SERVICIOS GENERALES OFICINA,668,4,si,
365,COORDINADOR DE BODEGA PRODUCTO TERMINADO,COORDINADOR DE PRODUCTO TERMINADO,2,2,si,
366,ASISTENTE SERVICIOS,ASISTENTE_DE_ESPACIOS_Y_SERVICIOS,30,1,si,
367,FIELD APPLICATION ENGINEER,FIELD SERVICE ENGINEER,3,3,si,
368,INGENIERO DE SERVICIO,INGENIERO DE SOPORTE TECNICO,11,7,si,
369,ASISTENTE TECNICO DE SISTEMAS,ASISTENTE SOPORTE SERVICIOS TECNOLOGICOS,4,3,si,
370,COORDINADOR (A) DE PLANIFICACION,COORDINADOR DE PLANIFICACION Y PRECIOS,21,1,si,
371,ASISTENTE DE FACTURACION Y CARTERA,ASISTENTE DE FACTURACION FIN,2,1,si,
372,SUPERVISOR LOGISTICO ADMINISTRATIVO,SUPERVISOR DE PROCESOS Y SEGURIDAD LOGISTICA,2,1,si,
373,OPERARIO A,OPERARIO ASESOR A,3,1,si,
374,COORDINADOR DE SEGURIDAD,COORDINADOR DE SEGUROS,38,3,si,
375,CUSTOMER EXPERIENCE MANAGER,CUSTOMER SOLUTIONS MANAGER,3,1,si,
376,TECNICO CAPACITADOR,TECNICO MOVIL CAPACITADOR,1,1,si,
377,ASISTENTE ADMINISTRATIVO OFICINA,ASISTENTE ADMINISTRATIVO MEDICA,5,1,si,
378,COORDINADOR DE OPERACIONES DE RED,COORDINADOR DESARROLLO DE RED,1,1,si,
379,JEFE SISTEMA GESTION CALIDAD,JEFE DE CALIDAD Y DIRECCION TECNICA,8,7,no,
380,ANALISTA DE ECOMMERCE,ANALISTA DE DESARROLLO COMERCIAL,5,2,si,
381,JEFE COMERCIAL DE OPERACIONES,JEFE DE DESARROLLO COMERCIAL,12,2,si,
382,SUPERVISOR DE SOPORTE,SUPERVISOR DE APOYO,3,1,si,
383,JEFE SERVICIO TECNICO,JEFE COMERCIAL SERVICIO TECNICO,16,11,si,
384,GERENTE DE VENTAS A NIVEL NACIONAL,GERENTE NACIONAL DE VENTAS E INNOVACION,1,1,si,
385,SECRETARIA DE CARRERA,SECRETARIA DE CARRERAS,1,1,si,
386,ANALISTA DE COMPRAS PUBLICAS E IMPORTACIONES,ANALISTA DE INVENTARIOS Y COMPRAS,1,1,si,
387,GERENTE DE FINANCIERO,GERENTE DE NEGOCIOS FINANCIEROS,357,1,si,
388,ASISTENTE ADMNISTRATIVA CONTABLE,ASISTENTE CONTABLE MASTER,42,1,si,
389,COORDINADOR DE TALLER AUTOMOTRIZ,COORDINADOR DE TALLER MECANICO,2,2,si,
390,OPERADOR DE BALANZA,OPERADOR DE BALANZA P1,3,1,si,
391,GERENTE COMERCIAL,GERENTE COMERCIAL SME,469,1,si,
392,ANALISTA DE CONCILIACIONES,ANALISTA DE CONCILIACIONES BANCARIAS,3,1,si,
393,ASESOR ADMINISTRATIVO DE NEGOCIOS,ASESOR COMERCIAL ADMINISTRATIVO,1,1,si,
394,SUPERVISOR DE PLANTA DE PRODUCCION,SUPERVISOR DE PLANTA ENSAMBLADORA,2,1,si,
395,ASISTENTE CONTABLE BODEGA,ASISTENTE/ AUX BODEGA,1,1,si,
396,TECNICO LIDER DE LABORATORIO,TECNICO RESPONSABLE DE LABORATORIO,1,1,si,
397,ASISTENTE DE BODEGA Y CAJA,ASISTENTE DE BODEGA Y LOG,1,1,si,
398,BUSINESS ANALYST,BUSINESS INTELLIGENCE ANALYST,10,4,si,
399,JEFE DE INGENIERIA (F),JEFE TECNICO DE INGENIERIA E IMPLEMENTACION,1,1,si,
400,ANALISTA CONTROL DE CALIDAD QUIMICO,ANALISTA FISICO QUIMICO Y CONTROL EN PROCESOS,2,1,si,