n;g_comun;g_raro;comun;raro;sim;emp_comun;emp_raro;estrato;P;duda;criterio
1;61610;62769;TECNICO CAMPO;TECNICO MECANICO CAMPO;0.939;3;1;banda;0.4364822;-0.06351781;duda del modelo
2;10793;12095;ASISTENTE DE TELEMERCADEO Y FIDELIZACION;ASISTENTE TELEMERCADEO;0.9361;1;1;banda;0.96455485;-0.46455485;azar
3;7747;9737;ASISTENTE ADMINISTRATIVO MEDIOS DE PAGO;ASISTENTE DE LOGISTICA MEDIOS DE PAGO;0.9355;1;1;banda;0.5599762;-0.05997622;duda del modelo
4;9461;9428;ASISTENTE DE GERENCIA Y DIRECTORIO;ASISTENTE DE GERENCIA / GERENTE ADMINISTRATIVA;0.9417;2;1;banda;0.5362254;-0.03622538;duda del modelo
5;9169;9609;ASISTENTE DE DESARROLLO E INNOVACION;ASISTENTE DE INNOVACION;0.9315;5;4;banda;0.9648303;-0.46483028;azar
6;10583;11904;ASISTENTE DE SERVICIOS AL PERSONAL;ASISTENTE SERVICIOS LABORALES;0.9179;4;1;bajo;0.8851922;-0.38519222;azar
7;2951;5129;ANALISTA DE GARANTIA DE CALIDAD;ANALISTA TECNICO DE CALIDAD;0.9156;3;2;bajo;0.77229935;-0.27229935;azar
8;18958;18962;CONDUCTOR PROFESIONAL;CONDUCTOR PROFESIONAL LOCAL;0.9333;3;1;banda;0.5564224;-0.056422412;duda del modelo
9;42081;42440;JEFE DE PLANIFICACION DE ADMISIONES;JEFE DE PROSPECCION DE ADMISIONES;0.9335;1;1;banda;0.4424632;-0.05753681;duda del modelo
10;51425;51429;OPERARIOS 1 DE BODEGA PIFO;OPERARIOS 1 DE EMPAQUE PIFO;0.9487;1;1;banda;0.5546327;-0.054632723;duda del modelo
11;41355;42724;JEFE DE INTELIGENCIA DE LA INFORMACION;JEFE DE SEG. DE LA INFORMACION;0.907;1;1;bajo;0.4981906;-0.0018093884;duda del modelo
12;10018;10011;ASISTENTE DE OPERACIONES LAND Y GPS;ASISTENTE DE OPERACIONES GPS;0.9498;2;2;banda;0.96120435;-0.46120435;azar
13;41583;41607;JEFE DE MANTENIMIENTO ELECTROMECANICO;JEFE DE MANTENIMIENTO PLANTA ELECTRICA;0.9349;3;1;banda;0.53116864;-0.03116864;duda del modelo
14;10653;12077;ASISTENTE DE SISTEMAS SENIOR;ASISTENTE TECNICO SENIOR;0.9013;1;1;bajo;0.49774465;-0.0022553504;duda del modelo
15;43395;39539;JEFE DE VENTAS SIERRA;JEFE COMERCIAL SIERRA;0.9377;3;1;banda;0.5480694;-0.048069417;duda del modelo
16;9556;11355;ASISTENTE DE IMPLEMENTACION Y SERVICIOS;ASISTENTE IMPLEMENTACION PRODUCTOS;0.9341;1;1;banda;0.92662454;-0.42662454;azar
17;49786;50133;OPERADOR DE LIMPIEZA;OPERADOR DE PULIDORA;0.911;14;1;bajo;0.5019839;-0.001983881;duda del modelo
18;40178;43025;JEFE DE CALIDAD Y LOGISTICA;JEFE DE SUMINISTROS Y LOGISTICA;0.9052;1;1;bajo;0.9058557;-0.40585572;azar
19;27971;27913;DISENADOR GRAFICO SENIOR;DISENADOR CREATIVO SENIOR;0.9121;3;1;bajo;0.49891374;-0.0010862648;duda del modelo
20;55861;55892;SECRETARIA GENERAL CAHC;SECRETARIA RECTORADO GENERAL CAHC;0.9344;1;1;banda;0.43514866;-0.06485134;duda del modelo
21;43223;40614;JEFE DE TRANSFORMACION;JEFE DE CONVERSION;0.9018;3;1;bajo;0.80909234;-0.30909234;azar
22;5815;5813;ASESOR COMERCIAL II;ASESOR COMERCIAL HE;0.9146;2;1;bajo;0.9586734;-0.45867342;azar
23;21741;20393;COORDINADOR DE LOGISITICA;COORDINADOR ASISTENTE LOGISTICA;0.9255;192;1;bajo;0.5030847;-0.0030847192;duda del modelo
24;54968;55118;RESPONSABLE DE EJECUCION DE VENTAS;RESPONSABLE DE VENTAS;0.9372;1;1;banda;0.9177878;-0.4177878;azar
25;36960;36982;HEAD ADMINISTRATIVE & ACCOUNTING;HEAD OF ACCOUNTING;0.9134;1;1;bajo;0.87224853;-0.37224853;azar
26;31686;32349;ESPECIALISTA DE RIESGO OPERATIVO;ESPECIALISTA TECNICO DE RIESGOS;0.9303;2;1;banda;0.46656358;-0.033436418;duda del modelo
27;11383;10790;ASISTENTE INSTALADOR DE TELECOMUNICACIONES;ASISTENTE DE TELECOMUNICACIONES;0.9322;11;5;banda;0.4802255;-0.019774497;duda del modelo
28;31628;32356;ESPECIALISTA DE PRODUCTO INDUSTRIAL;ESPECIALISTA TECNICO INDUSTRIAL;0.9221;1;1;bajo;0.49758393;-0.0024160743;duda del modelo
29;12046;10227;ASISTENTE TECNICO DE PRODUCCION;ASISTENTE DE PRODUCCION EJECUTIVA;0.9284;2;1;bajo;0.50473577;-0.004735768;duda del modelo
30;14762;14788;AUXILIAR OPERATIVA;AUXILIAR OPERATIVO MASTER;0.909;30;1;bajo;0.09635473;-0.40364528;azar
31;63870;63867;TRADE MARKETING MANAGER;TRADE MARKETING EXECUTIVE;0.9363;4;1;banda;0.022461288;-0.4775387;azar
32;20204;21611;COORDINADOR (A) DEL DPTO. FINANCIERO;COORDINADOR DE INFORMACION Y CONTROL FINANCIERO;0.9059;1;1;bajo;0.9400968;-0.4400968;azar
33;41251;43406;JEFE DE IMPORTACIONES & LOGISTICA;JEFE DE VENTAS Y LOGISTICA DE EXPORTACION;0.9253;5;1;bajo;0.80292577;-0.30292577;azar
34;41702;43871;JEFE DE MATERIA PRIMA;JEFE MUESTREO DE MATERIA PRIMA;0.9316;5;1;banda;0.53694206;-0.036942065;duda del modelo
35;10678;12064;ASISTENTE DE SOPORTE INFORMATICO;ASISTENTE TECNICO IT;0.9077;2;1;bajo;0.5065103;-0.0065103173;duda del modelo
36;33697;33268;GERENTE DE ADMINIST. Y FINANZA;GERENTE ADM & FINANZAS;0.9496;2;1;banda;0.96638554;-0.46638554;azar
37;20582;20583;COORDINADOR CONTABILIDAD;COORDINADOR CONTABILIDAD COSTOS;0.9478;33;2;banda;0.9555498;-0.45554978;azar
38;9977;10564;ASISTENTE DE OFICINA GYE;ASISTENTE DE SERVICIO AL CLIENTE GYE;0.9306;1;1;banda;0.53539646;-0.035396457;duda del modelo
39;13465;13342;AUXILIAR DE BODEGA;AUXILIAR CONTABLE DE BODEGA;0.9376;499;1;banda;0.45992333;-0.040076673;duda del modelo
40;1884;4985;ANALISTA COMERCIAL SENIOR;ANALISTA SENIOR MARKETING;0.9153;3;1;bajo;0.5011532;-0.0011531711;duda del modelo
41;7574;8296;ASISTENTE ADMINISTRATIVA-CONTABLE;ASISTENTE CONTABLE 助理会计;0.9123;16;1;bajo;0.9572094;-0.4572094;azar
42;10016;12033;ASISTENTE DE OPERACIONES LABORATORIO;ASISTENTE TECNICO DE LABORATORIO;0.9403;1;1;banda;0.44561425;-0.05438575;duda del modelo
43;17519;17517;CAPITAN (PATRON COSTANERO SIN LABORES DE TECNICO PESQUERO);CAPITAN (DE PESCA,PATRON DE ALTURA DE PESCA, PATRON COSTANERO);0.9018;3;2;bajo;0.94311;-0.44311;azar
44;42933;42979;JEFE DE SISTEMAS DE INFORMACION;JEFE DE SOPORTE DE TECNOLOGIA DE LA INFORMACION;0.9221;7;1;bajo;0.4975589;-0.0024411082;duda del modelo
45;42611;44093;JEFE DE REMUNERACIONES Y COMPENSACIONES;JEFE ORGANIZACION Y COMPENSACIONES;0.9109;3;1;bajo;0.8048132;-0.3048132;azar
46;34216;34115;GERENTE DE PRODUCC.;GERENTE DE ELABORACION;0.9027;160;1;bajo;0.50179785;-0.0017978549;duda del modelo
47;10583;8534;ASISTENTE DE SERVICIOS AL PERSONAL;ASISTENTE DE ATENCION AL SOCIO/CLIENTE;0.9019;4;1;bajo;0.49437386;-0.005626142;duda del modelo
48;44064;39482;JEFE OPERATIVO;JEFE COMERCIAL OPERATIVO;0.9042;35;12;bajo;0.5001032;-0.00010317564;duda del modelo
49;21494;21151;COORDINADOR DE GERENCIA FINANCIERA;COORDINADOR DE CONTROL Y PLANEAMIENTO FINANCIERO;0.9311;3;2;banda;0.499484;-0.0005159974;duda del modelo
50;39109;40554;JEFE ADM. DE PRODUCION;JEFE DE PRODUCCION Y CALIDAD;0.932;334;4;banda;0.4420429;-0.057957113;duda del modelo
51;7597;8424;ASISTENTE ADMINISTRATIVO OFICINA;ASISTENTE DE ADMINISTRACION Y FINANZAS;0.9062;5;4;bajo;0.9525092;-0.45250922;azar
52;15415;6482;AYUDANTE DE CAMPO;AYUDANTE DE TECNICO DE CAMPO;0.9312;9;4;banda;0.5007674;-0.0007674098;duda del modelo
53;41138;42724;JEFE DE GESTION DE LA INFORMACION;JEFE DE SEG. DE LA INFORMACION;0.911;2;1;bajo;0.82110584;-0.32110584;azar
54;14534;14786;AUXILIAR DI LIMPIEZA;AUXILIAR OPERATIVO LIMPIEZA;0.9456;41;1;banda;0.94909;-0.44909;azar
55;10492;9811;ASISTENTE DE SEGURIDAD INDUSTRIAL Y AMBIENTE;ASISTENTE DE MANTENIMIENTO/ SEGURIDAD INDUSTRIAL;0.9253;9;1;bajo;0.9514917;-0.4514917;azar
56;31795;31436;ESPECIALISTA DE TELECOMUNICACIONES;ESPECIALISTA DE INFRAESTRUCTURA Y TELECOMUNICACIONES;0.915;9;1;bajo;0.9294335;-0.42943352;azar
57;23288;20254;COORDINADOR MERCADOTECNIA;COORDINADOR ACADEMICO DE MERCADOTECNIA;0.9087;2;1;bajo;0.49906346;-0.000936538;duda del modelo
58;60340;60427;SUPERVISOR POS SALONIN;SUPERVISOR SALONIN;0.9293;1;1;bajo;0.50668037;-0.0066803694;duda del modelo
59;43313;43317;JEFE DE VENTAS CANAL DISTRIBUIDORES;JEFE DE VENTAS CANAL INDUSTRIA;0.931;2;1;banda;0.6507071;-0.15070713;azar
60;8149;11937;ASISTENTE COMERCIALIZACION;ASISTENTE SOPORTE COMERCIAL;0.9215;8;2;bajo;0.49976283;-0.00023716688;duda del modelo
61;14031;14757;AUXILIAR DE MAQUINAS INDUSTRIALES;AUXILIAR OPERACIONES INDUSTRIALES;0.9316;6;1;banda;0.4461567;-0.05384329;duda del modelo
62;22615;20734;COORDINADOR DE SOPORTE APLICACIONES;COORDINADOR DE APLICACIONES IT;0.9036;2;1;bajo;0.49892372;-0.0010762811;duda del modelo
63;59138;59943;SUPERVISOR DE MECANICOS;SUPERVISOR ELECTROMECANICO;0.904;4;4;bajo;0.49620983;-0.00379017;duda del modelo
64;42302;42303;JEFE DE PRODUCCION (PR);JEFE DE PRODUCCION - A;0.9314;1;1;banda;0.9625603;-0.4625603;azar
65;39478;41251;JEFE COMERCIAL DE IMPORTACIONES;JEFE IMPORTACION-LOGISTICA;0.936;129;5;banda;0.4692686;-0.03073141;duda del modelo
66;58357;58105;SUPERVISOR DE AGRONOMIA;SUPERVISOR AGROFORESTAL;0.9025;3;2;bajo;0.6255798;-0.12557977;azar
67;10760;9321;ASISTENTE DE TALENTO Y CULTURA;ASISTENTE DE ESTRATEGIA DE TALENTO CULTURA;0.9327;5;1;banda;0.8959625;-0.39596248;azar
68;9392;11233;ASISTENTE DE FLOTA;ASISTENTE FLOTA - COORDINACION;0.9318;14;1;banda;0.44614798;-0.05385202;duda del modelo
69;40572;44063;JEFE CONTROL OPERACIONAL;JEFE OPERADOR;0.9047;6;2;bajo;0.77991754;-0.27991754;azar
70;8734;10002;ASISTENTE DE CAMPO;ASISTENTE DE OPERACIONES DE CAMPO;0.9484;8;1;banda;0.9602005;-0.4602005;azar
71;58759;58703;SUPERVISOR DE DESPACHO LOGISTICO;SUPERVISOR DE COORDINACION LOGISTICA;0.9399;3;2;banda;0.437842;-0.06215799;duda del modelo
72;24378;21455;COORDINADORA CONTABLE FINANCIERA;COORDINADORA DE FINANZAS Y CONTABILIDAD;0.9304;4;2;banda;0.967454;-0.46745402;azar
73;26842;26845;DIRECTOR DE CARRERA DE INGENIERIA ELECTRICA;DIRECTOR DE CARRERA DE INGENIERIA INDUSTRIAL;0.9313;1;1;banda;0.437926;-0.062074006;duda del modelo
74;10943;8907;ASISTENTE DE VENTAS Y FACTURACION;ASISTENTE DE COMPRAS Y FACTURACION;0.9304;2;1;banda;0.9542481;-0.45424807;azar
75;59751;59756;SUPERVISOR DE TALLER AUTOMOTRIZ;SUPERVISOR DE TALLER ELECTROMECANICO;0.9312;1;1;banda;0.43892372;-0.061076283;duda del modelo
76;51973;51970;PERSONAL ACADEMICO TITULAR AGREGADO NIVEL 2;PERSONAL ACADEMICO TITULAR AGREGADO NIVEL 1 GRADO 3 MEDIO TIEMPO;0.9391;1;1;banda;0.95439845;-0.45439845;azar
77;8162;7878;ASISTENTE COMPRAS Y LOGISTICA;ASISTENTE ADQUISICIONES Y LOGISTICA;0.9482;9;2;banda;0.96507406;-0.46507406;azar
78;10948;12323;ASISTENTE DE VENTAS Y SERVICIO AL CLIENTE;ASISTENTE_DE_ADMINISTRACION_Y_DESARROLLO_DE_VENTAS;0.9137;3;1;bajo;0.9517641;-0.4517641;azar
79;41516;39264;JEFE DE LOGISTICA REPUESTOS;JEFE ALMACEN REPUESTOS;0.9327;2;1;banda;0.54305995;-0.043059945;duda del modelo
80;60398;58301;SUPERVISOR REGION COSTA;SUPERVISOR COSTA-NORTE;0.9316;3;1;banda;0.55798185;-0.05798185;duda del modelo
81;41621;41619;JEFE DE MANTENIMIENTO Y PRODUCCION;JEFE DE MANTENIMIENTO Y MEDIO AMBIENTE;0.9214;6;2;bajo;0.960098;-0.46009803;azar
82;60513;59751;SUPERVISOR TALLER MECANICO;SUPERVISOR DE TALLER AUTOMOTRIZ;0.9002;2;1;bajo;0.5033872;-0.0033872128;duda del modelo
83;15637;15759;AYUDANTE DE LOGISTICA Y TRANSPORTE;AYUDANTE DE OPERACIONES ( LOGISTICO);0.946;1;1;banda;0.9114888;-0.41148877;azar
84;39935;42342;JEFE DE AREA DE PRODUCCION;JEFE TECNICO DE PRODUCCION;0.9217;3;2;bajo;0.5025245;-0.0025244951;duda del modelo
85;35305;35072;GERENTE GENERAL / JEFE DE VENTAS;GERENTE DE VENTAS AGENCIA;0.9002;2;1;bajo;0.5065847;-0.006584704;duda del modelo
86;42626;40051;JEFE RESPONSABILIDAD SOCIAL;JEFE DE BIENESTAR Y RESPONSABILIDAD SOCIAL;0.9243;9;5;bajo;0.95053625;-0.45053625;azar
87;10664;10693;ASISTENTE DE SOPORTE;ASISTENTE DE SOPORTE Y DESARROLLO;0.9142;14;1;bajo;0.9681119;-0.46811187;azar
88;57989;57990;SUPERV. MANTENIMIENTO ELECTRICO;SUPERV. MANTENIMIENTO ELECTRONICO;0.922;1;1;bajo;0.49362478;-0.0063752234;duda del modelo
89;41780;42974;JEFE DE MONITOREO;JEFE DE SOPORTE AL SERVICIO MONITOREO;0.9327;1;1;banda;0.5249309;-0.024930894;duda del modelo
90;23308;23417;COORDINADOR NACIONAL;COORDINADOR PAIS;0.915;1;1;bajo;0.49848562;-0.0015143752;duda del modelo
91;10176;7558;ASISTENTE DE PRESIDENCIA;ASISTENTE GERENCIA Y PRESIDENCIA;0.9403;92;4;banda;0.51911986;-0.019119859;duda del modelo
92;50286;50287;OPERADOR DE TRACTOR;OPERADOR DE TRACTOR - EXCAVADORA;0.9516;20;1;banda;0.9574935;-0.45749348;azar
93;20846;20701;COORDINADOR DE BODEGA DE MATERIA PRIMA;COORDINADOR DE ALMACEN DE MATERIA PRIMA Y PRODUCTO TERMINADO;0.9082;5;1;bajo;0.49758983;-0.0024101734;duda del modelo
94;1759;2821;ANALISTA DE VENTAS;ANALISTA DE VENTAS Y DISTRIBUCION;0.9346;30;2;banda;0.96769273;-0.46769273;azar
95;61970;62740;TECNICO MANTENIMIENTO;TECNICO MANTENIMIENTO PREVENTIVO;0.9415;35;1;banda;0.9550112;-0.4550112;azar
96;22732;1;COORDINADOR DE TRADE Y MARKETING;COORDINADOR DE MERCADEO Y VENTAS;0.9066;43;2;bajo;0.9580054;-0.45800543;azar
97;21769;21746;COORDINADOR DE LOGISTICA Y OPERACIONES;COORDINADOR DE LOGISTICA (PLANIFICACION INDUSTRIAL);0.9113;8;1;bajo;0.9651954;-0.46519542;azar
98;7434;10564;ASISTENTE ADMINISTRATIVA GYE;ASISTENTE DE SERVICIO AL CLIENTE GYE;0.9142;5;1;bajo;0.50280493;-0.002804935;duda del modelo
99;61916;62368;TECNICO DE INSTRUMENTACION;TECNICO ELECTRICO DE INSTRUMENTACION;0.9397;4;1;banda;0.46393305;-0.03606695;duda del modelo
100;50294;50882;OPERADOR DE TRACTORES E IMPLEMENTOS AGRICOLAS;OPERADOR TRACTOR IMPLEMENTOS AGRICOLAS;0.9498;2;1;banda;0.9304598;-0.4304598;azar
101;28303;28312;DOCENTE DE INGLES BACHILLERATO;DOCENTE DE INGLES EDUCACION BASICA MEDIA;0.9213;3;2;bajo;0.86447805;-0.36447805;azar
102;43062;43072;JEFE DE TALLER AUTOMOTRIZ;JEFE DE TALLER MECANICO;0.9482;3;1;banda;0.47206205;-0.027937949;duda del modelo
103;59075;59074;SUPERVISOR DE MANTENIMIENTO DE EQUIPOS;SUPERVISOR DE MANTENIMIENTO DE EDIFICIOS;0.9096;2;1;bajo;0.50445634;-0.0044563413;duda del modelo
104;7169;9481;ASISTENTE ADMINISTRACION;ASISTENTE DE GESTION ADMINISTRATIVA Y SEGURIDAD;0.9103;28;1;bajo;0.9511437;-0.45114368;azar
105;21893;24529;COORDINADORA DE MERCADEO Y COMUNICACION;COORDINADORA DE COMUNICACION Y MARCA;0.917;2;1;bajo;0.9554898;-0.4554898;azar
106;58256;58626;SUPERVISOR CONSERJERIA;SUPERVISOR DE COMISARIATO;0.9176;2;1;bajo;0.49636263;-0.0036373734;duda del modelo
107;29445;29335;EJECUTIVO DE VENTAS Y ATENCION AL CLIENTE;EJECUTIVO COMERCIAL - VENDEDOR;0.9175;2;1;bajo;0.8435746;-0.34357458;azar
108;22030;23822;COORDINADOR DE OPERACIONES Y DE PERSONAL DE CAMPO;COORDINADOR TECNICO DE CAMPO;0.9227;1;1;bajo;0.61616;-0.116159976;azar
109;58887;58178;SUPERVISOR DE GARANTIAS Y CALIDAD;SUPERVISOR CALIDAD Y REGULATORIOS;0.9076;3;2;bajo;0.9599727;-0.45997268;azar
110;59230;59249;SUPERVISOR DE OPERACION;SUPERVISOR DE OPERACIONES E INFRAESTRUCTURA;0.9327;166;1;banda;0.96588176;-0.46588176;azar
111;8634;8638;ASISTENTE DE BODEGA DE REPUEST;ASISTENTE DE BODEGA DE SUMINISTROS;0.9034;1;1;bajo;0.84496313;-0.34496313;azar
112;7687;9025;ASISTENTE ADMINISTRATIVO PROYECTOS;ASISTENTE DE CONTROL DE PROYECTOS;0.9101;6;2;bajo;0.49328503;-0.00671497;duda del modelo
113;54708;54747;REPRESENTANTE TECNICA;REPRESENTANTE TECNICO I;0.9514;31;1;banda;0.96412635;-0.46412635;azar
114;43418;41828;JEFE DE VENTAS ZONAL;JEFE DE NEGOCIOS ZONAL;0.9325;4;1;banda;0.56249374;-0.06249374;duda del modelo
115;40701;43140;JEFE DE CUENTAS POR PAGAR;JEFE DE TESORERIA Y CUENTAS POR PAGAR;0.9109;4;1;bajo;0.9411435;-0.4411435;azar
116;3644;4993;ANALISTA DE PRODUCCION SR;ANALISTA SENIOR PRODUCCION;0.9403;1;1;banda;0.47618812;-0.023811877;duda del modelo
117;20345;23815;COORDINADOR AGRICOLA;COORDINADOR TECNICO AGRICOLA;0.9189;6;2;bajo;0.8777556;-0.37775558;azar
118;37570;37849;INGENIERO APLICACION SENIOR;INGENIERO DE PROYECTO SENIOR;0.91;2;1;bajo;0.5012771;-0.0012770891;duda del modelo
119;49983;50174;OPERADOR DE MONTACARGAS EN LOMOS PRE-COCIDOS CONGELADOS;OPERADOR DE RETRACTILADORA EN LOMOS PRE-COCIDOS CONGELADOS;0.9037;1;1;bajo;0.50405324;-0.004053235;duda del modelo
120;59095;58972;SUPERVISOR DE MANTENIMIENTO PLANEADO;SUPERVISOR DE INGENIERIA Y MANTENIMIENTO;0.9048;2;1;bajo;0.9171869;-0.41718692;azar
121;3599;3630;ANALISTA DE PROCESOS Y DESARROLLOS;ANALISTA DE PROCESOS Y PRODUCTOS;0.9283;2;1;bajo;0.9642932;-0.46429318;azar
122;39275;39910;JEFE ANALISIS Y DESARROLLO;JEFE DE ANALISIS Y PLANIFICACION;0.9277;1;1;bajo;0.9548868;-0.4548868;azar
123;46118;45682;LIDER TECNICO DE MANTENIMIENTO;LIDER DE MANTENIMIENTO E INCIDENCIAS;0.9238;2;1;bajo;0.91363186;-0.41363186;azar
124;41022;39580;JEFE DE FABRICA;JEFE DE CONFECCION;0.9012;8;2;bajo;0.5035076;-0.0035076141;duda del modelo
125;7458;10674;ASISTENTE ADMINISTRATIVA ATENCION AL CLIENTE;ASISTENTE DE SOPORTE DEL CENTRO DE ATENCION AL CLIENTE;0.9033;9;1;bajo;0.32390323;-0.17609677;azar
126;42495;41316;JEFE DE PROYECTOS, PROCESOS Y MEJORA CONTINUA;JEFE DE INGENIERIA Y PROYECTOS;0.9034;2;1;bajo;0.93937284;-0.43937284;azar
127;35835;35836;GERENTE SNR T&L;GERENTE SNRT&L;0.9451;2;1;banda;0.5469725;-0.046972513;duda del modelo
128;59408;59427;SUPERVISOR DE PREPROCESO;SUPERVISOR DE PROD. EN PROCESO;0.9109;1;1;bajo;0.6172967;-0.117296696;azar
129;21362;21364;COORDINADOR DE ENTRENAMIENTO;COORDINADOR DE ENTRENAMIENTO Y CULTURA;0.9078;4;1;bajo;0.9635814;-0.46358138;azar
130;43388;43416;JEFE DE VENTAS REGION COSTA;JEFE DE VENTAS ZONA SUR;0.9016;5;2;bajo;0.49904743;-0.00095257163;duda del modelo
131;39021;42566;JEFE DE RECURSOS HUMANO;JEFE DE RECURSOS HUMANOS/ 人力资源主管;0.9258;231;1;bajo;0.91762894;-0.41762894;azar
132;41118;42031;JEFE DE GESTION ACADEMICA;JEFE DE PEDAGOGIA;0.9012;1;1;bajo;0.49525616;-0.0047438443;duda del modelo
133;14336;13914;AUXILIAR DE SERVICIOS DE LIMPIEZA Y MANTENIMIENTO DE JARDINERIA;AUXILIAR DE JARDINES Y EXTERIORES;0.9233;2;1;bajo;0.8516229;-0.35162288;azar
134;33718;33719;GERENTE DE AEROLINEAS;GERENTE DE AEROPUERTO;0.9337;1;1;banda;0.5014946;-0.0014945865;duda del modelo
135;9652;10002;ASISTENTE DE JEFE DE CAMPO;ASISTENTE DE OPERACIONES DE CAMPO;0.9315;5;1;banda;0.0008989991;-0.499101;azar
136;20712;23221;COORDINADOR DE ALMACEN Y LOGISTICA;COORDINADOR LOGISTICO Y ACADEM;0.9075;3;1;bajo;0.9343352;-0.43433517;azar
137;59813;58760;SUPERVISOR DE TRANSPORTE DE LARVAS;SUPERVISOR DE DESPACHO Y ABASTECIMIENTO DE LARVAS;0.9372;4;1;banda;0.3495324;-0.1504676;azar
138;9730;11897;ASISTENTE DE LOGISTICA GPS;ASISTENTE SERVICIOS EN GENERAL GPS;0.9122;1;1;bajo;0.4986824;-0.0013175905;duda del modelo
139;45778;45779;LIDER DE PROYECTO;LIDER DE PROYECTO DE DESARROLLO;0.9387;23;2;banda;0.95603657;-0.45603657;azar
140;8230;8491;ASISTENTE CONTABLE DE COLECTURIA;ASISTENTE DE ARCHIVO CONTABLE;0.9179;1;1;bajo;0.8424405;-0.3424405;azar
141;63458;63459;TRABAJADOR ACUICOLA - AYUDANTE DE SOLDADOR;TRABAJADOR ACUICOLA - AYUDANTE ELECTRICO;0.907;1;1;bajo;0.5011393;-0.0011392832;duda del modelo
142;2086;3809;ANALISTA DE ADMINISTRACION DE RIESGOS;ANALISTA DE RIESGO EMPRESARIAL;0.9313;1;1;banda;0.9381794;-0.43817937;azar
143;33247;33249;GERENTE / AFINES COMISARIO;GERENTE / AFINES PRESIDENTE;0.9169;1;1;bajo;0.4961913;-0.003808707;duda del modelo
144;33216;35375;GERENTE DE PLANTA;GERENTE INGENIERIA DE PLANTA;0.9316;58;1;banda;0.9459487;-0.44594872;azar
145;63870;63857;TRADE MARKETING MANAGER;TRADE DEVELOPMENT MANAGER;0.9154;4;1;bajo;0.4963519;-0.0036481023;duda del modelo
146;34340;34598;GERENTE DE LOGISTICA;GERENTE DE PLANEACION Y LOGISTICA;0.9346;41;4;banda;0.95921046;-0.45921046;azar
147;7660;7576;ASISTENTE ADMINISTRATIVO Y COBRANZA;ASISTENTE ADMINISTRATIVA-RECEPCION;0.9067;3;2;bajo;0.9545264;-0.45452642;azar
148;43331;39464;JEFE DE VENTAS COSTA;JEFE COMERCIAL COSTA;0.9449;6;4;banda;0.5467355;-0.046735525;duda del modelo
149;2824;4145;ANALISTA DE DOCUMENTACION IMPORT;ANALISTA DE TRAMITES DE IMPORTACION;0.9263;1;1;bajo;0.4997648;-0.00023519993;duda del modelo
150;3584;5134;ANALISTA DE TESORERIA Y PRESUPUESTO;ANALISTA TECNICO DE PRESUPUESTO;0.9296;2;1;bajo;0.7417243;-0.24172431;azar
151;33309;34793;GERENTE ADMINISTRATIVA Y DE RECURSOS HUMANOS;GERENTE DE RECURSOS HUMANOS Y SERVICIOS;0.9591;6;1;banda;0.9549865;-0.4549865;azar
152;40406;41920;JEFE DE COMPRA-EXPORTACIONES;JEFE/A DE OPERACIONES EXPORT;0.9002;29;2;bajo;0.49957126;-0.0004287362;duda del modelo
153;40079;39264;JEFE DE BODEGA DE REPUESTOS;JEFE ALMACEN REPUESTOS;0.9342;3;1;banda;0.5257042;-0.025704205;duda del modelo
154;13857;13858;AUXILIAR DE GESTION DOCUMENTAL;AUXILIAR DE GESTION DOCUMENTAL TEMPORAL;0.9451;7;1;banda;0.9393976;-0.43939757;azar
155;39900;40965;JEFE DE ANALISIS COMERCIAL;JEFE DE ESTRATEGIA COMERCIAL;0.9029;2;1;bajo;0.5087397;-0.00873971;azar
156;7823;11987;ASISTENTE ADMINISTRATIVO-CLINICO;ASISTENTE TECNICO ADMINISTRATIVO DE SOPORTE;0.906;1;1;bajo;0.49485677;-0.005143225;duda del modelo
157;9523;11930;ASISTENTE GESTION SOCIAL;ASISTENTE SOCIAL;0.9332;3;1;banda;0.9571832;-0.45718318;azar
158;51447;51425;OPERARIOS 3 DE EMPAQUE PIFO;OPERARIOS 3 DE BODEGA PIFO;0.9505;1;1;banda;0.5612636;-0.06126362;duda del modelo
159;2243;2247;ANALISTA DE CAJA;ANALISTA DE CAJA RECEPCION;0.9172;4;1;bajo;0.9592041;-0.45920408;azar
160;11943;10783;ASISTENTE SOPORTE SERVICIOS TECNOLOGICOS;ASISTENTE DE TECNOLOGIA Y SISTEMAS;0.9352;3;1;banda;0.5220696;-0.022069573;duda del modelo
161;58089;59867;SUPERVISOR ADMINISTRATIVO DE VENTAS;SUPERVISOR DE VENTAS GENERALES;0.9358;1;1;banda;0.8223912;-0.3223912;azar
162;42848;39973;JEFE DE SERVICIO TECNICO;JEFE DE ASESORIA TECNICA;0.9033;16;1;bajo;0.49619076;-0.0038092434;duda del modelo
163;22593;21510;COORDINADOR DE SISTEMAS DE GESTION DE CALIDAD;COORDINADOR DE GESTION DE LA CALIDAD Y MEJORA CONT;0.9332;4;1;banda;0.9488831;-0.44888312;azar
164;5724;5793;ASESOR COMERCIAL;ASESOR COMERCIAL DEC;0.9178;414;1;bajo;0.9556936;-0.4556936;azar
165;23007;21493;COORDINADOR GENERAL;COORDINADOR DE GERENCIA GENERAL;0.9203;20;8;bajo;0.4974575;-0.0025424957;duda del modelo
166;7945;12222;ASISTENTE AUXILIAR SERVICIOS EN GENERAL;ASISTENTE/AUXILIAR SERVICIOS TECNICOS;0.9099;153;80;bajo;0.8936633;-0.3936633;azar
167;8180;7469;ASISTENTE CONTABILIDAD GENERAL;ASISTENTE ADMINISTRATIVA CONTA;0.9194;2;1;bajo;0.8658931;-0.36589313;azar
168;27557;27787;DIRECTORA ADMINISTRATIVA - FINANCIERA;DIRECTORA FINANCIERA ADMINISTRATIVA/PROFESORA TITULAR AUXILIAR;0.9395;4;1;banda;0.4724032;-0.027596802;duda del modelo
169;1842;2967;ANALISTA CALIDAD DE PROCESOS;ANALISTA DE GERENCIA Y PROCESOS;0.9051;16;6;bajo;0.56409967;-0.06409967;azar
170;40010;39315;JEFE DE AUDITORIA Y CALIDAD;JEFE AUDITOR EN GARANTIA DE CALIDAD;0.9365;3;1;banda;0.96439373;-0.46439373;azar
171;2404;2433;ANALISTA DE COMPRAS & LOGISTICA;ANALISTA DE COMPRAS Y ABASTECIMIENTO;0.9108;4;2;bajo;0.967911;-0.467911;azar
172;11482;11897;ASISTENTE MANTENIMIENTO GPS;ASISTENTE SERVICIOS EN GENERAL GPS;0.9293;1;1;bajo;0.5029847;-0.0029847026;duda del modelo
173;3857;3143;ANALISTA DE SEGURIDAD DE INFORMACION;ANALISTA DE INTELIGENCIA DE INFORMACION;0.9195;23;1;bajo;0.49774984;-0.0022501647;duda del modelo
174;41952;41240;JEFE DE OPERACIONES TECNOLOGICAS;JEFE DE IMPLEMENTACION TECNOLOGICA;0.9051;2;1;bajo;0.5031583;-0.0031582713;duda del modelo
175;41268;41714;JEFE DE INDUSTRIAL;JEFE DE MECANICA INDUSTRIAL;0.9175;1;1;bajo;0.4966156;-0.0033844113;duda del modelo
176;26415;26424;DIBUJANTE 109;DIBUJANTE 99;0.9419;1;1;banda;0.9489206;-0.4489206;azar
177;58788;59001;SUPERVISOR DE ELABORACION;SUPERVISOR DE LABORATORIO DE PRODUCCION;0.9182;3;1;bajo;0.5043966;-0.0043966174;duda del modelo
178;1747;2919;ANALISTA ADMINISTRATIVO Y DE FACTURACION;ANALISTA DE FACTURACION Y DESPACHOS;0.9407;1;1;banda;0.9630828;-0.4630828;azar
179;40937;43535;JEFE DE ENTREGA DE PRODUCTOS;JEFE DISTRIBUCION Y SERVICIO AL CLIENTE;0.9053;1;1;bajo;0.49937224;-0.0006277561;duda del modelo
180;58536;58533;SUPERVISOR DE CALIDAD Y PROCESOS;SUPERVISOR DE CALIDAD TISSUE/PERSONAL/PROFESSIONAL;0.9097;5;1;bajo;0.96588737;-0.46588737;azar
181;21493;21550;COORDINADOR DE GERENCIA;COORDINADOR DE GESTION, CONTROL Y SERVICIOS GENERALES;0.9144;8;1;bajo;0.49790236;-0.0020976365;duda del modelo
182;58205;60167;SUPERVISOR CD;SUPERVISOR LP;0.9071;1;1;bajo;0.5061382;-0.0061382055;duda del modelo
183;13332;13330;AUXILIAR CONTABILIDAD;AUXILIAR CONTA;0.9412;218;1;banda;0.93445355;-0.43445355;azar
184;39109;39324;JEFE PRODUCCION;JEFE AUDITORIA PRODUCCION;0.9012;334;1;bajo;0.49981922;-0.00018078089;duda del modelo
185;10933;8130;ASISTENTE DE VENTAS SIERRA;ASISTENTE COMERCIAL SIERRA;0.9316;4;2;banda;0.7350029;-0.23500288;azar
186;61931;62941;TECNICO DOCENTE DE LABORATORIO;TECNICO RESPONSABLE DE LABORATORIO;0.9328;2;1;banda;0.46339136;-0.036608636;duda del modelo
187;16958;16985;BRAND EXPERT;BRAND SPECIALIST;0.9419;1;1;banda;0.4665432;-0.033456802;duda del modelo
188;64118;64123;TUTORA DE DECIMOS DE BASICA;TUTORA DE QUINTOS DE BASICA;0.9027;1;1;bajo;0.50142205;-0.0014220476;duda del modelo
189;3565;4082;ANALISTA DE PRECIOS;ANALISTA DE TARIFAS;0.9057;8;1;bajo;0.49515307;-0.0048469305;duda del modelo
190;59028;59504;SUPERVISOR DE LINEA PRODUCTIVA;SUPERVISOR DE PROYECTOS PRODUCTIVOS;0.9006;1;1;bajo;0.9032697;-0.4032697;azar
191;8179;9009;ASISTENTE CONTABLE DE COSTOS;ASISTENTE DE CONTROL DE COSTOS;0.9311;2;2;banda;0.5016575;-0.001657486;duda del modelo
192;7360;8116;ASISTENTE ADM DE VENTAS;ASISTENTE COMERCIAL DE VENTAS;0.9544;3;1;banda;0.48485735;-0.015142649;duda del modelo
193;7760;7732;ASISTENTE ADMINISTRATIVO OPERATIVO JR.;ASISTENTE ADMINISTRATIVO JUNIOR;0.9376;3;1;banda;0.95757335;-0.45757335;azar
194;55456;55494;SALES DATA ANALYST;SALES OPERATION ANALYST;0.9212;1;1;bajo;0.49665692;-0.0033430755;duda del modelo
195;9392;9801;ASISTENTE DE FLOTA;ASISTENTE DE MANTENIMIENTO Y FLOTA;0.9196;14;1;bajo;0.8370297;-0.3370297;azar
196;41327;41240;JEFE DE INNOVACION TECNOLOGICA;JEFE DE IMPLEMENTACION TECNOLOGICA;0.9184;3;1;bajo;0.49378866;-0.0062113404;duda del modelo
197;48657;48638;OFICIAL CUMPLIMIENTO SUPLENTE;OFICIAL DE CUMPLIMIENTO 1;0.9147;52;2;bajo;0.5038237;-0.0038236976;duda del modelo
198;1771;2974;ANALISTA AMBIENTAL;ANALISTA DE GESTION AMBIENTAL;0.9156;12;3;bajo;0.95448184;-0.45448184;azar
199;58367;60570;SUPERVISOR DE ALMACEN;SUPERVISOR VENDEDOR DE ALMACEN;0.9537;26;1;banda;0.48957476;-0.01042524;duda del modelo
200;25083;25207;COORDINADORA MERCHANDISING Y ATENC CLIENTE;COORDINADORA VENTAS/SERVICIO AL CLIENTE;0.9008;1;1;bajo;0.506446;-0.006446004;duda del modelo
201;23819;23718;COORDINADOR TECNICO COMERCIAL;COORDINADOR SERVICIO TECNICO AL CLIENTE;0.9056;5;1;bajo;0.49900398;-0.0009960234;duda del modelo
202;59116;58959;SUPERVISOR DE MARKETING;SUPERVISOR DE INFLUENCER MARKETING;0.9188;9;1;bajo;0.49864885;-0.0013511479;duda del modelo
203;17950;17954;CHOFER DE CAMION;CHOFER DE CAMION GS;0.9348;14;1;banda;0.96228284;-0.46228284;azar
204;41512;41917;JEFE DE LOGISTICA OPERATIVA;JEFE DE OPERACIONES DE TRANSPORTE Y DISTRIBUCION;0.9066;16;1;bajo;0.5066277;-0.006627679;duda del modelo
205;10494;10454;ASISTENTE DE SEGURIDAD OCUPACIONAL;ASISTENTE DE SALUD OCUPACIONAL;0.9352;19;3;banda;0.54536504;-0.045365036;duda del modelo
206;36239;36513;GESTOR DE ENVASADO;GESTOR: LINEAS DE ENVASADO;0.9296;1;1;bajo;0.9565557;-0.45655572;azar
207;39475;43348;JEFE COMERCIAL DE EXPORTACIONES;JEFE DE VENTAS EXPORTACION;0.9447;2;2;banda;0.54416853;-0.044168532;duda del modelo
208;3677;3680;ANALISTA DE PROVEEDORES;ANALISTA DE PROVEEDORES NACIONALES;0.9349;3;1;banda;0.9018865;-0.40188652;azar
209;9632;9635;ASISTENTE DE INVENTARIO Y LOGISTICA;ASISTENTE DE INVENTARIO Y TRANSPORTE;0.962;2;1;banda;0.9666471;-0.4666471;azar
210;49245;50905;OPERADOR CALL CENTER;OPERADOR VIRTUAL CALL CENTER;0.9106;10;1;bajo;0.50097245;-0.0009724498;duda del modelo
211;14309;14563;AUXILIAR DE SERVICIO EN GENERAL;AUXILIAR EN GENERAL;0.9144;668;6;bajo;0.94054806;-0.44054806;azar
212;17970;18032;CHOFER DE DISTRIBUCION;CHOFER DE TRANSPORTE;0.9144;1;1;bajo;0.4984947;-0.0015052855;duda del modelo
213;1869;2367;ANALISTA DE COBRANZAS;ANALISTA DE COBRANZAS Y OPERACIONES;0.9509;41;1;banda;0.9670387;-0.4670387;azar
214;39461;40895;JEFE DE COMERCIAL;JEFE DE ECOMMERCE;0.937;5;4;banda;0.55010384;-0.050103843;duda del modelo
215;17876;18166;CHOFER BODEGA;CHOFER REPARTIDOR BODEGA;0.9038;1;1;bajo;0.8598093;-0.35980928;azar
216;56811;56813;SOURCING GENERALIST;SOURCING SPECIALIST;0.9264;1;1;bajo;0.4986569;-0.0013431013;duda del modelo
217;22530;24160;COORDINADOR SERVICIO MEDICO;COORDINADOR/A DE SERVICIOS ADMINISTRATIVOS DE SALUD;0.9049;2;1;bajo;0.50689137;-0.00689137;duda del modelo
218;7660;7748;ASISTENTE ADMINISTRATIVO Y COBRANZA;ASISTENTE ADMINISTRATIVO Y MENSAJERIA;0.9022;3;2;bajo;0.9613583;-0.4613583;azar
219;22185;22205;COORDINADOR DE PROCESOS PRODUCTIVOS;COORDINADOR DE PROCESOS, CALIDAD Y AMBIENTE;0.9037;5;1;bajo;0.94916475;-0.44916475;azar
220;21799;21801;COORDINADOR DE MANTENIMIENTO ELECTRICO;COORDINADOR DE MANTENIMIENTO ELECTRONICO;0.9368;16;3;banda;0.44703537;-0.052964628;duda del modelo
221;8468;9750;ASISTENTE DE LOGISTICA Y ALMACENAMIENTO;ASISTENTE DE LOGISTICA Y CONTROL DE COMUNICACION;0.9213;3;1;bajo;0.96621966;-0.46621966;azar
222;34264;33958;GERENTE DE IMPUESTOS;GERENTE DE CONSULTORIA DE IMPUESTOS;0.9428;5;2;banda;0.4816308;-0.018369198;duda del modelo
223;23819;21246;COORDINADOR TECNICO COMERCIAL;COORDINADOR DESARROLLO COMERCIAL;0.905;5;2;bajo;0.50515103;-0.0051510334;duda del modelo
224;13572;14066;AUXILIAR DE CAMARAS;AUXILIAR DE MONITOREO DE CAMARAS;0.9343;1;1;banda;0.5437135;-0.04371351;duda del modelo
225;58468;58481;SUPERVISOR DE BODEGA DE PRODUCTO;SUPERVISOR DE BODEGA MATERIAL DE EMPAQUE Y SANIDAD;0.9326;1;1;banda;0.86210877;-0.36210877;azar
226;41421;44597;JEFE DE LA UNIDAD SECURITY;JEFE UND. DE SEGURIDAD OCUP.;0.9132;1;1;bajo;0.95328516;-0.45328516;azar
227;22537;20294;COORDINADOR SERVICIOS ADMINISTRATIVOS;COORDINADOR CONTABLE ADMINISTRATIVO;0.9098;6;4;bajo;0.5044795;-0.0044795275;duda del modelo
228;39355;41256;JEFE BODEGA IMPORTACIONES;JEFE DE IMPORTACIONES Y POST VENTA;0.9151;2;1;bajo;0.32570228;-0.17429772;azar
229;6010;6012;ASESOR DE CUENTAS;ASESOR DE CUENTAS CALL CENTER;0.9001;4;1;bajo;0.93309045;-0.43309045;azar
230;9156;10998;ASISTENTE DE DEPARTAMENTO JURIDICO;ASISTENTE DEL ESTUDIO JURIDICO;0.9365;8;1;banda;0.74087864;-0.24087864;azar
231;4027;3922;ANALISTA DE SOPORTE (TECNICO);ANALISTA SERVICIO TECNICO;0.932;16;5;banda;0.50253344;-0.0025334358;duda del modelo
232;38091;38101;INGENIERO INSPECTOR DE PROYECTOS;INGENIERO INSPECTOR DE PROYECTOS 205;0.9056;1;1;bajo;0.9649164;-0.4649164;azar
233;7432;7769;ASISTENTE ADMINISTRATIVA & REC;ASISTENTE ADMINISTRATIVO RC;0.9247;1;1;bajo;0.9610942;-0.4610942;azar
234;61359;61364;TECHNICAL SALES ADVISOR;TECHNICAL SALES SUPPORT PROFESSIONAL;0.9145;1;1;bajo;0.50470096;-0.0047009587;duda del modelo
235;33615;35605;GERENTE DE PROCESOS;GERENTE PLANTA DE PROCESOS;0.9397;7;1;banda;0.9303297;-0.43032968;azar
236;8953;9943;ASISTENTE DE CONSULTORIA DE NEGOCIOS;ASISTENTE DE NEGOCIOS Y ESTRATEGIA;0.9363;1;1;banda;0.5238682;-0.023868203;duda del modelo
237;2882;2883;ANALISTA DE ESTRUCTURAS;ANALISTA DE ESTRUCTURAS Y BI;0.95;4;1;banda;0.96335787;-0.46335787;azar
238;21769;23226;COORDINADOR OPERATIVO LOGISTICO;COORDINADOR LOGISTICO ZONA NORTE;0.908;8;1;bajo;0.50115633;-0.0011563301;duda del modelo
239;9933;8953;ASISTENTE DE NEGOCIO;ASISTENTE DE CONSULTORIA DE NEGOCIOS;0.9405;31;1;banda;0.49932554;-0.00067445636;duda del modelo
240;58134;58438;SUPERVISOR ASISTENTE DE CUSTODIOS;SUPERVISOR DE AUXILIARES DE SERVICIOS;0.9028;1;1;bajo;0.5018458;-0.001845777;duda del modelo
241;45555;46122;LIDER DE DESARROLLO DE SOFTWARE;LIDER TECNICO DE SOFTWARE;0.9331;1;1;banda;0.5256206;-0.02562058;duda del modelo
242;58458;58481;SUPERVISOR DE BODEGA DE A;SUPERVISOR DE BODEGA MATERIAL DE EMPAQUE Y SANIDAD;0.9069;1;1;bajo;0.9271528;-0.4271528;azar
243;39399;44775;JEFE CANAL DISTRIBUIDORES;JEFE_NACIONAL_CANAL_DISTRIBUIDORES;0.9313;1;1;banda;0.45458066;-0.045419335;duda del modelo
244;41180;40654;JEFE DE GESTION Y CONTROL DE CREDITO;JEFE DE CREDITO MASTER;0.9014;2;1;bajo;0.4980142;-0.0019857883;duda del modelo
245;11869;10655;ASISTENTE DE SERVICIOS TECNICO;ASISTENTE DE SISTEMAS Y COMUNICACIONES;0.901;38;1;bajo;0.5055656;-0.0055655837;duda del modelo
246;14085;14299;AUXILIAR DE OFICINA DE VENTAS;AUXILIAR DE SERVICIO DE VENTAS;0.9374;1;1;banda;0.55423373;-0.05423373;duda del modelo
247;20452;20901;COORDINADOR CALIDAD;COORDINADOR DE CALIDAD Y CERTIFICACIONES;0.9516;111;2;banda;0.96845174;-0.46845174;azar
248;17922;17921;CHOFER CUSTODIO;CHOFER CUSTODI0;0.9393;5;1;banda;0.96810853;-0.46810853;azar
249;34561;34475;GERENTE DE OPERACIONES Y SERVICIO AL CLIENTE;GERENTE DE NEGOCIOS Y OPERACIONES;0.9304;3;1;banda;0.94871926;-0.44871926;azar
250;1667;3200;ANALISTA 1 DE DESARROLLO WEB;ANALISTA DE IT (DESARROLLADOR WEB);0.9149;1;1;bajo;0.9448068;-0.4448068;azar
251;12126;12129;ASISTENTE TRIBUTARIO;ASISTENTE TRIBUTARIO FINANCIERO;0.93;13;1;banda;0.9616352;-0.46163517;azar
252;33455;33503;GERENTE COMERCIAL;GERENTE COMERCIAL EU;0.9;469;1;bajo;0.9345844;-0.43458438;azar
253;52235;52236;PLANIFICADOR DE MECANICA AGRICOLA;PLANIFICADOR DE MECANICA AUTOMOTRIZ;0.9063;1;1;bajo;0.50618374;-0.0061837435;duda del modelo
254;8203;8217;ASISTENTE CONTABLE / CAJA;ASISTENTE CONTABLE BODEGA;0.9125;2;1;bajo;0.9232929;-0.42329288;azar
255;59093;60309;SUPERVISOR DE MANTENIMIENTO OPERACIONES;SUPERVISOR OPERATIVO PROCESOS;0.9015;2;1;bajo;0.4974912;-0.0025087893;duda del modelo
256;36001;36005;GERENTE ZONA;GERENTE ZONA FRIA;0.9029;1;1;bajo;0.9135671;-0.41356713;azar
257;7397;7630;ASISTENTE ADMINISTATIVO;ASISTENTE ADMINISTRATIVO BASE;0.9263;21;1;bajo;0.96416724;-0.46416724;azar
258;59729;59727;SUPERVISOR DE SOPORTE TECNICO;SUPERVISOR DE SOPORTE OPERATIVO;0.9452;2;1;banda;0.47233498;-0.027665019;duda del modelo
259;33548;35206;GERENTE COMERCIAL RETAIL;GERENTE ECOMMERCE;0.914;3;1;bajo;0.5064199;-0.006419897;duda del modelo
260;28429;28430;DOCENTE IB EXPERTO;DOCENTE IB INICIAL;0.9384;1;1;banda;0.44060194;-0.059398055;duda del modelo
261;51427;51432;OPERARIOS 1 DE CONTROL DE CALIDAD PIFO;OPERARIOS 1 DE MANTENIMIENTO PIFO;0.929;1;1;bajo;0.49881026;-0.0011897385;duda del modelo
262;21497;23816;COORDINADOR GESTION AMBIENTAL;COORDINADOR TECNICO AMBIENTAL;0.9422;3;2;banda;0.83439547;-0.33439547;azar
263;7574;7270;ASISTENTE ADMINISTRATIVA-CONTABLE;ASISTENTE CONTABILIDAD I;0.9053;16;9;bajo;0.9615495;-0.46154952;azar
264;23398;23846;COORDINADOR OPERATIVO DE PROYECTOS;COORDINADOR TECNICO GENERAL DE PROGRAMAS-PROYECTOS;0.9112;3;1;bajo;0.50019854;-0.00019854307;duda del modelo
265;1664;4188;ANALISTA DE COMPRAS INTERNACIONALES;ANALISTA DE VENTAS INTERNACIONALES;0.9304;3;1;banda;0.46776044;-0.032239556;duda del modelo
266;10240;10245;ASISTENTE DE PRODUCCION Y LOGISTICA;ASISTENTE DE PRODUCCION Y TECNOLOGIA;0.9229;1;1;bajo;0.9663695;-0.4663695;azar
267;35570;33393;GERENTE DE SERVICIOS DE OPERACIONES;GERENTE ASOCIADO DE OPERACIONES;0.9207;5;1;bajo;0.49571323;-0.004286766;duda del modelo
268;39570;43474;JEFE COMPRAS LOCALES E IMPORTADOS;JEFE DEL DPTO DE COMPRAS;0.9052;2;1;bajo;0.9520834;-0.4520834;azar
269;58465;58369;SUPERVISOR DE BODEGA DE MATERIALES Y REPUESTOS;SUPERVISOR DE ALMACEN DE INSUMOS Y REPUESTOS;0.9127;3;1;bajo;0.49700233;-0.0029976666;duda del modelo
270;20336;23975;COORDINADOR ADMISIONES;COORDINADOR(A) DE CAJA ADMISION;0.909;14;1;bajo;0.49994916;-5.0842762e-05;duda del modelo
271;20320;21767;COORDINADOR ADMINISTRATIVO LOGISTICO;COORDINADOR DE LOGISTICA Y EVENTOS DE LA OPERACION;0.9056;6;1;bajo;0.83403206;-0.33403206;azar
272;54580;54615;REPRESENTANTE COMERCIAL TECNICO;REPRESENTANTE DE SERVICIO TECNICO;0.9191;26;3;bajo;0.50144005;-0.0014400482;duda del modelo
273;1745;4977;ANALISTA ADMINISTRATIVO SENIOR;ANALISTA SENIOR FINANCIERO ADMINISTRATIVO;0.936;2;1;banda;0.5461968;-0.04619682;duda del modelo
274;10429;11135;ASISTENTE DE RIESGO DE CREDITO;ASISTENTE EN MODELOS DE RIESGO DE CREDITO;0.9288;1;1;bajo;0.91286343;-0.41286343;azar
275;59650;59604;SUPERVISOR DE SEGURIDAD OCUPACIONAL;SUPERVISOR DE SALUD OCUPACIONAL;0.9358;6;2;banda;0.5314187;-0.03141868;duda del modelo
276;29241;30087;EJECUTIVO VENTAS SENIOR;EJECUTIVO SENIOR NEGOCIOS;0.9027;2;1;bajo;0.49379516;-0.0062048435;duda del modelo
277;2525;2619;ANALISTA DE CONTROL COSTOS;ANALISTA DE COSTOS Y PLANIFICACION;0.9339;5;3;banda;0.95822364;-0.45822364;azar
278;21494;21455;COORDINADOR DE GERENCIA FINANCIERA;COORDINADOR DE FINANZAS Y CONTABILIDAD;0.9323;3;2;banda;0.501096;-0.0010960102;duda del modelo
279;42382;43882;JEFE DE PRODUCTO INDUSTRIAL;JEFE NAC. DE PRODUCTO;0.9335;2;1;banda;0.8475206;-0.3475206;azar
280;20313;20280;COORDINADOR ADMINISTRATIVO & FINANCIERO;COORDINADOR ADM. FINANC.;0.9423;28;1;banda;0.96566963;-0.46566963;azar
281;34957;33311;GERENTE ADMINISTRATIVO Y DE TALENTO HUMANO;GERENTE ADMINISTRATIVA Y LEGAL;0.9;5;1;bajo;0.9067438;-0.40674382;azar
282;49257;50674;OPERADOR CARGADORA;OPERADOR PALA CARGADORA;0.9049;18;1;bajo;0.92706704;-0.42706704;azar
283;19871;20036;COORD DE COMUNICACION Y MARKET;COORD. MARKETING Y COMUNICACION;0.9257;1;1;bajo;0.9674512;-0.4674512;azar
284;8149;7360;ASISTENTE COMERCIALIZACION;ASISTENTE ADM DE VENTAS;0.9053;8;3;bajo;0.49852225;-0.0014777482;duda del modelo
285;24859;55921;SECRETARIA-CORDINADORA;SECRETARIA-COLECTORA;0.9055;3;2;bajo;0.5023681;-0.0023680925;duda del modelo
286;1731;2976;ANALISTA ADMINISTRATIVO DE ACTIVOS;ANALISTA DE GESTION DE ACTIVOS Y AUTOMATIZACION;0.9222;1;1;bajo;0.90532035;-0.40532035;azar
287;43477;43553;JEFE DPTO TECNICO;JEFE DPTO SISTEMAS;0.9;5;1;bajo;0.4957871;-0.004212886;duda del modelo
288;4149;3610;ANALISTA DE TRASFORMACION DIGITAL Y PROCESOS;ANALISTA DE PROCESOS DIGITALES;0.9439;3;1;banda;0.9314507;-0.43145072;azar
289;58496;60570;SUPERVISOR DE BODEGA/ALMACEN;SUPERVISOR VENDEDOR DE ALMACEN;0.9309;3;1;banda;0.4403476;-0.059652388;duda del modelo
290;3253;1890;ANALISTA DE LOGISTICA Y TRANSPORTE;ANALISTA COMERCIAL Y LOGISTICA;0.9552;3;1;banda;0.9586793;-0.45867932;azar
291;42069;40432;JEFE DE COMPRAS Y PLANEACION;JEFE DE COMPRAS Y ADQUISICIONES;0.9313;6;3;banda;0.9568469;-0.4568469;azar
292;42163;44186;JEFE DE PLANTA DE ESTRUCTURAS;JEFE PRODUCTO CAB. ESTRUCTURAD;0.9031;1;1;bajo;0.49384272;-0.006157279;duda del modelo
293;22580;22603;COORDINADOR DE SISTEMA;COORDINADOR DE SISTEMAS Y TELECOMUNICACIONES;0.9012;82;1;bajo;0.9647065;-0.46470648;azar
294;39357;39877;JEFE BODEGA PRODUCTOS TERMINADOS;JEFE DE ALMACEN DE PRODUCTO TERMINADO;0.9259;8;2;bajo;0.5059145;-0.0059145093;duda del modelo
295;7469;9460;ASISTENTE ADMINISTRATIVA CONTA;ASISTENTE DE GERENCIA Y CONTABILIDAD;0.9079;1;1;bajo;0.017371668;-0.48262835;azar
296;1846;5157;ANALISTA CALIDAD QUIMICO;ANALISTA TECNICO-FISICO QUIMICO;0.9104;2;1;bajo;0.497267;-0.0027329922;duda del modelo
297;54457;54459;REGULATORY AFFAIRS EXPERT;REGULATORY AFFAIRS PROFESSIONAL;0.9459;2;1;banda;0.53211224;-0.03211224;duda del modelo
298;1667;3662;ANALISTA 1 DE DESARROLLO WEB;ANALISTA DE PROGRAMACION WEB;0.9145;1;1;bajo;0.8754203;-0.37542027;azar
299;3601;3983;ANALISTA DE PROCESOS - QA;ANALISTA DE SISTEMAS QA;0.9052;1;1;bajo;0.50633067;-0.006330669;duda del modelo
300;39461;42975;JEFE DE COMERCIAL;JEFE DE SOPORTE COMERCIAL;0.9311;5;1;banda;0.49929824;-0.0007017553;duda del modelo
301;9154;11550;ASISTENTE DE DEPARTAMENTO GUAYAQUIL;ASISTENTE OFICINA GUAYAQUIL;0.9376;1;1;banda;0.5138194;-0.0138193965;duda del modelo
302;2627;3022;ANALISTA DE CREDITO - ADMINISTRACION DE CREDITO;ANALISTA DE GESTION Y CONTROL DE CREDITO;0.9356;1;1;banda;0.95204896;-0.45204896;azar
303;7470;7278;ASISTENTE ADMINSTRATIVO CONTABLE;ASISTENTE CONTABLE I;0.9001;42;14;bajo;0.93850434;-0.43850434;azar
304;11942;11987;ASISTENTE SOPORTE OPERATIVO;ASISTENTE TECNICO ADMINISTRATIVA DE SOPORTE;0.9069;1;1;bajo;0.4953096;-0.0046904087;duda del modelo
305;9433;7714;ASISTENTE DE GERENCIA ADMINISTRATIVA FINANCIERA;ASISTENTE ADMINISTRATIVO FINANZAS;0.9387;4;2;banda;0.0008651805;-0.4991348;azar
306;41434;42276;JEFE DE LABORATORIO MOLECULAR;JEFE DE PROCESOS DE LABORATORIO;0.9093;1;1;bajo;0.505251;-0.0052509904;duda del modelo
307;56953;56979;SR. ANALYTICS ANALYST;SR. DATA ANALYST;0.93;1;1;banda;0.43839684;-0.06160316;duda del modelo
308;59157;59162;SUPERVISOR DE MERCADERISMO;SUPERVISOR DE MERCADERISTAS SUR;0.9401;10;1;banda;0.9253388;-0.4253388;azar
309;61493;62286;TECNICO 1 DE PRODUCCION AQ1;TECNICO DE TALLER AQ1;0.9021;2;1;bajo;0.50147396;-0.0014739633;duda del modelo
310;54251;54266;RECEPCIONISTA TIEMPO COMPLETO;RECEPCIONISTA-REEMPLAZO;0.9033;1;1;bajo;0.7037725;-0.20377249;azar
311;64433;64558;VENDEDOR DE REPUESTOS EXTERNO;VENDEDOR NACIONAL DE REPUESTOS;0.9126;4;1;bajo;0.50035894;-0.00035893917;duda del modelo
312;5819;5753;ASESOR COMERCIAL INDUSTRIAL;ASESOR COMERCIAL CANAL INDUSTRIAL;0.9163;2;1;bajo;0.95734245;-0.45734245;azar
313;35033;35455;GERENTE DE UNIDAD;GERENTE MULTIUNIDAD;0.9153;2;1;bajo;0.5025293;-0.002529323;duda del modelo
314;20393;22065;COORDINADOR ASISTENTE LOGISTICA;COORDINADOR DE PEDIDOS Y LOGISTICA;0.9208;1;1;bajo;0.49881935;-0.0011806488;duda del modelo
315;41022;43842;JEFE DE FABRICA;JEFE MEJORAMIENTO FABRICA;0.9125;8;1;bajo;0.50436133;-0.0043613315;duda del modelo
316;3565;2623;ANALISTA DE PRECIOS;ANALISTA DE COTIZACIONES;0.9001;8;2;bajo;0.502884;-0.0028839707;duda del modelo
317;39285;40165;JEFE AREA DE CALIDAD;JEFE DE CALIDAD DEL SERVICIO;0.9358;3;2;banda;0.8851807;-0.3851807;azar
318;41289;41277;JEFE DE INFRAESTRUCTURA Y PROYECTOS;JEFE DE INFRAESTRUCTURA IT;0.9166;3;2;bajo;0.96128815;-0.46128815;azar
319;3288;4466;ANALISTA DE MARKETING JR;ANALISTA JR DE MARKETING DIGITAL;0.9331;2;1;banda;0.94813323;-0.44813323;azar
320;3241;3061;ANALISTA DE IMPORTACIONES Y LOGISTICA;ANALISTA DE IMPORTACIONES Y CADENA DE SUMINISTRO;0.9335;4;1;banda;0.9657588;-0.4657588;azar
321;59246;59057;SUPERVISOR DE OPERACIONES DE TRANSPORTE;SUPERVISOR DE MANTEIMIENTO LOGISTICA Y TRANSPORTE;0.9104;2;1;bajo;0.8435562;-0.34355623;azar
322;3395;3398;ANALISTA DE NOMINA Y TALENTO HUMANO;ANALISTA DE NOMINA Y TTHH;0.9033;5;1;bajo;0.96923053;-0.46923053;azar
323;39191;43329;JEFE ADMINISTRATIVO DE VENTAS;JEFE DE VENTAS CORPORATIVO;0.9092;10;5;bajo;0.5048279;-0.0048279166;duda del modelo
324;3428;3422;ANALISTA DE OPERACIONES LOGISTICA;ANALISTA DE OPERACIONES DE TRANSPORTE;0.9202;3;2;bajo;0.76468664;-0.26468664;azar
325;54100;54101;RDV SIERRA NORTE;RDV SIERRA NORTE - SANTO DOMINGO;0.9072;1;1;bajo;0.9559205;-0.45592052;azar
326;8196;11616;ASISTENTE CONTABLE FACTURACION;ASISTENTE OPERATIVO DE SERVICIOS - FACTURACION;0.9078;3;1;bajo;0.5067795;-0.006779492;duda del modelo
327;22481;20428;COORDINADOR SEGURIDAD LABORAL;COORDINADOR BIENESTAR LABORAL Y SSO;0.9023;4;1;bajo;0.49869573;-0.0013042688;duda del modelo
328;21619;23832;COORDINADOR DE INFRAESTRUCTURA TECNOLOGICA;COORDINADOR TECNICO DE INFRAESTRUCTURA Y SERVICIOS INFORMATICOS;0.9251;4;1;bajo;0.9341759;-0.4341759;azar
329;62370;62156;TECNICO DE REFRIGERACION Y ELECTRICIDAD;TECNICO DE REPARACION DE REFRIGERADOS;0.9324;3;1;banda;0.5112138;-0.011213779;duda del modelo
330;63749;63752;TRABAJADORES AGRICOLAS QUE LABORAN EN LAS PLANTACIONES;TRABAJADORES AGRICOLAS QUE LABORAN EN LAS PLANTACIONES-CORTERO;0.9355;31;1;banda;0.9658929;-0.4658929;azar
331;49725;49737;OPERADOR DE GRUA;OPERADOR DE GRUA ESTACIONARIA;0.9458;35;3;banda;0.9622142;-0.46221417;azar
332;59442;60361;SUPERVISOR DE PRODUCCION BIOLOGICOS;SUPERVISOR PRODUCCION BIOLOGICA Y AGROVET;0.9443;1;1;banda;0.9609129;-0.46091288;azar
333;8998;11373;ASISTENTE DE CONTRATOS;ASISTENTE INGRESO DE CONTRATOS;0.9496;1;1;banda;0.91727567;-0.41727567;azar
334;61970;62730;TECNICO MANTENIMIENTO;TECNICO MANTENIMIENTO E INSTAL;0.9374;35;1;banda;0.96789217;-0.46789217;azar
335;16590;16594;BIBLIOTECARIA;BIBLIOTECARIA/O;0.952;77;3;banda;0.9676577;-0.4676577;azar
336;21064;22314;COORDINADOR DE COMPRAS Y PROYECTOS;COORDINADOR DE PROYECTOS Y LOGISTICA;0.9017;1;1;bajo;0.9416416;-0.44164163;azar
337;42731;42770;JEFE SEGURIDAD FISICA Y ELECTRONICA;JEFE DE SEGURIDAD OPERACIONAL;0.9018;3;2;bajo;0.84681964;-0.34681964;azar
338;38288;38290;INGLES 3ERO-EGB A Y B;INGLES 4TO. Y 5TO. EGB A Y B;0.9161;1;1;bajo;0.93723744;-0.43723744;azar
339;8134;8879;ASISTENTE COMERCIAL Y COMPRAS;ASISTENTE DE COMPRAS / RECIBIDOR;0.9185;1;1;bajo;0.923572;-0.423572;azar
340;7555;7305;ASISTENTE ADM FINANCIERO;ASISTENTE 1 FINANCIERO;0.9351;47;6;banda;0.9305125;-0.4305125;azar
341;7481;7484;ASISTENTE ADMINISTRATIVA DE LOS PROGRAMAS DE POSTGRADO;ASISTENTE ADMINISTRATIVA DE LOS PROGRAMAS DE POSTGRADO EN DERECHO;0.9407;1;1;banda;0.9641001;-0.46410012;azar
342;51426;51430;OPERARIOS 1 DE BODEGA PUEMBO;OPERARIOS 1 DE EMPAQUE PUEMBO;0.9485;1;1;banda;0.52872527;-0.028725266;duda del modelo
343;6489;9025;ASISTENTE TECNICO DE PROYECTOS;ASISTENTE DE CONTROL DE PROYECTOS;0.9023;4;2;bajo;0.49917322;-0.000826776;duda del modelo
344;59023;60627;SUPERVISOR DE LIMPIEZA;SUPERVISOR(A) DE HIGIENE Y DESINFECCION;0.9187;19;1;bajo;0.8319282;-0.3319282;azar
345;1982;3170;ANALISTA CONTROL DE INVENTARIO;ANALISTA DE INVENTARIO Y DATA;0.9036;2;1;bajo;0.94931823;-0.44931823;azar
346;2798;3122;ANALISTA DE DESARROLLO Y PROYECTOS;ANALISTA DE INGENIERIA Y PROYECTOS;0.9162;3;2;bajo;0.89927816;-0.39927816;azar
347;60027;60028;SUPERVISOR GENERAL DE MAQUINAS INDUSTRIALES;SUPERVISOR GENERAL DE MECANICOS;0.9179;1;1;bajo;0.498757;-0.0012429953;duda del modelo
348;2401;3055;ANALISTA DE COMPRA DE REPUESTOS;ANALISTA DE IMPORTACIONES DE REPUESTOS;0.9306;1;1;banda;0.43668422;-0.06331578;duda del modelo
349;41990;43448;JEFE DE OTC;JEFE DE ZONA OTC;0.9364;1;1;banda;0.5385816;-0.03858161;duda del modelo
350;21589;24612;COORDINADOR DE IMPORTACIO;COORDINADOR DE EXPORTACION;0.9326;65;19;banda;0.5088135;-0.0088135;duda del modelo
351;31063;31062;ESPECIALISTA CIBERSEGURIDAD;ESPECIALISTA CIBERSEC;0.9487;5;1;banda;0.9576415;-0.45764148;azar
352;58979;58294;SUPERVISOR DE INSTALACIONES;SUPERVISOR MANTENIMIENTO DE INFRAESTRUCTURA;0.9069;5;3;bajo;0.50508296;-0.005082965;duda del modelo
353;14234;8941;AUXILIAR DE REFRIGERACION;AUXILIAR DE CONFIGURACION DE REFRIGERADOS;0.9285;2;1;bajo;0.49376237;-0.006237626;duda del modelo
354;13705;13507;AUXILIAR DE DESPACHO;AUXILIAR DE BODEGA DESPACHO;0.9345;19;3;banda;0.4386475;-0.06135249;duda del modelo
355;30672;39198;JEFE DE OPERACIONES ENCARGADO;JEFE ADMINISTRATIVO OPERATIVO;0.9021;2;1;bajo;0.49713033;-0.0028696656;duda del modelo
356;19203;19204;CONSULTOR ESP;CONSULTOR ESP T&L;0.9113;1;1;bajo;0.96687126;-0.46687126;azar
357;40884;40885;JEFE DE DPTOS TECNICOS PROPIOS DE LA INDUSTRIA;JEFE DE DPTOS. ADMINISTRATIVOS PROPIOS DE LA INDUSTRIA;0.9304;12;3;banda;0.5474318;-0.047431827;duda del modelo
358;7663;10530;ASISTENTE ADMINISTRATIVO DE CREDITO;ASISTENTE DE SEGURO DE CREDITO;0.9039;1;1;bajo;0.50279266;-0.0027926564;duda del modelo
359;22448;21152;COORDINADOR DE SEGURIDAD;COORDINADOR DE SEGUROS MASIVOS;0.9007;38;2;bajo;0.502659;-0.0026590228;duda del modelo
360;59485;58468;SUPERVISOR DE PRODUCTO;SUPERVISOR DE BODEGA DE PRODUCTO;0.9175;4;1;bajo;0.5041725;-0.004172504;duda del modelo
361;3259;4431;ANALISTA DE MANTENIMIENTO;ANALISTA INGENIERIA Y MANTENIMIENTO;0.9384;17;1;banda;0.9563107;-0.4563107;azar
362;20731;22615;COORDINADOR DE APLICATIVOS;COORDINADOR DE SOPORTE APLICACIONES;0.9327;6;2;banda;0.56593484;-0.06593484;duda del modelo
363;61203;61206;TALENT CONSULTANT;TALENT DEVELOPMENT ADVISOR;0.9173;1;1;bajo;0.5019757;-0.0019757152;duda del modelo
364;14309;14391;AUXILIAR DE SERIVICIOS GENERALES;AUXILIAR DE SERVICIOS GENERALES OFICINA;0.9045;668;4;bajo;0.95319164;-0.45319164;azar
365;20847;22241;COORDINADOR DE BODEGA PRODUCTO TERMINADO;COORDINADOR DE PRODUCTO TERMINADO;0.9355;2;2;banda;0.4492844;-0.050715595;duda del modelo
366;7944;12326;ASISTENTE SERVICIOS;ASISTENTE_DE_ESPACIOS_Y_SERVICIOS;0.9289;30;1;bajo;0.9525943;-0.45259428;azar
367;32747;32770;FIELD APPLICATION ENGINEER;FIELD SERVICE ENGINEER;0.9143;3;3;bajo;0.5007211;-0.000721097;duda del modelo
368;37902;37953;INGENIERO DE SERVICIO;INGENIERO DE SOPORTE TECNICO;0.9034;11;7;bajo;0.50467354;-0.0046735406;duda del modelo
369;10772;11943;ASISTENTE TECNICO DE SISTEMAS;ASISTENTE SOPORTE SERVICIOS TECNOLOGICOS;0.9024;4;3;bajo;0.32612708;-0.17387292;azar
370;20198;22116;COORDINADOR (A) DE PLANIFICACION;COORDINADOR DE PLANIFICACION Y PRECIOS;0.9118;21;1;bajo;0.96683514;-0.46683514;azar
371;8055;9360;ASISTENTE DE FACTURACION Y CARTERA;ASISTENTE DE FACTURACION FIN;0.9173;2;1;bajo;0.96579194;-0.46579194;azar
372;58703;59426;SUPERVISOR LOGISTICO ADMINISTRATIVO;SUPERVISOR DE PROCESOS Y SEGURIDAD LOGISTICA;0.9183;2;1;bajo;0.90065134;-0.40065134;azar
373;50993;51046;OPERARIO A;OPERARIO ASESOR A;0.9162;3;1;bajo;0.50154895;-0.0015489459;duda del modelo
374;22448;22502;COORDINADOR DE SEGURIDAD;COORDINADOR DE SEGUROS;0.9186;38;3;bajo;0.49349397;-0.006506026;duda del modelo
375;25786;25855;CUSTOMER EXPERIENCE MANAGER;CUSTOMER SOLUTIONS MANAGER;0.9138;3;1;bajo;0.50437;-0.004369974;duda del modelo
376;61611;62822;TECNICO CAPACITADOR;TECNICO MOVIL CAPACITADOR;0.9443;1;1;banda;0.48412213;-0.015877873;duda del modelo
377;7597;7746;ASISTENTE ADMINISTRATIVO OFICINA;ASISTENTE ADMINISTRATIVO MEDICA;0.9064;5;1;bajo;0.50016767;-0.00016766787;duda del modelo
378;22001;22882;COORDINADOR DE OPERACIONES DE RED;COORDINADOR DESARROLLO DE RED;0.9088;1;1;bajo;0.49938968;-0.00061032176;duda del modelo
379;40182;40176;JEFE SISTEMA GESTION CALIDAD;JEFE DE CALIDAD Y DIRECCION TECNICA;0.91;8;7;bajo;0.9262024;-0.42620242;azar
380;2831;2755;ANALISTA DE ECOMMERCE;ANALISTA DE DESARROLLO COMERCIAL;0.9025;5;2;bajo;0.49777785;-0.0022221506;duda del modelo
381;39482;40766;JEFE COMERCIAL DE OPERACIONES;JEFE DE DESARROLLO COMERCIAL;0.9058;12;2;bajo;0.50270313;-0.0027031302;duda del modelo
382;59721;58388;SUPERVISOR DE SOPORTE;SUPERVISOR DE APOYO;0.9349;3;1;banda;0.5485042;-0.048504174;duda del modelo
383;42848;39537;JEFE SERVICIO TECNICO;JEFE COMERCIAL SERVICIO TECNICO;0.9324;16;11;banda;0.5052142;-0.0052142143;duda del modelo
384;35069;35528;GERENTE DE VENTAS A NIVEL NACIONAL;GERENTE NACIONAL DE VENTAS E INNOVACION;0.9065;1;1;bajo;0.96165687;-0.46165687;azar
385;55746;55748;SECRETARIA DE CARRERA;SECRETARIA DE CARRERAS;0.9454;1;1;banda;0.9645894;-0.46458942;azar
386;2428;3177;ANALISTA DE COMPRAS PUBLICAS E IMPORTACIONES;ANALISTA DE INVENTARIOS Y COMPRAS;0.9057;1;1;bajo;0.9493585;-0.44935852;azar
387;34177;34462;GERENTE DE FINANCIERO;GERENTE DE NEGOCIOS FINANCIEROS;0.9263;357;1;bajo;0.9093189;-0.40931892;azar
388;7470;8260;ASISTENTE ADMNISTRATIVA CONTABLE;ASISTENTE CONTABLE MASTER;0.9103;42;1;bajo;0.5013286;-0.0013285875;duda del modelo
389;22676;22680;COORDINADOR DE TALLER AUTOMOTRIZ;COORDINADOR DE TALLER MECANICO;0.9476;2;2;banda;0.5176391;-0.0176391;duda del modelo
390;49386;49387;OPERADOR DE BALANZA;OPERADOR DE BALANZA P1;0.9377;3;1;banda;0.9698749;-0.46987492;azar
391;33455;33555;GERENTE COMERCIAL;GERENTE COMERCIAL SME;0.918;469;1;bajo;0.93109435;-0.43109435;azar
392;1910;2472;ANALISTA DE CONCILIACIONES;ANALISTA DE CONCILIACIONES BANCARIAS;0.9077;3;1;bajo;0.9606225;-0.4606225;azar
393;5675;5741;ASESOR ADMINISTRATIVO DE NEGOCIOS;ASESOR COMERCIAL ADMINISTRATIVO;0.9242;1;1;bajo;0.79289716;-0.29289716;azar
394;59368;59370;SUPERVISOR DE PLANTA DE PRODUCCION;SUPERVISOR DE PLANTA ENSAMBLADORA;0.9088;2;1;bajo;0.5056052;-0.005605221;duda del modelo
395;8217;12193;ASISTENTE CONTABLE BODEGA;ASISTENTE/ AUX BODEGA;0.904;1;1;bajo;0.5294727;-0.029472709;azar
396;62696;62941;TECNICO LIDER DE LABORATORIO;TECNICO RESPONSABLE DE LABORATORIO;0.9416;1;1;banda;0.9564306;-0.4564306;azar
397;8668;8676;ASISTENTE DE BODEGA Y CAJA;ASISTENTE DE BODEGA Y LOG;0.9362;1;1;banda;0.9618459;-0.46184587;azar
398;17017;17057;BUSINESS ANALYST;BUSINESS INTELLIGENCE ANALYST;0.9084;10;4;bajo;0.49408916;-0.0059108436;duda del modelo
399;41301;44521;JEFE DE INGENIERIA (F);JEFE TECNICO DE INGENIERIA E IMPLEMENTACION;0.9093;1;1;bajo;0.8861524;-0.3861524;azar
400;1846;4351;ANALISTA CONTROL DE CALIDAD QUIMICO;ANALISTA FISICO QUIMICO Y CONTROL EN PROCESOS;0.9162;2;1;bajo;0.738858;-0.23885798;azar
