n,estrato,y,coseno,NLI,v1,v2,ensamble_v2
1,banda,1,0.9524,0.5893842,0.9947415,0.99252534,0.9885414
2,banda,1,0.9544,0.35580307,0.9868747,0.99269724,0.98535174
3,banda,1,0.9599,0.5229955,0.9939238,0.99576473,0.9915211
4,banda,1,0.9453,0.55228984,0.9948779,0.9962239,0.9920144
5,banda,1,0.9527,0.7353217,0.99594665,0.99714625,0.99384004
6,banda,1,0.9463,0.9626626,0.9969606,0.9975627,0.9947122
7,banda,1,0.9419,0.08238663,0.96787727,0.9736926,0.96179134
8,banda,1,0.956,0.4986906,0.995311,0.9945459,0.98612714
9,banda,0,0.9593,0.07645207,1.0196944e-05,0.00063159893,0.0008688516
10,banda,1,0.9517,0.9344854,0.99595016,0.996216,0.9930393
11,bajo,1,0.9053,0.10132892,0.26466128,0.10964242,0.07799982
12,banda,0,0.9517,0.2448589,5.140195e-06,0.00073877856,0.0009897988
13,banda,1,0.9447,0.010654522,0.99608177,0.98490965,0.9833788
14,bajo,0,0.9053,0.28415042,3.819231e-06,0.00073459424,0.00091811176
15,banda,1,0.9529,0.9375137,0.99406856,0.98967206,0.98871404
16,banda,1,0.9535,0.5193522,0.9962263,0.99609095,0.9907339
17,bajo,1,0.9241,0.5380569,0.99294645,0.9883244,0.9818048
18,banda,1,0.9371,0.43214095,0.0002458107,0.0028512364,0.0036757046
19,bajo,1,0.9061,0.22623491,0.94790584,0.98729765,0.98146534
20,banda,1,0.9548,0.86938417,0.99561477,0.9956037,0.9926395
21,banda,1,0.9306,0.15919895,0.9878412,0.97239536,0.96562856
22,banda,1,0.9322,0.8840363,0.9968329,0.996852,0.9937711
23,banda,1,0.9309,0.89189637,0.996717,0.9966384,0.99373466
24,banda,1,0.9527,0.87474334,0.99622416,0.99674755,0.99368644
25,banda,1,0.9478,0.49902296,0.99655104,0.9958729,0.9931453
26,banda,1,0.9433,0.94224757,0.9900167,0.9885336,0.9847424
27,banda,0,0.9465,0.60018367,1.5190465e-06,1.3977946e-05,4.000332e-05
28,bajo,1,0.9059,0.2733167,0.99247473,0.98609984,0.9807251
29,banda,1,0.9315,0.9581087,0.99708194,0.9976416,0.99501926
30,banda,1,0.9361,0.49558377,0.9964327,0.9922223,0.9899592
31,banda,1,0.9529,0.68084145,0.9919569,0.9935791,0.98283094
32,banda,0,0.9346,0.7634127,0.97870237,0.9776939,0.9380798
33,banda,1,0.9378,0.48061877,0.056548025,0.8262525,0.585339
34,banda,1,0.9451,0.752651,0.99676216,0.99668676,0.99366444
35,banda,1,0.9341,0.4767234,0.9972068,0.9951147,0.9925669
36,banda,1,0.954,0.52997094,0.99684405,0.9975986,0.9946112
37,banda,1,0.9536,0.561908,0.99612254,0.9959304,0.99248147
38,banda,1,0.9474,0.92147374,0.98147583,0.98949414,0.9827461
39,banda,1,0.96,0.8381207,0.94857085,0.9945563,0.9891551
40,bajo,1,0.9191,0.50565624,0.9963732,0.9969523,0.99344915
41,banda,1,0.9402,0.6524899,0.99162257,0.98758036,0.9816869
42,banda,1,0.9512,0.41269937,0.8791869,0.98723096,0.979381
43,banda,1,0.9418,0.48773894,0.98531795,0.9639232,0.9632447
44,bajo,0,0.9135,0.00030164392,6.8125985e-07,0.00069798954,0.0008784765
45,banda,1,0.9408,0.47533312,0.99513537,0.9947049,0.990565
46,bajo,1,0.9055,0.49039468,0.8239058,0.9599226,0.93390274
47,banda,1,0.9342,0.51478803,0.9905212,0.99161375,0.98591834
48,bajo,0,0.9074,0.1456915,0.0016461884,0.0014482283,0.003041764
49,banda,1,0.9413,0.504304,0.9253543,0.9675132,0.93787855
50,banda,0,0.9536,0.42135575,5.036245e-05,0.0059174714,0.006270478
51,banda,1,0.9435,0.52397466,0.9481389,0.6297663,0.6263675
52,banda,1,0.9467,0.5106113,0.9873086,0.9954205,0.98366594
53,banda,1,0.9491,0.50207067,0.99608386,0.9894494,0.9876453
54,banda,1,0.9502,0.07829599,0.71525854,0.99379236,0.9421337
55,banda,1,0.9446,0.49796525,0.99516284,0.9950073,0.989291
56,banda,0,0.941,0.05632613,1.3189033e-05,0.0012650304,0.0016160941
57,bajo,1,0.9097,0.4292676,0.9925491,0.9690549,0.96040744
58,banda,1,0.939,0.4974865,0.9795654,0.9774989,0.9748592
59,banda,1,0.9569,0.94031,0.99305254,0.9926906,0.98988384
60,bajo,1,0.9133,0.6673025,0.9916378,0.98619306,0.98232836
61,banda,1,0.9595,0.5026139,0.99672234,0.9942871,0.99141186
62,bajo,1,0.9227,0.37754798,0.9786117,0.9900198,0.9784357
63,banda,1,0.9352,0.20768103,0.9959349,0.9956744,0.9854577
64,banda,1,0.9649,0.4979676,0.95989376,0.996696,0.9909072
65,banda,1,0.9451,0.4982131,0.9967114,0.996501,0.99274045
66,banda,1,0.9489,0.039836038,0.7515601,0.85466737,0.84125346
67,banda,1,0.9563,0.5334426,0.99450594,0.9943024,0.98990464
68,banda,1,0.9554,0.5460398,0.9953723,0.9881901,0.98541164
69,banda,1,0.9321,0.4240476,0.9956736,0.9847388,0.98034304
70,banda,0,0.9597,0.053744435,1.6946147e-05,0.0005373728,0.00075775245
71,banda,1,0.9579,0.9268538,0.9967986,0.996415,0.9937795
72,banda,1,0.956,0.47213188,0.74008113,0.93305653,0.894337
73,banda,1,0.9518,0.67077035,0.992124,0.99451196,0.98948145
74,banda,1,0.954,0.13377793,0.95468885,0.9951923,0.9859747
75,banda,0,0.953,0.5766026,0.047359634,0.013435789,0.10018978
76,banda,1,0.9602,0.80792654,0.9958221,0.9910735,0.9879766
77,banda,1,0.953,0.9140645,0.99684227,0.99721444,0.9940865
78,banda,1,0.9411,0.9857219,0.9886632,0.9905512,0.98901033
79,banda,1,0.9528,0.60181624,0.995978,0.99566823,0.9916784
80,banda,1,0.9569,0.95093393,0.9968935,0.99585134,0.9935815
81,banda,1,0.9496,0.9660835,0.9968389,0.9960966,0.99313456
82,banda,1,0.9318,0.32175118,0.99225324,0.9794894,0.9773447
83,banda,0,0.9598,0.3378054,0.00043755487,0.004915679,0.0052193776
84,bajo,0,0.9115,0.107658416,0.0063424306,0.20684463,0.100537926
85,banda,0,0.9392,0.48696738,0.01527692,0.052399054,0.114811964
86,banda,1,0.9321,0.5296007,0.99384934,0.99315035,0.9844582
87,banda,1,0.9438,0.0015327673,0.9963145,0.9861848,0.98416215
88,banda,1,0.931,0.9458243,0.9910845,0.9957123,0.9894331
89,banda,1,0.9419,0.8915515,0.9952769,0.9937796,0.9901707
90,bajo,1,0.9057,0.3801579,0.9679814,0.9637194,0.9241228
91,banda,0,0.9454,0.48193115,0.91062576,0.34216267,0.6142834
92,banda,1,0.9552,0.4564922,0.9962153,0.9950495,0.98883516
93,bajo,1,0.9168,0.89540833,0.98459184,0.99577415,0.99061567
94,banda,1,0.9559,0.80517524,0.99573785,0.99647504,0.99333763
95,banda,1,0.9699,0.79180604,0.9944393,0.99311656,0.9887223
96,banda,0,0.9434,0.97267634,5.628559e-06,0.00035552634,0.0005715827
97,banda,1,0.9424,0.94560623,0.9930721,0.9863772,0.98482734
98,banda,0,0.9369,0.023016687,0.00043663735,0.019395182,0.0148086
99,banda,1,0.9461,0.5205808,0.9951513,0.99620104,0.9930214
100,banda,0,0.9519,0.77031374,2.4975013e-06,1.8112898e-05,4.9393875e-05
101,banda,1,0.9455,0.40780658,0.9308199,0.97813207,0.9352061
102,banda,1,0.9491,0.6323246,0.99613065,0.9952604,0.99223715
103,banda,0,0.9323,0.10875126,0.0001294423,0.00053298334,0.0009317435
104,banda,1,0.9471,0.50730616,0.99064237,0.9899306,0.96008486
105,banda,1,0.9419,0.8460052,0.9925411,0.9898416,0.9892501
106,banda,0,0.9369,0.0024670456,0.004023827,0.00143334,0.18899961
107,banda,0,0.9479,0.14157619,2.1467838e-05,0.0008295706,0.0011399159
108,banda,1,0.9329,0.9874463,0.9970131,0.99759746,0.9946041
109,banda,1,0.9314,0.6899284,0.9939871,0.9948873,0.98927337
110,banda,1,0.9542,0.85978293,0.9944498,0.9914379,0.98703074
111,banda,1,0.9312,0.52784634,0.99674934,0.9961863,0.99238557
112,banda,1,0.9326,0.79521835,0.96031785,0.309219,0.74467784
113,banda,1,0.9513,0.52654517,0.9878621,0.9928995,0.9744272
114,banda,1,0.9553,0.97698337,0.9959831,0.9967745,0.99361897
115,banda,1,0.9394,0.0015610994,0.9655308,0.9008106,0.8869715
116,banda,1,0.9488,0.0022803815,0.98506975,0.98896474,0.9568691
117,banda,1,0.9429,0.48240638,0.9966533,0.99762625,0.99493307
118,bajo,0,0.9107,0.95494056,0.97709495,0.4684101,0.6700453
119,banda,0,0.9318,0.65845865,1.277022e-05,3.3134853e-05,8.040265e-05
120,banda,1,0.9373,0.19208106,0.11488012,0.79135686,0.6529158
121,banda,1,0.9465,0.6483978,0.9873195,0.9796949,0.97563034
122,banda,1,0.9495,0.77860445,0.9966262,0.99733543,0.99444443
123,banda,1,0.9356,0.98736024,0.99445915,0.99520266,0.9930487
124,banda,1,0.9364,0.40772682,0.912387,0.9952971,0.98734456
125,banda,1,0.9313,0.483063,0.96484005,0.9703373,0.95887804
126,banda,1,0.9337,0.5508133,0.9799979,0.86007786,0.9263014
127,banda,1,0.9531,0.47178188,0.71669513,0.98349315,0.96055585
128,banda,1,0.939,0.9794432,0.99622315,0.9928489,0.9881823
129,banda,1,0.9373,0.5032325,0.92054003,0.98551244,0.9698739
130,bajo,1,0.9204,0.9311994,0.99619585,0.99661505,0.99375004
131,banda,1,0.9436,0.5139928,0.9967208,0.99676543,0.99338406
132,banda,1,0.9364,0.84952307,0.9959841,0.9958815,0.9930689
133,banda,1,0.9422,0.519823,0.9933809,0.97993994,0.9745557
134,banda,1,0.9441,0.0015962587,0.9621394,0.9860671,0.9051552
135,banda,1,0.9512,0.9517767,0.99698144,0.996849,0.9942841
136,banda,1,0.9498,0.8602599,0.99663496,0.9979675,0.9949123
137,banda,1,0.9539,0.66266334,0.99145865,0.99396527,0.97111136
138,bajo,0,0.9103,0.29662126,9.161294e-06,1.2695808e-05,4.442267e-05
139,banda,1,0.9588,0.9584044,0.996546,0.99784696,0.9947284
140,banda,0,0.9438,0.47438014,5.616159e-06,0.00020341616,0.00036347366
141,bajo,1,0.9001,0.0016115187,0.94482803,0.92585987,0.8910093
142,banda,1,0.9549,0.56791884,0.99112153,0.9907707,0.98840123
143,banda,1,0.9359,0.70868325,0.9901089,0.991846,0.9870437
144,banda,1,0.9598,0.48992828,0.93123907,0.99331445,0.9689936
145,banda,1,0.9325,0.83619475,0.9966681,0.9965615,0.9936767
146,banda,1,0.9575,0.440314,0.95467234,0.99431753,0.9887767
147,banda,0,0.9452,0.1776318,2.2511425e-05,0.0014980711,0.0019953523
148,banda,1,0.9548,0.8215897,0.99648356,0.9975303,0.9946949
149,bajo,1,0.9035,0.44634885,0.9954393,0.9890194,0.9837804
150,banda,0,0.9403,0.47983396,1.5953652e-05,0.000511374,0.00085318374
151,banda,1,0.9609,0.44894803,0.9893036,0.99112153,0.9873069
152,bajo,1,0.901,0.5375142,0.032333814,0.27117845,0.16101283
153,banda,1,0.9493,0.99031115,0.99682266,0.99724567,0.99454886
154,banda,1,0.9551,0.96352977,0.9954398,0.99695796,0.9940074
155,banda,1,0.9443,0.5015719,0.99207455,0.98928154,0.9773304
156,banda,1,0.9322,0.9886538,0.99456954,0.986124,0.98469496
157,banda,0,0.9554,0.49023327,2.2512442e-05,2.8802508e-05,7.2592404e-05
158,banda,0,0.9536,0.091468744,6.4489664e-06,0.0016849352,0.001849309
159,banda,0,0.9337,0.29405043,8.798471e-06,0.0015551663,0.0017469712
160,banda,1,0.9435,0.48852208,0.9228413,0.9026534,0.9131058
161,banda,1,0.953,0.9416268,0.99680614,0.9972928,0.9944032
162,banda,1,0.9355,0.5480828,0.993765,0.99412537,0.99015635
163,banda,1,0.9593,0.96650606,0.9963179,0.9952404,0.9923761
164,banda,1,0.9397,0.586025,0.995476,0.99334335,0.98986083
165,bajo,1,0.9193,0.73708034,0.99598217,0.99700403,0.9943959
166,banda,1,0.9351,0.6606799,0.9924501,0.9939773,0.9914277
167,banda,1,0.9419,0.5814113,0.9972339,0.9976401,0.9950099
168,banda,1,0.9497,0.023305975,0.8381065,0.91441417,0.8774263
169,banda,1,0.9483,0.002285121,0.9942692,0.9755078,0.9748528
170,banda,1,0.9515,0.6645038,0.99551535,0.9947699,0.9912842
171,banda,1,0.9329,0.79791015,0.99643147,0.99497,0.99271125
172,banda,1,0.9359,0.50215566,0.9949057,0.9953089,0.97727495
173,bajo,1,0.9042,0.14414158,0.9948902,0.98258966,0.9810663
174,banda,0,0.932,0.068151824,0.012974808,0.002940029,0.007975001
175,banda,1,0.9369,0.033177357,0.92991096,0.94918686,0.89321
176,banda,1,0.952,0.87562954,0.9967654,0.9972706,0.9945078
177,banda,1,0.9349,0.35734195,0.9960675,0.99506515,0.99247336
178,banda,1,0.9532,0.9016627,0.99652416,0.996831,0.9939825
179,bajo,1,0.9105,0.6374514,0.9965876,0.9946026,0.9884405
180,banda,1,0.9342,0.6875317,0.99131054,0.9930642,0.9871443
181,bajo,1,0.9206,0.52081084,0.99536866,0.99004537,0.980917
182,banda,0,0.9377,0.07140856,0.74554014,0.10967249,0.6428388
183,banda,1,0.9526,0.488487,0.99650675,0.9974672,0.99444294
184,bajo,1,0.9075,0.46776065,0.9932548,0.99057037,0.98598
185,banda,1,0.9563,0.9586711,0.9969284,0.99578696,0.9933223
186,banda,0,0.9486,0.48865035,0.48133412,0.95028204,0.824203
187,banda,1,0.9494,0.502449,0.9966098,0.99659854,0.9929729
188,bajo,1,0.9013,0.60746866,0.916419,0.992857,0.4659482
189,banda,1,0.9395,0.5089605,0.9963016,0.9923736,0.95554733
190,banda,1,0.9369,0.16468105,0.8966283,0.9732959,0.9621534
191,banda,1,0.946,0.9897069,0.996051,0.8363029,0.91508317
192,banda,1,0.9466,0.31673348,0.9968096,0.9961977,0.99197626
193,banda,1,0.9503,0.85234743,0.9009938,0.9764225,0.95690876
194,banda,1,0.9308,0.65691453,0.98783153,0.97107226,0.9687333
195,banda,0,0.9497,0.01243968,0.47569913,0.9804407,0.7260802
196,banda,1,0.9359,0.019887913,0.9961535,0.9878228,0.98544914
197,banda,0,0.9325,0.06298411,0.00012367505,0.017209683,0.012494691
198,banda,1,0.9427,0.98867524,0.9943652,0.997199,0.99417716
199,banda,1,0.9468,0.0056899637,0.00059066847,0.0091306465,0.015715824
200,banda,1,0.9323,0.624999,0.99499655,0.99489003,0.9918425
201,bajo,1,0.9109,0.40321577,0.96207654,0.9887004,0.97423387
202,bajo,1,0.927,0.49135268,0.9967565,0.9976022,0.9943276
203,banda,1,0.9507,0.03091775,0.9953763,0.9938257,0.98563665
204,banda,1,0.9302,0.41764078,0.19426882,0.058206886,0.14919882
205,banda,0,0.953,0.23155949,1.22160145e-05,0.005575311,0.004747858
206,banda,1,0.942,0.4343655,0.98174524,0.99127877,0.9852919
207,banda,1,0.9576,0.8510473,0.9961035,0.9967022,0.9939721
208,banda,1,0.9517,0.7283267,0.99372685,0.99466246,0.9913063
209,banda,1,0.9619,0.9311768,0.9968636,0.99770826,0.99479216
210,bajo,0,0.9156,0.10293487,2.3014986e-06,1.5252528e-05,4.6201934e-05
211,banda,1,0.9328,0.9153974,0.9921705,0.99189776,0.98894954
212,bajo,1,0.9078,0.2269628,0.9948174,0.9950375,0.9896643
213,banda,1,0.9563,0.9560425,0.9935576,0.98276067,0.9816639
214,banda,1,0.9506,0.7597896,0.99401814,0.9872071,0.9838932
215,banda,1,0.9366,0.98636854,0.9965564,0.99476385,0.99270195
216,bajo,1,0.906,0.5199623,0.9637709,0.9893615,0.9835153
217,banda,1,0.9347,0.47282737,0.99637413,0.99674785,0.9926221
218,banda,1,0.9498,0.59179085,0.9961325,0.99544734,0.9920363
219,banda,1,0.9384,0.3749522,0.9963732,0.99786526,0.9947896
220,banda,0,0.9592,0.38917953,0.87104607,0.2908511,0.54598254
221,banda,0,0.9462,0.13358943,4.0368463e-06,0.00069616846,0.0009122498
222,banda,1,0.9456,0.5134112,0.9953391,0.9947641,0.9920872
223,banda,1,0.9368,0.48977414,0.9889234,0.9356632,0.92945105
224,banda,1,0.951,0.9704809,0.99641883,0.9968985,0.99410963
225,banda,1,0.9532,0.9488784,0.9965647,0.99762106,0.9946992
226,banda,1,0.9436,0.9571929,0.87829465,0.92073566,0.8734603
227,banda,1,0.9309,0.11840513,0.9717045,0.99112487,0.9844597
228,banda,1,0.9336,0.9150765,0.99489176,0.99501795,0.99165374
229,banda,1,0.9377,0.300502,0.81832415,0.9881258,0.96846837
230,banda,1,0.9528,0.96928775,0.9955005,0.9963872,0.9930262
231,banda,1,0.9417,0.914546,0.9967741,0.9956698,0.9929373
232,banda,1,0.9435,0.28156242,0.99330413,0.99309427,0.98857373
233,banda,1,0.9465,0.058546204,0.021440852,0.660178,0.3898119
234,banda,1,0.9368,0.49376547,0.9950169,0.9953588,0.9918726
235,banda,1,0.9505,0.9646399,0.99605197,0.99537474,0.9915649
236,banda,1,0.9418,0.4852801,0.94502425,0.9664881,0.91999507
237,banda,1,0.9554,0.84134233,0.99688846,0.9979872,0.99514747
238,bajo,0,0.9005,0.025035549,0.91008186,0.9380851,0.91289514
239,banda,0,0.947,0.047334913,2.717302e-06,0.00044522542,0.0006244954
240,bajo,1,0.9019,0.4507184,0.94809675,0.97800964,0.9698617
241,banda,1,0.9455,0.7919179,0.9954539,0.9964336,0.9931612
242,banda,1,0.9437,0.13566883,0.63231426,0.97494423,0.97343755
243,banda,1,0.9575,0.92465174,0.99638647,0.9944351,0.99168164
244,bajo,1,0.9143,0.8734343,0.7349739,0.8678118,0.91875976
245,banda,1,0.9341,0.49791685,0.9889624,0.9876881,0.9820221
246,banda,1,0.9501,0.76261306,0.99659806,0.9953661,0.99284774
247,banda,1,0.9514,0.83510906,0.9939366,0.9956466,0.9923509
248,banda,1,0.9518,0.48266497,0.9474831,0.9788581,0.9609499
249,banda,0,0.9511,0.4927834,4.6414378e-05,0.030046215,0.021118285
250,banda,0,0.9383,0.14550139,2.4072535e-05,3.792926e-05,8.150266e-05
251,banda,1,0.9513,0.2820536,0.9958263,0.9949506,0.9894987
252,banda,1,0.9447,0.899403,0.99674547,0.99619836,0.9932721
253,banda,1,0.9338,0.51603556,0.9918957,0.99116373,0.9840568
254,banda,1,0.9337,0.80807686,0.99648094,0.99694085,0.9938747
255,bajo,0,0.9006,0.0007432846,0.0009128046,0.004566569,0.0398616
256,banda,1,0.9324,0.8358671,0.99676,0.9961512,0.9930671
257,banda,1,0.9406,0.35368395,0.99592197,0.9959643,0.9876032
258,banda,1,0.9415,0.69740355,0.9871596,0.99140406,0.97961885
259,banda,1,0.9363,0.2466386,0.75590384,0.97431403,0.8436108
260,banda,1,0.9535,0.7383425,0.9967616,0.99762297,0.99498993
261,bajo,1,0.902,0.72985923,0.83904254,0.97629195,0.94561964
262,banda,1,0.9593,0.41353473,0.9916902,0.9904642,0.9866337
263,banda,0,0.941,0.05453032,0.00048633275,0.0001488914,0.0010182679
264,bajo,1,0.9021,0.4765026,0.14091344,0.28873983,0.17725158
265,banda,1,0.9421,0.77367866,0.9951119,0.9949113,0.99081016
266,banda,1,0.9379,0.74363816,0.9953106,0.9946313,0.9908444
267,banda,1,0.9349,0.9616679,0.25793883,0.8452543,0.7851961
268,banda,1,0.9451,0.97191465,0.99673975,0.9976433,0.9947881
269,banda,1,0.9328,0.45303497,0.9956664,0.99195975,0.9865641
270,bajo,1,0.9201,0.95664996,0.9969199,0.884698,0.938303
271,banda,1,0.9411,0.1891337,0.9102763,0.96089923,0.9298032
272,bajo,0,0.9061,0.33450323,0.046363886,0.00072132616,0.16816097
273,banda,1,0.9563,0.81972706,0.988722,0.9735229,0.9620417
274,banda,1,0.9414,0.81973875,0.993684,0.9892444,0.9876947
275,banda,1,0.9423,0.43931222,0.9928486,0.99656147,0.9912428
276,banda,1,0.9314,0.96508825,0.9959843,0.9967736,0.9940546
277,banda,1,0.9518,0.9123323,0.99680007,0.9971225,0.99405533
278,banda,1,0.9495,0.4962356,0.99690586,0.99593264,0.9933579
279,banda,1,0.9562,0.47918758,0.99497044,0.9932722,0.9886429
280,banda,1,0.9503,0.24748282,0.9319164,0.913675,0.9128627
281,banda,1,0.9356,0.37885693,0.99562913,0.99458635,0.9919977
282,banda,1,0.9365,0.53921443,0.8481574,0.99239975,0.9537327
283,banda,1,0.9498,0.9648564,0.9968132,0.99752945,0.9947701
284,bajo,1,0.9294,0.49216232,0.9934816,0.9795461,0.9611847
285,bajo,0,0.9201,0.07415835,1.5201778e-05,2.8441664e-05,7.940005e-05
286,banda,1,0.9409,0.71554816,0.99347556,0.99085516,0.98870784
287,banda,1,0.9315,0.064704195,0.9947235,0.99455166,0.9901822
288,banda,1,0.9595,0.89231086,0.9962713,0.9971357,0.9940696
289,banda,1,0.9563,0.50106496,0.98840624,0.97459465,0.93449306
290,banda,1,0.9544,0.48444596,0.9878931,0.9935631,0.9126962
291,banda,1,0.9672,0.5336734,0.9949108,0.9933324,0.9895628
292,banda,1,0.9331,0.9252641,0.9900417,0.99497366,0.99039954
293,banda,1,0.9439,0.9770196,0.99634093,0.9947989,0.99257946
294,banda,1,0.9344,0.95543927,0.99668235,0.99606913,0.99333745
295,banda,1,0.9458,0.7367711,0.9969365,0.9973701,0.9945391
296,bajo,1,0.9039,0.2527673,0.99571395,0.9943209,0.98858833
297,banda,0,0.9406,0.35525408,0.0030262696,0.0096129505,0.011543508
298,banda,0,0.9372,0.024158452,0.00021438744,0.00029168595,0.0012083448
299,banda,1,0.9396,0.94828194,0.42672226,0.9924695,0.9459114
300,banda,1,0.9437,0.8147645,0.99591583,0.9967694,0.9940949
301,banda,1,0.9463,0.3991089,0.9965564,0.9940593,0.9911856
302,banda,1,0.9534,0.98924065,0.9960454,0.9966852,0.99414414
303,banda,1,0.9329,0.56610763,0.99308574,0.9908554,0.9887282
304,banda,1,0.9328,0.026953783,0.12825072,0.8788183,0.5967581
305,banda,1,0.957,0.012095453,0.9941279,0.9775921,0.9549577
306,banda,0,0.9318,0.0390725,3.216261e-05,0.0013314313,0.0015197713
307,banda,0,0.9504,0.002171572,9.835087e-05,2.1842312e-05,9.479746e-05
308,banda,1,0.9505,0.53437984,0.9950679,0.99571013,0.9918613
309,bajo,1,0.9084,0.08570274,0.9939237,0.98664474,0.9810973
310,banda,1,0.9422,0.6775267,0.9959873,0.99713296,0.9945721
311,bajo,1,0.9012,0.5225717,0.99461526,0.98718226,0.9751223
312,banda,1,0.9478,0.95497096,0.9960592,0.98917484,0.98790765
313,bajo,1,0.9093,0.49630883,0.99669653,0.99092263,0.9869106
314,bajo,1,0.9226,0.6176733,0.96725756,0.98880774,0.9684599
315,banda,1,0.9312,0.50105953,0.9958139,0.9899278,0.98124343
316,banda,1,0.9383,0.9168281,0.99545085,0.99741495,0.99447346
317,banda,1,0.9554,0.93724036,0.99602437,0.99612737,0.9928356
318,banda,1,0.9396,0.85764503,0.9949116,0.985245,0.983779
319,banda,1,0.9503,0.314117,0.9961479,0.99736446,0.9937921
320,banda,1,0.9654,0.5990611,0.99159306,0.9956696,0.98601574
321,banda,1,0.9327,0.40528536,0.9958964,0.9890151,0.984627
322,banda,1,0.9308,0.95020485,0.99326646,0.9939243,0.9904928
323,banda,0,0.9328,0.39699045,2.2484852e-05,0.000985254,0.0013020476
324,banda,0,0.9464,0.09844259,4.7147343e-05,0.0018494328,0.0020192962
325,banda,1,0.9493,0.80182475,0.9849731,0.99220276,0.9879024
326,banda,0,0.94,0.00788033,0.9688901,0.8804213,0.81596136
327,bajo,0,0.9042,0.37912893,2.2198343e-05,0.0041648205,0.006433385
328,banda,1,0.9383,0.5316013,0.99204236,0.9960705,0.98945975
329,banda,1,0.9403,0.92904985,0.9962669,0.9972287,0.99443364
330,banda,1,0.9521,0.89796007,0.995354,0.99478066,0.9904115
331,banda,1,0.9517,0.95478684,0.9955941,0.993666,0.9899955
332,banda,1,0.9617,0.0029328896,0.9971445,0.9795717,0.9808062
333,banda,1,0.9552,0.9428607,0.9958608,0.9855441,0.9827692
334,banda,1,0.9555,0.6063718,0.99656576,0.9969852,0.9942684
335,banda,1,0.9574,0.40380192,0.91908157,0.9916,0.96567076
336,banda,1,0.9489,0.92161006,0.99652284,0.997272,0.9945976
337,banda,1,0.9312,0.011621039,0.06696558,0.32436103,0.28737047
338,banda,1,0.9444,0.6110835,0.99403113,0.9925287,0.97602004
339,banda,1,0.9426,0.8856821,0.9970045,0.995979,0.9932556
340,banda,1,0.9562,0.3572494,0.98615175,0.99462754,0.9895423
341,banda,1,0.952,0.96130484,0.99693584,0.99777913,0.99486595
342,banda,1,0.949,0.0022625981,0.941895,0.8628891,0.79465294
343,bajo,1,0.9153,0.10972597,0.9960999,0.993299,0.98670155
344,banda,1,0.9436,0.5528341,0.9958664,0.99474233,0.9898462
345,banda,1,0.9411,0.705154,0.99680096,0.99735415,0.99436283
346,banda,1,0.9449,0.52806324,0.9668079,0.9900883,0.9666019
347,bajo,1,0.9065,0.49604794,0.9966365,0.9951328,0.9910912
348,banda,1,0.9542,0.92934144,0.9959164,0.99519235,0.9927699
349,banda,1,0.9454,0.021245964,0.4144584,0.5198037,0.36359838
350,banda,1,0.9483,0.9129116,0.99445987,0.9939889,0.9898269
351,banda,1,0.9514,0.9581568,0.9969442,0.9978229,0.9952825
352,banda,0,0.9354,0.0015650648,5.0237926e-05,8.983672e-05,0.00024601046
353,banda,1,0.9304,0.7973554,0.99209577,0.98606944,0.9858994
354,banda,0,0.9555,0.0021141914,5.8191155e-05,1.701029e-05,0.00011203861
355,banda,0,0.9378,0.47653553,3.8466937e-06,1.7792778e-05,4.8575184e-05
356,banda,0,0.9406,0.0010149752,1.6768521e-05,3.876344e-05,0.00016844612
357,banda,1,0.9531,0.523771,0.99691415,0.99769217,0.9939792
358,bajo,0,0.902,0.11896004,0.008066536,0.9523437,0.6738201
359,bajo,1,0.9008,0.18960702,0.89771485,0.6288121,0.4533589
360,banda,1,0.9338,0.56046075,0.9935402,0.9883197,0.9846867
361,banda,1,0.9515,0.5069747,0.89405584,0.9899309,0.973753
362,banda,1,0.9531,0.9763236,0.99686825,0.9968284,0.99416155
363,bajo,1,0.9031,0.26486877,0.69789624,0.40582862,0.38815364
364,banda,1,0.938,0.54264593,0.20516114,0.9968545,0.974652
365,banda,1,0.9507,0.27656025,0.94375855,0.899234,0.87407875
366,banda,1,0.9464,0.49776882,0.45649198,0.8481164,0.27143928
367,bajo,1,0.9044,0.63303596,0.9964867,0.99350685,0.99141365
368,banda,1,0.9329,0.57284856,0.9744837,0.9543055,0.9586684
369,banda,1,0.9405,0.5085145,0.98870164,0.9936017,0.9859519
370,banda,0,0.9401,0.31590202,0.0031802256,0.0025815174,0.019938448
371,banda,0,0.9486,0.26069638,9.779564e-06,0.00094693044,0.0011855526
372,banda,1,0.9372,0.79758584,0.9965045,0.9927382,0.989681
373,bajo,1,0.9144,0.006349072,0.00014757177,0.28625175,0.10975164
374,banda,1,0.9303,0.3664546,0.99384487,0.9948704,0.991221
375,banda,1,0.9378,0.7551453,0.96158683,0.8769453,0.92143124
376,banda,1,0.9491,0.3811335,0.99374706,0.9953114,0.9898649
377,bajo,1,0.9038,0.48368436,0.8835292,0.989874,0.9580374
378,bajo,1,0.9136,0.9115139,0.9962571,0.99267495,0.98874253
379,banda,1,0.9315,0.6936265,0.990728,0.9863209,0.9817381
380,bajo,0,0.9002,0.03106316,0.00035364233,0.021456098,0.015791995
381,bajo,0,0.9131,0.19024277,2.9649113e-06,3.113626e-05,7.217438e-05
382,banda,0,0.9548,0.03805106,2.6150876e-05,0.0067736874,0.005783049
383,banda,0,0.9407,0.53744423,7.784996e-05,0.0016760135,0.0031076318
384,banda,1,0.9308,0.9611505,0.9965282,0.9939816,0.9921052
385,banda,1,0.9574,0.93405795,0.99660337,0.9970298,0.9941006
386,banda,1,0.9335,0.38709143,0.9828307,0.9889953,0.96825165
387,banda,1,0.9317,0.5268883,0.99684554,0.9953018,0.99280626
388,bajo,1,0.9047,0.033882316,0.9965877,0.9966175,0.9892187
389,banda,1,0.9484,0.49096093,0.17183341,0.66293895,0.3087261
390,banda,1,0.9509,0.7510793,0.9965412,0.9954068,0.99252385
391,banda,1,0.9405,0.52756405,0.9814892,0.99538684,0.9904914
392,banda,0,0.9394,0.07470255,0.9793423,0.72538936,0.8707235
393,banda,1,0.9496,0.49161854,0.99262285,0.99710876,0.99327517
394,banda,1,0.939,0.5107413,0.98136246,0.9871723,0.9698446
395,banda,0,0.9369,0.1423248,0.005265409,0.011323461,0.01383585
396,banda,1,0.9528,0.7506075,0.9953891,0.99642944,0.99300855
397,banda,1,0.9592,0.9456979,0.99601156,0.99329054,0.9910154
398,banda,1,0.9366,0.04004091,0.995858,0.9958849,0.989604
399,banda,1,0.9362,0.48779708,0.86716896,0.9347591,0.94191366
400,banda,1,0.9449,0.9256987,0.99435544,0.9963133,0.9929268
