n,i,j,sim,P,rechazado
1,58131,58401,0.9628486037254333,0.99201804,False
2,52759,52760,0.9523196220397949,0.00015834696,True
3,17174,17207,0.9886174201965332,0.99055266,False
4,7257,7953,0.9792763590812683,0.9920832,False
5,37776,37777,0.9893761873245239,0.9896952,False
6,20643,24397,0.9510402679443359,0.99240005,False
7,60151,60631,0.9512614607810974,0.9921922,False
8,6521,6529,0.9662556052207947,0.00016595458,True
9,56189,56252,0.9725860357284546,0.04467333,True
10,29697,29699,0.9697037935256958,0.00011960201,True
11,23693,24010,0.9627054333686829,0.00012932526,True
12,19292,63945,0.954053521156311,0.19481209,True
13,13474,13917,0.9517929553985596,0.99036354,False
14,58870,58871,0.9741729497909546,0.00015507359,True
15,2006,2651,0.9551756381988525,0.00011854051,True
16,23619,23638,0.9607748985290527,0.002335225,True
17,39520,39529,0.9835971593856812,0.0040426254,True
18,54324,54330,0.9700846076011658,0.98860955,False
19,49036,49038,0.9672633409500122,0.9578384,False
20,2624,2636,0.9501464366912842,0.00017009689,True
21,24831,25241,0.9646799564361572,0.9908556,False
22,13367,13681,0.9739834070205688,0.9933367,False
23,61567,61569,0.9764742851257324,0.00044743804,True
24,56151,56152,0.9547657370567322,0.979505,False
25,15950,15961,0.9716761708259583,0.98653954,False
26,15997,61595,0.9554566144943237,0.4511354,True
27,37755,38008,0.9816192984580994,0.2869742,True
28,38033,38064,0.9797683954238892,0.08670407,True
29,49888,50975,0.9834524393081665,0.9904345,False
30,62169,62514,0.9643008708953857,0.99273115,False
31,21388,21390,0.9662190675735474,0.9904021,False
32,62438,62439,0.9889189004898071,0.9925721,False
33,18416,18417,0.9559134244918823,0.00016669347,True
34,7510,12353,0.9607387781143188,0.99305725,False
35,43313,43315,0.9826403856277466,0.9907143,False
36,37783,37784,0.9533140063285828,0.9882024,False
37,16096,16104,0.9683899283409119,0.9733304,False
38,13680,13684,0.9748395681381226,0.9939028,False
39,29470,29994,0.9573068618774414,0.00021354482,True
40,15978,16416,0.9611048102378845,0.99083406,False
41,18066,18078,0.9778507947921753,0.9430709,False
42,14379,14402,0.974332869052887,0.9939154,False
43,61919,61921,0.9921388030052185,0.9937784,False
44,9270,9271,0.9754859209060669,0.001095354,True
45,18068,18075,0.9900460243225098,0.9381526,False
46,9446,11854,0.9516361355781555,0.0001241014,True
47,25021,25028,0.9895801544189453,0.9915747,False
48,33423,34230,0.9551025629043579,0.99230766,False
49,41214,43683,0.9747574329376221,0.9764839,False
50,3321,3322,0.9530959129333496,0.98976785,False
51,3235,3236,0.9730873107910156,0.000114640156,True
52,14341,14616,0.9694386720657349,0.98916864,False
53,56935,56936,0.959534764289856,0.0045749913,True
54,48380,48381,0.9714961647987366,0.9890782,False
55,33651,35811,0.9617559909820557,0.00018433564,True
56,3916,3918,0.9515420198440552,0.0002833004,True
57,29281,29289,0.9618847370147705,0.000305376,True
58,59253,59454,0.9529842138290405,0.4899617,True
59,12664,12688,0.9593397974967957,0.00011990301,True
60,649,8429,0.9669674634933472,0.08714209,True
61,3189,4478,0.959315836429596,0.00027435448,True
62,19540,19542,0.9739024043083191,0.9913776,False
63,30550,39801,0.9541511535644531,0.021380285,True
64,21799,23239,0.9977396726608276,0.9925447,False
65,64507,64525,0.9693199992179871,0.99267596,False
66,2798,3694,0.991402268409729,0.9946438,False
67,30604,39715,0.9530766010284424,0.0022924568,True
68,35252,35261,0.978100597858429,0.9936783,False
69,2617,5093,0.9546561241149902,7.905176e-05,True
70,33423,33625,0.9541658163070679,0.00013246495,True
71,22292,22752,0.9594032764434814,0.9517802,False
72,20452,25375,0.9553631544113159,0.99239314,False
73,47596,47618,0.9728425741195679,0.9914014,False
74,40955,44253,0.9565067291259766,0.00064728037,True
75,58947,60302,0.9634737968444824,0.9849296,False
76,2544,5093,0.9753751754760742,9.212548e-05,True
77,30604,41498,0.9521008729934692,0.002363158,True
78,33640,35235,0.9669125080108643,0.00020145046,True
79,34911,34989,0.9888997077941895,0.99416685,False
80,3730,4952,0.9517138004302979,0.00017986415,True
81,3858,4844,0.9946370124816895,0.99362224,False
82,21081,21090,0.9948612451553345,0.99257576,False
83,15903,55055,0.9659967422485352,0.028567724,True
84,41484,57770,0.9714356660842896,0.007644177,True
85,49040,49043,0.9698922038078308,0.9668023,False
86,3709,3710,0.9605365991592407,0.00017930026,True
87,20643,21224,0.9562434554100037,0.9913583,False
88,6397,64587,0.9625657200813293,0.12800847,True
89,33477,33501,0.9622186422348022,0.19120726,True
90,40225,57760,0.965135931968689,0.007479073,True
91,26030,26031,0.9615890979766846,0.00015315968,True
92,1199,1201,0.9641516208648682,0.98953384,False
93,1291,1417,0.965407133102417,0.98561805,False
94,33650,34852,0.964153528213501,0.00016639127,True
95,37751,38064,0.9742395281791687,0.0643904,True
96,28771,28775,0.9838401079177856,0.0002482353,True
97,7393,11980,0.9568004608154297,0.99040866,False
98,34878,41115,0.9775211811065674,0.015014185,True
99,43393,44672,0.956687331199646,0.00056904025,True
100,48628,48629,0.984421968460083,0.261031,True
