rara,corregida,frec_rara,frec_corregida,como,usada
LICENCIADOS,LICENCIADO,1,33,distancia 1,True
CONSERJES,CONSERJE,3,51,distancia 1,True
PILADOR,PESADOR,3,34,distancia 2,True
PORDUCCION,PRODUCCION,1,813,distancia 1,True
BUSSINESS,BUSINESS,4,276,fonetica,True
ADMINISTRATI,ADMINISTRATIVO,4,769,distancia 2,True
ACUALIDAD,CALIDAD,1,1020,distancia 2,False
ADMINISTRASOR,ADMINISTRADOR,1,444,distancia 1,True
ESCENCIALES,ESPECIALES,1,86,distancia 2,False
KONTROLLERS,CONTROLLER,1,65,distancia 2,False
CUENCAS,CUENTAS,5,290,distancia 1,False
ADMINSITRADOR,ADMINISTRADOR,2,444,distancia 1,True
CONSULORA,CONSULTORA,1,16,distancia 1,False
ACUICOLAS,ACUICOLA,3,79,distancia 1,False
EMPRENDIEMIENTO,EMPRENDIMIENTO,2,27,distancia 1,False
EGRESADO,AGREGADO,1,24,distancia 2,False
ABASTECIMIENOT,ABASTECIMIENTO,1,123,distancia 1,True
ASTIENTE,ASITENTE,1,40,distancia 1,False
DISTRITAL,DISTRITO,2,24,distancia 2,True
RESIENTE,RESIDENTE,1,67,distancia 1,True
CHOFERES,CHOFER,3,447,distancia 2,True
BIENIESTAR,BIENESTAR,2,115,distancia 1,False
SERVICIOES,SERVICIOS,1,1016,distancia 1,True
PEDAGOGICAS,PEDAGOGICA,1,16,distancia 1,False
POSTOCOSECHA,POSTCOSECHA,1,53,distancia 1,True
TECNICO2,TECNICO,1,2598,distancia 1,True
INTERNAS,INTERNO,9,156,distancia 2,False
MANUALES,CANALES,3,123,distancia 2,False
MODELIZACION,FIDELIZACION,2,36,distancia 2,False
SOFTWERE,SOFTWARE,1,145,distancia 1,True
SPECIALST,SPECIALIST,1,409,distancia 1,False
TECNOLOGIADE,TECNOLOGIA,1,254,distancia 2,False
PRESALE,PESAJE,1,19,distancia 2,True
DMINISTRATIVO,ADMINISTRATIVO,1,769,distancia 1,True
ECUDATIVO,EDUCATIVO,1,28,distancia 2,True
SUPERVIOSOR,SUPERVISOR,1,2771,distancia 1,True
TERAPITA,TERAPISTA,1,13,distancia 1,True
ABASTECIMIEN,ABASTECIMIENTO,1,123,distancia 2,False
ENGRASADO,ENVASADO,1,43,distancia 2,False
PROCESIVOS,PROCESOS,1,497,distancia 2,False
PLANIFACION,PLANIFICACION,4,382,distancia 2,True
MANUFAC,MANUAL,1,23,distancia 2,False
SERVICIOS2,SERVICIOS,1,1016,distancia 1,False
REEDES,REDES,1,178,fonetica,True
YVENTAS,VENTAS,1,1330,distancia 1,False
RECIBIDORDE,RECIBIDOR,1,31,distancia 2,False
OPERCIONES,OPERACIONES,2,1031,distancia 1,True
VALORADA,ALBORADA,1,11,distancia 2,False
ADMINISTRADORADE,ADMINISTRADORA,1,75,distancia 2,False
METEREOLOGIA,METROLOGIA,1,15,distancia 2,False
SANIDADA,SANIDAD,1,33,distancia 1,False
HIELERO,HIELO,1,21,distancia 2,False
DESECHOS,DESPACHOS,3,47,distancia 2,False
DEPROVEEDURIA,PROVEEDURIA,1,16,distancia 2,True
RESPOSANBLE,RESPONSABLE,1,400,distancia 2,False
ADMISTRADOR,ADMINISTRADOR,1,444,distancia 2,True
SEUPERVIDOR,SUPERVISOR,1,2771,distancia 2,True
BENFICIOS,BENEFICIOS,1,52,distancia 1,False
PROTECION,PROTECCION,1,72,distancia 1,True
DESENADOR,DISENADOR,2,142,distancia 1,True
TERMINADA,TERMINADO,1,76,distancia 1,False
VECINOS,VACIOS,1,10,distancia 2,False
MAQUINISTAS,MAQUINISTA,1,46,distancia 1,False
CARGADOR1,CARGADORA,1,16,distancia 1,False
AUXILIAE,AUXILIAR,1,2069,distancia 1,True
SUPERVIDOR,SUPERVISOR,6,2771,distancia 1,True
MAESTRIIA,MAESTRIA,1,25,fonetica,False
AADMINISTRADOR,ADMINISTRADOR,1,444,fonetica,True
VELACIONES,RELACIONES,1,141,distancia 1,False
CLARIFICADOR,PLANIFICADOR,3,120,distancia 2,True
RECPCION,RECEPCION,1,154,distancia 1,True
ACADEMINO,ACADEMICO,1,136,distancia 1,True
PRESUPUESTAL,PRESUPUESTO,2,69,distancia 2,False
NCARGADO,ENCARGADO,1,200,distancia 1,True
INGENERIA,INGENIERIA,1,179,distancia 1,True
FINANCI,FINANCE,1,103,distancia 1,False
TRUPULANTE,TRIPULANTE,1,37,distancia 1,True
CIMPRAS,COMPRAS,1,550,distancia 1,False
CONTABLIDAD,CONTABILIDAD,1,252,distancia 1,True
MEDECIN,MEDICINA,1,37,distancia 2,False
AUXILIARE,AUXILIAR,1,2069,distancia 1,False
PEGAGOGICO,PEDAGOGICO,1,24,distancia 1,True
ENFREMERA,ENFERMERA,1,65,distancia 1,False
SOCIALE,SOCIAL,1,240,distancia 1,False
ADIMISTRATIVA,ADMINISTRATIVA,1,387,distancia 2,True
APORQUE,PARQUE,1,19,distancia 2,False
EJECUITVA,EJECUTIVA,1,291,distancia 1,True
DOCUMENTA,DOCUMENTAL,1,65,distancia 1,False
MANTEMINIENTO,MANTENIMIENTO,3,978,distancia 2,True
COORDINADORD,COORDINADOR,1,4019,distancia 1,True
PROGAMADOR,PROGRAMADOR,2,103,distancia 1,True
EDDUCADOR,EDUCADOR,1,24,fonetica,True
COMERIAL,COMERCIAL,2,1350,distancia 1,True
COCINADOR,CORDINADOR,1,38,distancia 2,False
DESPCHO,DESPACHO,1,119,distancia 1,False
ENFEMERO,ENFERMERO,1,15,distancia 1,True
INNOVACCION,INNOVACION,1,169,distancia 1,False
MANTIMIENTO,MANTENIMIENTO,2,978,distancia 2,True
SECTORES,SECTOR,2,112,distancia 2,False
AAGRONOMO,AGRONOMO,1,11,fonetica,True
CAILDAD,CALIDAD,1,1020,distancia 1,True
APREDINZAJE,APRENDIZAJE,1,41,distancia 2,False
RECAUDAROR,RECAUDADOR,1,41,distancia 1,False
PROVEDORES,PROVEEDORES,1,61,fonetica,False
OPERAADORA,OPERADORA,1,24,fonetica,False
CINTABLE,CONTABLE,1,393,distancia 1,False
OPERACRIO,OPERARIO,1,397,distancia 1,True
EJECCUTIVA,EJECUTIVA,1,291,fonetica,True
PLANDES,PLANNER,1,95,distancia 2,False
DIGITALS,DIGITAL,1,289,distancia 1,False
ENGINEERNIG,ENGINEERING,1,27,distancia 1,False
SUPERVISRO,SUPERVISOR,1,2771,distancia 1,True
TRBAJADORA,TRABAJADORA,2,29,distancia 1,True
MONTACARGUSITA,MONTACARGUISTA,1,62,distancia 1,True
LAITRAN,LABORAN,1,30,distancia 2,False
TERNERAS,TERCERA,2,43,distancia 2,False
AUDIRORIA,AUDITORIA,1,204,distancia 1,True
RECTROEXCAVADORA,RETROEXCAVADORA,1,17,distancia 1,True
DEPORTIVOS,DEPORTIVO,2,23,distancia 1,True
ADMINSTRATION,ADMINISTRATION,1,16,distancia 1,False
TERMINA,TERMINAL,1,22,distancia 1,False
ENSAQUES,EMPAQUES,1,31,distancia 2,False
FLORISOL,FLORICOLA,1,10,distancia 2,False
RESEPCIONISTA,RECEPCIONISTA,1,110,fonetica,True
TOPOGRAFA,TOPOGRAFIA,1,16,distancia 1,False
ASMISIONES,ADMISIONES,1,85,distancia 1,False
EJECCUTIVO,EJECUTIVO,1,975,fonetica,True
ASISTEN,ASISTENTE,5,4835,distancia 2,True
CONSERGE,CONSERJE,1,51,fonetica,True
FIANCIERA,FINANCIERA,1,239,distancia 1,False
ROSADOR,PESADOR,1,34,distancia 2,True
GASTRONOMICAS,GASTRONOMIA,1,11,distancia 2,False
SUPERVISIOR,SUPERVISOR,5,2771,distancia 1,True
RECAUDADORES,RECAUDADOR,2,41,distancia 2,True
SEGURIDES,SEGURIDAD,1,957,distancia 2,True
CONTABILID,CONTABILIDAD,2,252,distancia 2,True
AUXJLIAR,AUXILIAR,1,2069,distancia 1,True
OPERACINES,OPERACIONES,1,1031,distancia 1,True
REAUDADOR,RECAUDADOR,1,41,distancia 1,True
METROLOGIST,METROLOGIA,1,15,distancia 2,False
ADMISTRATIVA,ADMINISTRATIVA,2,387,distancia 2,True
HOSPITALES,HOSPITAL,1,16,distancia 2,False
AISISTENTE,ASISTENTE,1,4835,distancia 1,True
UDUCATIVO,EDUCATIVO,1,28,distancia 1,True
EDUCADORES,EDUCADOR,1,24,distancia 2,False
SUMINSTRO,SUMINISTRO,1,30,distancia 1,True
INTRUCTOR,INSTRUCTOR,1,37,distancia 1,True
DESARROLISTA,DESARROLLISTA,1,25,distancia 1,True
AGRICOL,AGRICOLA,1,161,distancia 1,False
FACRTURACION,FACTURACION,1,221,distancia 1,True
BUSSINES,BUSINESS,2,276,fonetica,True
COCINAS,COCINA,1,127,distancia 1,False
SOLDAOR,SOLDADOR,1,90,distancia 1,True
JURDIDICO,JURIDICO,1,88,distancia 1,False
INVERION,INVERSION,1,22,distancia 1,True
AISSTENTE,AISTENTE,1,27,fonetica,True
SUBGERE,SUBJEFE,1,29,distancia 2,False
FACURACION,FACTURACION,1,221,distancia 1,True
ESPECALISTA,ESPECIALISTA,2,1453,distancia 1,True
PROMOTORES,PROMOTOR,3,79,distancia 2,True
ENCARAGADA,ENCARGADA,2,60,distancia 1,False
OPERACIONE,OPERACIONES,4,1031,distancia 1,True
CORPORATIVA1,CORPORATIVA,1,91,distancia 1,True
CORPORATIVA6,CORPORATIVA,1,91,distancia 1,True
INDEMNIZACINES,INDEMNIZACIONES,2,44,distancia 1,True
CORPORATIVA5,CORPORATIVA,1,91,distancia 1,True
COMUNICACCIONES,COMUNICACIONES,1,130,distancia 1,True
CONSUMOS,CONSUMO,1,42,distancia 1,False
COPASTOR,PASTOR,1,10,distancia 2,True
AMBIENTA,AMBIENTE,1,253,distancia 1,False
DIRECTORES,DIRECTOR,4,979,distancia 2,True
CALIENTES,CLIENTES,1,79,distancia 1,False
CAMARER,CAMARERO,1,21,distancia 1,True
MESAJERO,MENSAJERO,1,100,distancia 1,True
PSICOLOGOS,PSICOLOGO,1,47,distancia 1,True
ANALISA,ANALISTA,1,3513,distancia 1,True
SUGGERENTE,SUBGERENTE,1,429,distancia 1,True
INSTRUMENTIST,INSTRUMENTISTA,1,16,distancia 1,False
DESPCHOS,DESPACHOS,1,47,distancia 1,False
PREDITOR,CREDITO,1,472,distancia 2,True
FONDEOS,FONDOS,1,36,distancia 1,False
TELECOMINICACIONES,TELECOMUNICACIONES,1,58,distancia 1,False
OPERADOS,OPERADOR,1,1781,distancia 1,False
DIRECTORAS,DIRECTORA,3,355,distancia 1,False
RECEPCIONISTAY,RECEPCIONISTA,1,110,distancia 1,False
REGIOANAL,REGIONAL,1,383,distancia 1,False
ADMINISTRAYIVO,ADMINISTRATIVO,2,769,distancia 1,True
AMBOIENTE,AMBIENTE,1,253,distancia 1,True
ENCARTONA,ENCARTONADO,1,22,distancia 2,False
COMUNITARIOS,COMUNITARIAS,2,25,distancia 1,False
ADMNISTRATIVA,ADMINISTRATIVA,6,387,distancia 1,True
ESPACIDOR,EMPACADOR,1,26,distancia 2,False
ADMISTRACION,ADMINISTRACION,1,314,distancia 2,False
ADMINISTRAITVA,ADMINISTRATIVA,1,387,distancia 1,True
PACHADOR,PAGADOR,1,19,distancia 2,False
MENTENIMIENTO,MANTENIMIENTO,1,978,distancia 1,True
SUPERVISO,SUPERVISOR,4,2771,distancia 1,True
SITEMAS,SISTEMAS,2,415,distancia 1,True
ASIATENTE,ASISTENTE,1,4835,distancia 1,True
ELECTRONICAS,ELECTRONICA,3,44,distancia 1,False
SENERALES,GENERALES,1,273,distancia 1,True
CLIENTEZ,CLIENTES,1,79,fonetica,False
TRANIEE,TRAINEE,1,49,distancia 1,False
AUXIILIAR,AUXILIAR,1,2069,fonetica,True
ESCOLARES,ESCOLAR,1,28,distancia 2,False
ADMNISTRADOR,ADMINISTRADOR,2,444,distancia 1,True
FACTUACION,FACTURACION,1,221,distancia 1,False
CONTANBLE,CONTABLE,2,393,distancia 1,True
BILBIOTECA,BIBLIOTECA,1,30,distancia 1,False
SEGURIDADY,SEGURIDAD,1,957,distancia 1,False
COORIDINADOR,COORDINADOR,1,4019,distancia 1,False
SOTWARE,SOFTWARE,3,145,distancia 1,True
ADMINISTRACIO,ADMINISTRACION,1,314,distancia 1,False
PATRONES,PATRON,1,10,distancia 2,True
GERENTA,GERENTE,2,2838,distancia 1,True
ABASTECEDORES,ABASTECEDOR,1,46,distancia 2,False
POSTCOS,COSTOS,1,155,distancia 2,False
BECARIOS,BANCARIOS,1,12,distancia 2,False
INVESTIGCION,INVESTIGACION,1,195,distancia 1,True
OPREATIVO,OPERATIVO,1,379,distancia 1,True
PERCHEO,PERCHERO,1,16,distancia 1,False
INSTALACIONE,INSTALACIONES,1,53,distancia 1,False
INSTALACIIONES,INSTALACIONES,1,53,fonetica,True
ESPECIALSITA,ESPECIALISTA,1,1453,distancia 1,True
SERVICIONS,SERVICIOS,1,1016,distancia 1,True
ADMINISTRAIVA,ADMINISTRATIVA,1,387,distancia 1,True
UROLOGO,GEOLOGO,1,28,distancia 2,True
VENTASD,VENTAS,1,1330,distancia 1,False
CUSTODIAS,CUSTODIO,2,36,distancia 2,False
OORDINADOR,COORDINADOR,1,4019,distancia 1,True
METAMECANICA,METALMECANICA,1,33,distancia 1,False
VICERECTORA,VICERRECTORA,1,12,fonetica,True
INSTICIONAL,INSTITUCIONAL,1,95,distancia 2,True
PLANFICADOR,PLANIFICADOR,1,120,distancia 1,False
ADIMINISTRATIVO,ADMINISTRATIVO,2,769,distancia 1,True
VEENDEDOR,VENDEDOR,1,460,fonetica,True
SUSPERVISOR,SUPERVISOR,1,2771,distancia 1,False
DISENOS,DISENO,5,239,distancia 1,True
INDUSTRIALE,INDUSTRIAL,1,314,distancia 1,False
COBANZAS,COBRANZAS,1,364,distancia 1,True
MANTENIEMIENTO,MANTENIMIENTO,2,978,distancia 1,True
MERCADERIST,MERCADERISTA,1,56,distancia 1,True
PORTOLIO,PORTAFOLIO,1,29,distancia 2,True
CORPORATIVA4,CORPORATIVA,1,91,distancia 1,True
INFRAESTRUCTURAS,INFRAESTRUCTURA,4,297,distancia 1,True
AMNISTRACION,ADMINISTRACION,1,314,distancia 2,True
DISTRIBUCI,DISTRIBUCION,2,201,distancia 2,True
RECEPSIONISTA,RECEPCIONISTA,1,110,fonetica,True
TUTOREO,TUTOR,1,40,distancia 2,True
ENSACADO,ENVASADO,4,43,distancia 2,True
FISISCA,FISICA,1,167,distancia 1,False
PROGRAMACIO,PROGRAMACION,1,47,distancia 1,False
SCRETARIA,SECRETARIA,1,305,distancia 1,True
ENGENIEER,ENGINEER,1,225,distancia 2,False
ADMINISTATIVO,ADMINISTRATIVO,1,769,distancia 1,True
CITOLOGO,BIOLOGO,1,22,distancia 2,False
REFREGERACION,REFRIGERACION,1,45,distancia 1,True
SELECION,SELECCION,1,110,distancia 1,False
PROGRMADOR,PROGRAMADOR,1,103,distancia 1,True
DEPARATENTO,DEPARTAMENTO,1,88,distancia 2,False
ASESORAS,ASESORA,1,135,distancia 1,False
ASMINISTRATIVA,ADMINISTRATIVA,1,387,distancia 1,True
EXPRESOS,EXPRESS,1,12,distancia 1,False
INSTALDOR,INSTALADOR,1,44,distancia 1,False
MECANICO2,MECANICO,1,444,distancia 1,False
PREPARADORES,PREPARADOR,1,59,distancia 2,True
COODINADORAS,COORDINADORA,2,1029,distancia 2,True
ENLATADO,ENVASADO,4,43,distancia 2,True
MONTACARGUISTE,MONTACARGUISTA,1,62,distancia 1,True
TRATAMIENTOS,TRATAMIENTO,1,46,distancia 1,False
CONTRTACION,CONTRATACION,1,15,distancia 1,False
CORODINADORA,COORDINADORA,1,1029,distancia 1,False
TEROSERIA,TESORERIA,1,147,distancia 2,True
SISTENTE,ASISTENTE,3,4835,distancia 1,True
PUBLICOS,PUBLICAS,4,75,distancia 1,False
HOSPITALARIOS,HOSPITALARIO,1,10,distancia 1,False
PLANIFICACIONY,PLANIFICACION,1,382,distancia 1,False
CONTABILIAD,CONTABILIDAD,2,252,distancia 1,True
CONTRALORA,CONTRALOR,2,29,distancia 1,True
GENERLA,GENERAL,2,690,distancia 1,True
SUPERVICOR,SUPERVISOR,2,2771,distancia 1,True
CREDTITO,CREDITO,1,472,distancia 1,True
SUNCHERO,WINCHERO,1,14,distancia 2,True
COORDINDAOR,COORDINADOR,1,4019,distancia 1,True
MANTENTEMIENTO,MANTENIMIENTO,1,978,distancia 2,False
PRENDAS,TIENDAS,3,55,distancia 2,False
AEROPUERTOS,AEROPUERTO,1,14,distancia 1,False
MARKTING,MARKETING,1,694,distancia 1,False
CARNICO,CLINICO,1,34,distancia 2,False
ROGRAMADOR,PROGRAMADOR,1,103,distancia 1,True
PRESUPUETSO,PRESUPUESTO,1,69,distancia 1,False
INTERNACINAL,INTERNACIONAL,1,62,distancia 1,True
ASISTENTEDE,ASISTENTE,4,4835,distancia 2,True
ADMINISTARDOR,ADMINISTRADOR,1,444,distancia 1,False
SOLADADOR,SOLDADOR,1,90,distancia 1,True
SSOCUPACIONAL,OCUPACIONAL,1,194,distancia 2,False
SELECCI,SELECCION,2,110,distancia 2,True
AVIONES,AFINES,1,58,distancia 2,False
SPERVISOR,SUPERVISOR,2,2771,distancia 1,True
CUBIERA,CUBIERTA,1,24,distancia 1,False
MIINA,MINA,1,70,fonetica,True
FACTURACCION,FACTURACION,1,221,distancia 1,True
EXTERIORES,EXTERIOR,9,108,distancia 2,False
MOTOCARGA,MONTACARGA,1,35,distancia 2,False
PROGRAMDOR,PROGRAMADOR,1,103,distancia 1,True
AUXILIA,AUXILIAR,3,2069,distancia 1,True
MAXIMOS,MASIVOS,1,50,distancia 2,False
PROFESIONAL2,PROFESIONAL,1,127,distancia 1,True
DISENSA,DISENO,4,239,distancia 2,False
PERFORMACE,PERFORMANCE,1,25,distancia 1,False
ADMININISTRADOR,ADMINISTRADOR,1,444,distancia 2,True
OPERATIVAS,OPERATIVA,1,61,distancia 1,False
ASSISTENT,ASSISTANT,2,195,distancia 1,False
SPECIALITY,SPECIALIST,1,409,distancia 2,False
TECNICAL,TECNICA,1,206,distancia 1,False
MARGENES,IMAGENES,2,28,distancia 2,False
ENMANGADO,ENCARGADO,1,200,distancia 2,False
LACADOR,LAVADOR,2,24,distancia 1,True
ASISTETE,ASISTENTE,4,4835,distancia 1,True
ESTRATEG,ESTRATEGIA,2,101,distancia 2,False
SEGULIDAD,SEGURIDAD,1,957,distancia 1,False
TRAILERO,TRAILER,1,10,distancia 1,True
COOPERATIVOS,CORPORATIVOS,4,94,distancia 2,False
FABRICAS,FABRICA,1,58,distancia 1,False
ABASTACIMIENTO,ABASTECIMIENTO,1,123,distancia 1,False
YUDANTE,AYUDANTE,1,1333,distancia 1,False
ADMINISTRADOS,ADMINISTRADOR,2,444,distancia 1,True
OPERARADOR,OPERADOR,1,1781,distancia 2,False
DEMANDAS,DEMANDA,1,105,distancia 1,False
PROYETOS,PROYECTOS,1,675,distancia 1,False
AEREACION,AIREACION,1,21,distancia 1,False
SERVIVIOS,SERVICIOS,1,1016,distancia 1,True
COMPUTADOR,COMPRADOR,2,61,distancia 2,False
JUNIOIR,JUNIOR,1,600,distancia 1,False
FACULTADES,FACULTAD,1,56,distancia 2,False
TRANSFORMACIONES,TRANSFORMACION,1,80,distancia 2,False
ANDAMISTA,ANALISTA,2,3513,distancia 2,True
MALLEROS,TALLERES,1,24,distancia 2,False
AQUICOLA,ACUICOLA,1,79,distancia 1,True
REPUEST,REPUESTOS,2,180,distancia 2,True
PROGRAMADA,PROGRAMADOR,2,103,distancia 2,False
CONTROLDE,CONTROL,1,1063,distancia 2,True
RECTEUR,RECTOR,1,13,distancia 2,False
COORIDNADOR,COORDINADOR,9,4019,distancia 1,True
ADMINNIST,ADMINIST,1,35,fonetica,False
ASISTENET,ASISTENTE,1,4835,distancia 1,True
ORGANIZACIONES,ORGANIZACIONAL,1,108,distancia 2,False
AIREAODRES,AIREADORES,1,35,distancia 1,True
INTERMEDIAT,INTERMEDIATE,1,13,distancia 1,False
EMBARQU,EMBARQUE,1,36,distancia 1,True
INGENIERIO,INGENIERO,1,704,distancia 1,False
FINANACIERO,FINANCIERO,1,362,distancia 1,True
MARKENTING,MARKETING,2,694,distancia 1,True
IFICIAL,OFICIAL,1,465,distancia 1,True
DESARROLLOR,DESARROLLO,1,829,distancia 1,False
VERDEDOR,VENDEDOR,1,460,distancia 1,True
MENSAJEERIA,MENSAJERIA,1,44,fonetica,True
MONTACARGISTA,MONTACARGUISTA,2,62,distancia 1,True
FUNCIONES,FUNCIONAL,2,30,distancia 2,False
REEPCION,RECEPCION,1,154,distancia 1,False
PRODUCION,PRODUCCION,6,813,distancia 1,True
COMERCIL,COMERCIAL,1,1350,distancia 1,True
INIVIDUAL,INDIVIDUAL,1,14,distancia 1,False
GERERAL,GENERAL,1,690,distancia 1,True
PANADEROS,PANADERIA,3,33,distancia 2,False
CORPORAT,CORPORATE,2,25,distancia 1,False
SECETARIA,SECRETARIA,1,305,distancia 1,True
SUPERVISOREN,SUPERVISORES,1,19,distancia 1,False
COORDINADOIRA,COORDINADORA,1,1029,distancia 1,True
SUPLY,SUPPLY,3,95,fonetica,True
PANELEGO,PANELES,1,10,distancia 2,False
DESCABEZADOR,DESCABEZADO,1,25,distancia 1,False
PLANEADO,PLANEADOR,2,20,distancia 1,False
FINANCIERP,FINANCIERO,1,362,distancia 1,True
ADMINSITRACION,ADMINISTRACION,1,314,distancia 1,True
PETSCAN,PESCA,3,32,distancia 2,False
CONTRALODOR,CONTROLADOR,2,109,distancia 2,True
INOVACION,INNOVACION,1,169,fonetica,False
CULTIVOS,CULTIVO,7,84,distancia 1,True
PREDICTIVOS,PREDICTIVO,1,15,distancia 1,False
OPERCACIONES,OPERACIONES,1,1031,distancia 1,True
ANALISISTA,ANALISTA,1,3513,distancia 2,True
TRIBUTARIAS,TRIBUTARIA,1,12,distancia 1,False
ASISTENTO,ASISTENTE,1,4835,distancia 1,True
PROYECT,PROYECTO,6,145,distancia 1,True
LITERARATURA,LITERATURA,1,26,distancia 2,False
SUPERITENDENTE,SUPERINTENDENTE,1,109,distancia 1,True
INPECTOR,INSPECTOR,1,290,distancia 1,False
TELECOMUNICAIONES,TELECOMUNICACIONES,1,58,distancia 1,True
ADMINIISTRADOR,ADMINISTRADOR,1,444,fonetica,False
TRABAJAOR,TRABAJADOR,1,267,distancia 1,False
CORRDINADORA,COORDINADORA,1,1029,fonetica,False
SUPERVI,SUPERV,1,45,distancia 1,False
ATENCIONES,ATENCION,1,247,distancia 2,False
POSTVENTAS,POSTVENTA,7,83,distancia 1,True
SUBCONTADORA,SUBCONTADOR,1,10,distancia 1,True
FUNCIONALES,FUNCIONAL,2,30,distancia 2,False
ARMADOS,ARMADOR,1,25,distancia 1,False
SUPERVIS,SUPERVISOR,1,2771,distancia 2,False
ONSEJERIA,CONSEJERIA,1,13,distancia 1,False
VICERECTOR,VICERRECTOR,1,15,fonetica,True
PRODUCTIV,PRODUCTIVO,1,24,distancia 1,False
MARKEITNG,MARKETING,1,694,distancia 1,False
COORDONADORA,COORDINADORA,1,1029,distancia 1,False
INDUSTRI,INDUSTRIA,1,43,distancia 1,False
PILIVALENTE,POLIVALENTE,1,36,distancia 1,True
COLORES,FLORES,1,20,distancia 2,False
COMUNICACIONAL,COMUNICACION,1,324,distancia 2,False
SUCCES,SUCCESS,1,19,fonetica,True
SERVCIOS,SERVICIOS,1,1016,distancia 1,True
VAIDACIONES,VALIDACIONES,1,22,distancia 1,True
ASESORDE,ASESOR,1,927,distancia 2,True
CMPLIMIENTO,CUMPLIMIENTO,1,134,distancia 1,True
TENCINO,TECNICO,1,2598,distancia 2,True
MARKETIG,MARKETING,1,694,distancia 1,True
REPUSETOS,REPUESTOS,1,180,distancia 1,False
GERENTES,GERENTE,9,2838,distancia 1,True
COMPUTRON,COMPUTO,1,14,distancia 2,False
DESAROLLO,DESARROLLO,7,829,fonetica,True
GERERENTE,GERENTE,1,2838,distancia 2,True
DIGITADORA,DIGITADOR,7,91,distancia 1,True
DESOACHADOR,DESPACHADOR,1,86,distancia 1,True
PASANTIAS,GARANTIAS,1,44,distancia 2,False
TECNOLOGA,TECNOLOGIA,6,254,distancia 1,True
ENFEMERIA,ENFERMERIA,2,130,distancia 1,True
LABORTORISTA,LABORATORISTA,1,33,distancia 1,True
ADMINISTRATIIVO,ADMINISTRATIVO,1,769,fonetica,True
DESENADORA,DISENADORA,1,27,distancia 1,False
ASUSTOS,ASUNTOS,3,140,distancia 1,True
ASISSTENTE,ASISTENTE,1,4835,fonetica,True
DIRCTORA,DIRECTORA,1,355,distancia 1,True
VICEDIRECTORA,VICERRECTORA,1,12,distancia 2,True
SIEERA,SIERRA,1,214,fonetica,False
MATENIMIENTO,MANTENIMIENTO,7,978,distancia 1,True
MANNAGER,MANAGER,1,890,fonetica,True
ADMININISTRATIVO,ADMINISTRATIVO,1,769,distancia 2,True
ESTIBAJE,ESTIBA,1,12,distancia 2,True
LIGADOR,LAVADOR,2,24,distancia 2,True
SECRETRIA,SECRETARIA,1,305,distancia 1,False
CURVADOR,CORTADOR,1,33,distancia 2,False
TRABAJADORT,TRABAJADOR,1,267,distancia 1,True
FERTILIZACIONG,FERTILIZACION,1,14,distancia 1,True
ABONADOS,ABOGADO,1,52,distancia 2,False
MECANIZA,MECANICA,1,94,distancia 1,True
PASANTES,PASANTE,1,21,distancia 1,False
AYDANTE,AYUDANTE,1,1333,distancia 1,True
CENTRALES,GENERALES,4,273,distancia 2,False
HOSPITALARI,HOSPITALARIA,1,13,distancia 1,False
MICROBIOLOGI,MICROBIOLOGIA,1,36,distancia 1,True
CAMPAMENTOS,CAMPAMENTO,2,35,distancia 1,True
LIMIEZA,LIMPIEZA,2,275,distancia 1,False
AMERICAR,AMERICAS,1,13,distancia 1,False
ESTANDARES,ESTANDAR,1,22,distancia 2,False
INSTRUMENTISTAS,INSTRUMENTISTA,1,16,distancia 1,True
AUXILIARDE,AUXILIAR,2,2069,distancia 2,True
ACUACULTU,ACUACULTURA,1,19,distancia 2,False
PANELERO,PASTELERO,2,32,distancia 2,False
MANTENIMEINTO,MANTENIMIENTO,7,978,distancia 1,True
ASISTEMTE,ASISTENTE,3,4835,distancia 1,True
RCEPCION,RECEPCION,1,154,distancia 1,False
POLIMERO,PRIMERO,1,10,distancia 2,False
MANTINIMIENTO,MANTENIMIENTO,1,978,distancia 1,True
GENEREAL,GENERAL,2,690,distancia 1,True
EXSERSA,EXTERNA,1,43,distancia 2,False
EPRODUCCION,PRODUCCION,1,813,distancia 1,False
PATRCIO,PATIO,1,57,distancia 2,False
ADMINSTRATIVO,ADMINISTRATIVO,8,769,distancia 1,True
INFROMATICOS,INFORMATICOS,1,25,distancia 1,False
PUBLICID,PUBLICAS,1,75,distancia 2,False
COORDINDOR,COORDINADOR,3,4019,distancia 1,True
DISEÐADOR,DISENADOR,1,142,distancia 1,True
ENTRENADORES,ENTRENADOR,1,56,distancia 2,True
ENGINER,ENGINEER,1,225,fonetica,False
DESPACHDOR,DESPACHADOR,1,86,distancia 1,True
MATERIALE,MATERIALES,2,102,distancia 1,True
ENGENERAL,GENERAL,1,690,distancia 2,True
COORDINADOOR,COORDINADOR,1,4019,fonetica,True
PSICOLOG0,PSICOLOGO,1,47,distancia 1,True
STANDART,ESTANDAR,1,22,distancia 2,True
DEPORTIVAS,DEPORTIVO,1,23,distancia 2,False
TERAPISATA,TERAPISTA,1,13,distancia 1,True
SELECCIO,SELECCION,1,110,distancia 1,False
WHAREHOUSE,WAREHOUSE,2,39,fonetica,True
CABINERO,COCINERO,2,62,distancia 2,True
GRAFICAS,GRAFICO,3,73,distancia 2,False
GEOLOGOS,GEOLOGO,1,28,distancia 1,True
MERCADERISMO,MERCADERISTA,2,56,distancia 2,True
SISITEMAS,SISTEMAS,1,415,distancia 1,True
GENERALE,GENERAL,4,690,distancia 1,True
PLANEAMIENT,PLANEAMIENTO,1,32,distancia 1,False
PRESIONALES,PROFESIONALES,1,18,distancia 2,True
FUERZAS,FUERZA,1,11,distancia 1,False
BIENESTRA,BIENESTAR,2,115,distancia 1,False
PROGRAMOR,PROGRAMADOR,1,103,distancia 2,True
FUMIGACI,FUMIGACION,1,28,distancia 2,False
ADMINISTRATVA,ADMINISTRATIVA,1,387,distancia 1,True
OPERATNG,OPERATOR,1,54,distancia 2,False
ESTUDIANTTIL,ESTUDIANTIL,1,47,fonetica,True
ASFALTOS,ASFALTO,1,17,distancia 1,True
ANDINAS,ANDINA,2,25,distancia 1,False
NERERAL,GENERAL,1,690,distancia 2,True
AUXILIIAR,AUXILIAR,1,2069,fonetica,True
TERMIANDO,TERMINADO,1,76,distancia 1,False
ADMISTRATIVE,ADMINISTRATIVE,1,39,distancia 2,True
ECOMMECE,ECOMMERCE,1,27,distancia 1,False
CORROSI,COBROS,1,18,distancia 2,False
CENTRADOR,CONTADOR,1,105,distancia 2,True
REFACCIONES,RELACIONES,1,141,distancia 2,False
MASTERADOR,MOSTRADOR,1,47,distancia 2,True
JARDINEROS,JARDINERIA,1,10,distancia 2,True
ENVASADOS,ENVASADO,1,43,distancia 1,False
ARMADORES,AIREADORES,1,35,distancia 2,False
INGENIEROS,INGENIERO,1,704,distancia 1,True
FACTURACIO,FACTURACION,1,221,distancia 1,False
INSTALCIONES,INSTALACIONES,1,53,distancia 1,True
IMPUSADOR,IMPULSADOR,1,13,distancia 1,True
DECOBRANZAS,COBRANZAS,1,364,distancia 2,False
COORDINAROS,COORDINADOR,1,4019,distancia 2,False
CAMPPO,CAMPO,1,287,fonetica,True
YCONTROL,CONTROL,1,1063,distancia 1,False
ADMINSTRADOR,ADMINISTRADOR,2,444,distancia 1,True
CLEANNING,PLANNING,1,69,distancia 2,False
SUPERVICION,SUPERVISION,1,15,fonetica,False
REEMPAQUE,EMPAQUE,1,145,distancia 2,False
EMBALADORA,EMPACADORA,2,22,distancia 2,True
SELALDO,SELLADO,1,16,distancia 1,False
LIQUIDADORES,LIQUIDADOR,1,51,distancia 2,False
OFICER,OFFICER,1,56,fonetica,True
INFRASTRUTURE,INFRASTRUCTURE,1,11,distancia 1,False
PERITOS,PERMISOS,1,21,distancia 2,False
INFRAESTRUCTURE,INFRAESTRUCTURA,2,297,distancia 1,False
BIOLOGICAS,BIOLOGICOS,1,15,distancia 1,False
DELINEA,LINEA,1,198,distancia 2,False
MONTACARG,MONTACARGA,1,35,distancia 1,False
REGULACIONES,RELACIONES,3,141,distancia 2,False
GERENCIAS,GERENCIA,3,203,distancia 1,True
DISTRIBU,DISTRITO,1,24,distancia 2,False
ISTITUCIONES,INSTITUCIONES,1,30,distancia 1,True
BOBINERO,COCINERO,1,62,distancia 2,False
POFESIONAL,PROFESIONAL,1,127,distancia 1,True
ANALITIC,ANALITICA,1,57,distancia 1,False
FISCALIZADAS,FISCALIZADOR,1,15,distancia 2,False
ADMINISTATIVA,ADMINISTRATIVA,2,387,distancia 1,True
CARDADO,CALZADO,1,15,distancia 2,False
MULTIMEDIAL,MULTIMEDIA,1,41,distancia 1,False
INGINERA,INGENIERA,1,55,distancia 2,True
ACAMEDICO,ACADEMICO,1,136,distancia 2,True
SELLLADO,SELLADO,1,16,distancia 1,False
VIDRIOS,VARIOS,1,98,distancia 2,False
REPRESENTANT,REPRESENTANTE,1,208,distancia 1,True
AUDITORI,AUDITOR,2,216,distancia 1,False
TAQUERO,TANQUERO,1,16,distancia 1,False
CALIDAS,CALIDAD,1,1020,distancia 1,True
ESPECIALISTAS,ESPECIALISTA,1,1453,distancia 1,False
CHEFF,CHEF,4,67,fonetica,True
ITERNNO,INTERNO,1,156,distancia 2,True
EDUCACIУN,EDUCACION,1,151,distancia 1,True
OPRACIONES,OPERACIONES,1,1031,distancia 1,True
PRUNNING,PLANNING,2,69,distancia 2,True
PATRIMONIOS,PATRIMONIAL,1,12,distancia 2,False
ETIQUETEADOR,ETIQUETADO,1,37,distancia 2,False
ADMIISTRATIVO,ADMINISTRATIVO,4,769,distancia 1,True
MEVCANICO,MECANICO,1,444,distancia 1,True
COMPESACIONES,COMPENSACIONES,1,62,distancia 1,False
AGREGAD,AGREGADO,1,24,distancia 1,False
RADIOLOGI,RADIOLOGIA,1,15,distancia 1,False
FERTILLIZACION,FERTILIZACION,1,14,distancia 1,False
ANALISTS,ANALISTA,1,3513,distancia 1,True
REGIONNAL,REGIONAL,1,383,fonetica,False
GEENRAL,GENERAL,1,690,distancia 1,True
ESTUDIANTES,ESTUDIANTIL,4,47,distancia 2,False
SGURIDAD,SEGURIDAD,1,957,distancia 1,True
CUADRADOR,CUIDADOR,1,10,distancia 2,True
RECUBRIMIENTOS,REQUERIMIENTOS,1,17,distancia 2,False
OPERAROR,OPERADOR,1,1781,distancia 1,False
ACEDEMICA,ACADEMICA,1,148,distancia 1,True
ORGANIZACIONALES,ORGANIZACIONAL,3,108,distancia 2,False
DETECCION,DIRECCION,6,121,distancia 2,False
IDUSTRIAL,INDUSTRIAL,1,314,distancia 1,False
CENSADOR,CONTADOR,1,105,distancia 2,True
IMPORTA,IMPORT,3,45,distancia 1,False
LABORARORISTA,LABORATORISTA,1,33,distancia 1,False
CAMARAONERA,CAMARONERA,1,20,distancia 1,False
DESCPACHO,DESPACHO,1,119,distancia 1,True
SUBGERNTE,SUBGERENTE,1,429,distancia 1,False
OCUPACIONES,OCUPACIONAL,1,194,distancia 2,False
ASOCIATE,ASSOCIATE,1,83,fonetica,False
ARIADORES,AIREADORES,1,35,distancia 2,True
ELIMPIEZA,LIMPIEZA,1,275,distancia 1,False
CONCERJE,CONSERJE,3,51,fonetica,True
ADMINISTRTAIVA,ADMINISTRATIVA,1,387,distancia 1,True
MAQUINADO,MAQUINA,1,146,distancia 2,False
INFRAESTRUTURA,INFRAESTRUCTURA,2,297,distancia 1,True
SPECIALUST,SPECIALIST,1,409,distancia 1,False
ADMINISTRDOR,ADMINISTRADOR,1,444,distancia 1,True
CUMPLMIENTO,CUMPLIMIENTO,1,134,distancia 1,False
LPIMPIEZA,LIMPIEZA,1,275,distancia 1,True
HIGUIENE,HIGIENE,1,20,distancia 1,False
INDISTRIAL,INDUSTRIAL,1,314,distancia 1,True
PLASTIFICADOR,PLANIFICADOR,2,120,distancia 2,False
SABORISTA,MAYORISTA,2,26,distancia 2,False
POSTCOSEHA,POSTCOSECHA,1,53,distancia 1,True
ASINTENTE,ASISTENTE,1,4835,distancia 1,True
CONTRACION,CONTRATACION,1,15,distancia 2,False
AISITENTE,ASITENTE,2,40,distancia 1,True
MANANGER,MANAGER,1,890,distancia 1,True
COMERCE,COMMERCE,1,35,fonetica,False
CLUMPLIMIENTO,CUMPLIMIENTO,1,134,distancia 1,True
ABSTECIMIENTO,ABASTECIMIENTO,1,123,distancia 1,False
ENSAMBAJE,ENSAMBLAJE,1,13,distancia 1,True
GARENTE,GERENTE,1,2838,distancia 1,False
ASSITENT,ASISTENTE,1,4835,distancia 2,False
DOCUMENTACIONAL,DOCUMENTACION,1,66,distancia 2,True
COORDIANADOR,COORDINADOR,2,4019,distancia 1,True
PINTORES,PINTOR,2,33,distancia 2,False
MAQUILAS,MAQUINAS,5,95,distancia 1,True
COSTAIO,COSTA,1,182,distancia 2,True
ADMMINISTRATIVA,ADMINISTRATIVA,2,387,fonetica,True
DEVELOPMENTE,DEVELOPMENT,1,70,distancia 1,False
ALIMENTADFOR,ALIMENTADOR,1,36,distancia 1,True
INTERIO,INTERNO,1,156,distancia 1,False
COORDIANDOR,COORDINADOR,4,4019,distancia 1,True
BONGUERO,BODEGUERO,1,182,distancia 2,True
CARGADOR2,CARGADORA,1,16,distancia 1,False
AUTORSERVICIOS,AUTOSERVICIOS,1,22,distancia 1,False
POTREROS,PORTERO,2,23,distancia 2,True
PUERTAS,CUENTAS,4,290,distancia 2,True
COMMECIAL,COMMERCIAL,1,78,distancia 1,True
FRANQUICIADOS,FRANQUICIAS,1,13,distancia 2,False
ADYUDANTE,AYUDANTE,1,1333,distancia 1,True
PALNIFICACION,PLANIFICACION,1,382,distancia 1,True
PANALES,CANALES,3,123,distancia 1,True
SUPORT,SUPPORT,3,145,fonetica,False
APLICACI,APLICACION,1,18,distancia 2,False
RESPNSABLE,RESPONSABLE,1,400,distancia 1,False
DIGITADORES,DIGITADOR,1,91,distancia 2,True
ACCIONES,CAMIONES,2,46,distancia 2,False
ESPECIALTY,ESPECIALES,1,86,distancia 2,False
OCUAPCIONAL,OCUPACIONAL,1,194,distancia 1,True
NORMATIVOS,NORMATIVO,1,10,distancia 1,False
AABOGADA,ABOGADA,1,18,fonetica,True
ORGANIZACIO,ORGANIZACION,1,20,distancia 1,False
ADMISNITRATIVA,ADMINISTRATIVA,1,387,distancia 2,True
INFORACION,INFORMACION,1,319,distancia 1,True
COMUNICATION,COMUNICACION,2,324,distancia 1,False
MECAANICA,MECANICA,1,94,fonetica,True
REPRESENANTE,REPRESENTANTE,1,208,distancia 1,True
EXPORTACIONE,EXPORTACIONES,1,71,distancia 1,True
EXTRACTORAS,EXTRACTORA,1,12,distancia 1,False
METALMECANIC,METALMECANICO,2,65,distancia 1,False
PASADOS,PESADOS,4,47,distancia 1,True
INGENERO,INGENIERO,2,704,distancia 1,True
ELECTROMECANI,ELECTROMECANICO,1,37,distancia 2,False
AUDITORES,AUDITOR,2,216,distancia 2,False
AGENTES,AGENTE,7,207,distancia 1,True
ENCALADO,ENCARGADO,1,200,distancia 2,False
PUBLCIAS,PUBLICAS,1,75,distancia 1,False
GENERACI,GENERAL,1,690,distancia 2,False
CIANCIAS,CIENCIAS,1,106,distancia 1,False
CONTBILIDAD,CONTABILIDAD,1,252,distancia 1,True
CONCESIONARIA,CONCESIONARIOS,1,13,distancia 2,False
MONTAGARGA,MONTACARGA,1,35,distancia 1,True
PROYCTOS,PROYECTOS,1,675,distancia 1,True
CUMPLIMENTO,CUMPLIMIENTO,1,134,distancia 1,True
INSFRAESTRUCTURA,INFRAESTRUCTURA,1,297,distancia 1,False
ACCONTING,ACCOUNTING,1,48,distancia 1,True
MERCADEDISTA,MERCADERISTA,1,56,distancia 1,True
SPECIALISTA,ESPECIALISTA,2,1453,distancia 1,True
IMPOTACIONES,IMPORTACIONES,1,155,distancia 1,True
COMMUTY,COMMUNITY,1,40,distancia 2,False
COMMUNNITY,COMMUNITY,1,40,fonetica,True
GERENDE,GERENTE,1,2838,distancia 1,True
PLANIFICIADOR,PLANIFICADOR,1,120,distancia 1,True
CLAREADOR,PLANEADOR,1,20,distancia 2,False
COSNTRUCCIONES,CONSTRUCCIONES,1,17,distancia 1,False
SUPEVISION,SUPERVISION,1,15,distancia 1,False
JEFEE,JEFE,3,5620,fonetica,True
ADMINSTRACION,ADMINISTRACION,3,314,distancia 1,True
INSTALADO,INSTALADOR,1,44,distancia 1,False
COCINCERA,COCINERO,1,62,distancia 2,True
CAMINOS,CAMIONES,1,46,distancia 2,False
ESTRUCTURADO,ESTRUCTURA,2,25,distancia 2,False
COORDINADOTA,COORDINADORA,1,1029,distancia 1,True
LIDERES,LIDER,4,931,distancia 2,True
ADMISTRATIVO,ADMINISTRATIVO,3,769,distancia 2,True
TABAJADOR,TRABAJADOR,2,267,distancia 1,True
EXPERIEN,EXPERIENCE,1,73,distancia 2,False
ASIENTE,ASITENTE,1,40,distancia 1,False
AXULIAR,AUXILIAR,5,2069,distancia 2,True
SUPERVSOR,SUPERVISOR,2,2771,distancia 1,True
VENDEDORES,VENDEDOR,3,460,distancia 2,True
PRORECTOR,PROTECTOR,1,10,distancia 1,True
EINCLUSION,INCLUSION,1,13,distancia 1,False
COORDINADOR2,COORDINADOR,1,4019,distancia 1,True
GESTORIA,GESTORA,2,45,distancia 1,False
MARKETNG,MARKETING,1,694,distancia 1,True
SUBCONTRALOR,SUBCONTADOR,1,10,distancia 2,True
LLANTAS,PLANTAS,1,11,distancia 1,False
ESPECISLISTA,ESPECIALISTA,1,1453,distancia 1,True
RELATIONER,RELACIONES,1,141,distancia 2,False
CONCEJRE,CONSERJE,1,51,distancia 2,True
AMINISTRATIVA,ADMINISTRATIVA,1,387,distancia 1,True
ADMINIS,ADMIN,7,75,distancia 2,True
CONTRATATOS,CONTRATOS,1,59,distancia 2,False
CONTANDOR,CONTADOR,1,105,distancia 1,True
MERCHADISING,MERCHANDISING,1,28,distancia 1,False
SEGUNDOS,SEGUNDO,1,22,distancia 1,False
COORDINDADOR,COORDINADOR,1,4019,distancia 1,True
MAQUNARIA,MAQUINARIA,1,102,distancia 1,True
REGULATORI,REGULATORY,1,36,distancia 1,False
CUMOLIMIENTO,CUMPLIMIENTO,1,134,distancia 1,True
MARKENTIG,MARKETING,2,694,distancia 2,True
RECUADADOR,RECAUDADOR,2,41,distancia 1,True
COMUNICACIONESY,COMUNICACIONES,1,130,distancia 1,False
PRCOESOS,PROCESOS,1,497,distancia 1,False
BIENENSTAR,BIENESTAR,1,115,distancia 1,False
TUTORES,TUTOR,2,40,distancia 2,False
GEOFONO,GEOLOGO,1,28,distancia 2,False
PRODUCTIVOS,PRODUCTOS,8,158,distancia 2,False
ANALIISTA,ANALISTA,1,3513,fonetica,True
GANADEROS,PANADERO,1,23,distancia 2,False
MANENIMIENTO,MANTENIMIENTO,1,978,distancia 1,True
EXPORTAC,EXPORT,3,35,distancia 2,False
ECTRONICA,ELECTRONICA,1,44,distancia 2,True
ESTRUCTURAD,ESTRUCTURA,1,25,distancia 1,False
INFORMATICAS,INFORMATICA,2,65,distancia 1,False
BLIBLIOTECA,BIBLIOTECA,1,30,distancia 1,True
DERECHOS,DERECHO,4,44,distancia 1,False
AUXILIOAR,AUXILIAR,1,2069,distancia 1,True
ADMINISTRCION,ADMINISTRACION,1,314,distancia 1,True
MONTACARGUIST,MONTACARGUISTA,1,62,distancia 1,False
INTEGRADOR,INTEGRADOS,3,37,distancia 1,False
PRESIDENICA,PRESIDENCIA,1,53,distancia 1,False
ADIMINISTRATIVA,ADMINISTRATIVA,1,387,distancia 1,True
OPERARO,OPERARIO,1,397,distancia 1,True
FARMANCIA,FARMACIA,1,72,distancia 1,True
COMERICLA,COMERCIAL,2,1350,distancia 2,True
BOHEGUERO,BODEGUERO,1,182,distancia 1,True
RECAUDADORA,RECAUDADOR,4,41,distancia 1,True
COPORATIVAS,CORPORATIVAS,1,61,distancia 1,True
ANALISTE,ANALISTA,1,3513,distancia 1,True
RETROESCAVADORA,RETROEXCAVADORA,1,17,distancia 1,True
FINANCERO,FINANCIERO,2,362,distancia 1,True
TEGNOLOGICOS,TECNOLOGICOS,1,19,distancia 1,False
CUMPLIMIEMTO,CUMPLIMIENTO,1,134,distancia 1,True
COORDIANDORA,COORDINADORA,2,1029,distancia 1,True
BODEGUER,BODEGUERO,3,182,distancia 1,True
REPESADOR,PESADOR,1,34,distancia 2,True
ORGANIZACIONA,ORGANIZACIONAL,2,108,distancia 1,True
MONITORA,MONITOR,1,45,distancia 1,False
FITOSANITARIOS,FITOSANITARIO,1,17,distancia 1,True
OPERACI,OPERARIO,1,397,distancia 2,False
COSINERA,COCINERO,1,62,distancia 2,False
CONTABILIDD,CONTABILIDAD,1,252,distancia 1,True
RPOFESIONAL,PROFESIONAL,1,127,distancia 1,True
VENDERORA,VENDEDORA,1,45,distancia 1,True
FINANCERIO,FINANCIERO,1,362,distancia 2,True
PRODUCCIONI,PRODUCCION,1,813,distancia 1,True
SOTFWARE,SOFTWARE,1,145,distancia 1,True
RESPUESTAS,REPUESTOS,2,180,distancia 2,False
CONRATACION,CONTRATACION,1,15,distancia 1,True
EXTERIO,EXTERIOR,2,108,distancia 1,True
INFRAESTRUTURE,INFRAESTRUCTURA,1,297,distancia 2,False
DESARROLLADORES,DESARROLLADOR,1,124,distancia 2,True
NORMATIV,NORMATIVA,1,11,distancia 1,False
QCOMMERCE,COMMERCE,2,35,distancia 1,False
TELARISTA,TERAPISTA,1,13,distancia 2,False
CATERIN,MATERIA,1,121,distancia 2,False
MANTENEMIENTO,MANTENIMIENTO,2,978,distancia 1,True
DESARROLLADO,DESARROLLADOR,1,124,distancia 1,False
PLANEADORA,PLANEADOR,2,20,distancia 1,True
PROPIED,PROPIOS,1,25,distancia 2,False
GENERLES,GENERALES,1,273,distancia 1,True
EDUCTIVA,EDUCATIVA,1,22,distancia 1,True
OPTIMISATION,OPTIMIZACION,1,10,distancia 2,False
REABASTECIMIENTO,ABASTECIMIENTO,1,123,distancia 2,False
DESCABEZADAS,DESCABEZADO,1,25,distancia 2,False
ADMNISTARTIVO,ADMINISTRATIVO,1,769,distancia 2,True
REGIONALES,REGIONAL,2,383,distancia 2,False
COCIENERA,COCINERO,1,62,distancia 2,True
ACIMIENTOS,YACIMIENTOS,1,17,distancia 1,False
PROGRAMADOS,PROGRAMADOR,1,103,distancia 1,True
PROCES,PROCESS,1,31,fonetica,False
DISMERO,DISENO,1,239,distancia 2,False
TRASNPORTE,TRANSPORTE,1,158,distancia 1,False
COMERCCIAL,COMERCIAL,1,1350,distancia 1,True
ADMINISRATIVA,ADMINISTRATIVA,1,387,distancia 1,True
RESTROEXCAVADORA,RETROEXCAVADORA,1,17,distancia 1,True
TRACTORES,TRACTOR,2,23,distancia 2,False
ENTRENADORA,ENTRENADOR,4,56,distancia 1,True
ESTRATEGIC,ESTRATEGIA,1,101,distancia 1,False
EJECUITIVO,EJECUTIVO,1,975,distancia 1,False
ENCARGA,ENCARGADO,2,200,distancia 2,False
RRRHH,RRHH,2,137,fonetica,True
CORPORATI,CORPORATE,1,25,distancia 1,False
ENSAQUE,EMPAQUE,4,145,distancia 2,True
ADQUSICIONES,ADQUISICIONES,1,68,distancia 1,True
MERJORA,MEJORA,1,89,distancia 1,False
CUNPLIMIENTO,CUMPLIMIENTO,1,134,distancia 1,True
CONSERJER,CONSERJE,1,51,distancia 1,True
OCUPACIONA,OCUPACIONAL,3,194,distancia 1,True
CNTABLE,CONTABLE,1,393,distancia 1,True
CEINCIAS,CIENCIAS,1,106,distancia 1,False
RECREACIONISTA,RECEPCIONISTA,1,110,distancia 2,False
ESTRATEGIAS,ESTRATEGIA,3,101,distancia 1,False
ACUICULTURA,ACUACULTURA,1,19,distancia 1,False
LAVADORES,LAVADOR,1,24,distancia 2,False
CONSLTORIO,CONSULTORIO,1,32,distancia 1,True
PINTADOR,CONTADOR,1,105,distancia 2,False
CCORDINADORA,COORDINADORA,1,1029,fonetica,False
RECEPCIONIS,RECEPCION,1,154,distancia 2,False
FFINANCIERO,FINANCIERO,1,362,fonetica,True
PRIMERAS,PRIMERA,1,56,distancia 1,False
TRABAJADOE,TRABAJADOR,1,267,distancia 1,False
ORGANIACIONAL,ORGANIZACIONAL,1,108,distancia 1,False
POTSGRADO,POSTGRADO,1,22,distancia 1,False
REPRESENTANTES,REPRESENTANTE,1,208,distancia 1,True
EVENTAS,VENTAS,1,1330,distancia 1,False
COORP,CORP,1,21,fonetica,False
PERFORACIONES,PERFORACION,1,31,distancia 2,False
PESADORES,PESADOS,2,47,distancia 2,False
CORTERO,PORTERO,2,23,distancia 1,True
CHOFERB,CHOFER,1,447,distancia 1,True
ESPECIALITA,ESPECIALISTA,2,1453,distancia 1,True
EMPLEADAS,EMPLEADO,1,23,distancia 2,False
ALIMENTACI,ALIMENTACION,1,28,distancia 2,True
MANTENIMIEN,MANTENIMIENTO,5,978,distancia 2,True
OFICNISTA,OFICINISTA,1,28,distancia 1,True
NACINAL,NACIONAL,1,511,distancia 1,True
ADMINISTRATIV,ADMINISTRATIVO,6,769,distancia 1,True
ANAISTA,ANALISTA,1,3513,distancia 1,True
COLTROL,CONTROL,1,1063,distancia 1,False
DISENADOS,DISENADOR,1,142,distancia 1,False
GAPALAPAGOS,GALAPAGOS,1,16,distancia 2,False
INSTRUMENTACI,INSTRUMENTACION,1,42,distancia 2,False
MONTECARGISTA,MONTACARGUISTA,1,62,distancia 2,True
CARNICA,CLINICA,5,52,distancia 2,False
COORPORATIVAS,CORPORATIVAS,1,61,fonetica,True
OPERACOINES,OPERACIONES,1,1031,distancia 1,True
INTALACIONES,INSTALACIONES,1,53,distancia 1,True
PALANCAS,PLANTAS,1,11,distancia 2,False
TECNICO3,TECNICO,1,2598,distancia 1,True
FARMACEUTI,FARMACEUTICO,1,20,distancia 2,False
ASLBANIL,ALBANIL,1,45,distancia 1,True
ACOUNT,ACCOUNT,1,166,fonetica,False
EMPASTES,EMPAQUES,1,31,distancia 2,False
NACIONA,NACIONAL,1,511,distancia 1,False
ELECTRICAS,ELECTRICO,3,205,distancia 2,False
ASISISTENTE,ASISITENTE,1,13,distancia 1,False
PROGRAMADORA,PROGRAMADOR,4,103,distancia 1,True
ESPACIOS,DESPACHOS,4,47,distancia 2,False
PSICOLOGUE,PSICOLOGO,1,47,distancia 2,True
SECRETAIRE,SECRETARIA,1,305,distancia 2,True
REFACTURACION,FACTURACION,1,221,distancia 2,False
GENRENTE,GERENTE,2,2838,distancia 1,True
CONTRATIACION,CONTRATACION,1,15,distancia 1,False
MAYORDOMOS,MAYORDOMO,1,13,distancia 1,False
ADIMINISTRADOR,ADMINISTRADOR,1,444,distancia 1,True
SERVIOS,SERVICIOS,1,1016,distancia 2,True
CONSUTOR,CONSULTOR,1,195,distancia 1,True
DESCK,DESK,1,50,fonetica,True
ASEGURAMIENT,ASEGURAMIENTO,1,148,distancia 1,False
ADMIISTRACION,ADMINISTRACION,1,314,distancia 1,True
ASISNTENTE,ASISTENTE,2,4835,distancia 1,True
EVALUACI,EVALUACION,1,46,distancia 2,False
INFANTILES,INFANTIL,1,16,distancia 2,False
MONITORISTAS,MONITORISTA,1,21,distancia 1,True
COMPOLETO,COMPLETO,1,162,distancia 1,True
SERVICI,SERVICIO,2,706,distancia 1,False
PROFEDORA,PROFESORA,1,166,distancia 1,False
TRABAJADOIR,TRABAJADOR,1,267,distancia 1,True
VENDEROA,VENDEDOR,1,460,distancia 2,True
PRESCOLAR,PREESCOLAR,1,21,fonetica,True
TECNIDO,TECNICO,1,2598,distancia 1,True
LABORAT,LABORAN,2,30,distancia 1,False
CONBRANZAS,COBRANZAS,1,364,distancia 1,True
ADMINISTRARTIVA,ADMINISTRATIVA,1,387,distancia 1,True
DATTA,DATA,1,149,fonetica,False
ECOMPLIANCE,COMPLIANCE,1,56,distancia 1,False
ELECTRI,ELECTRICO,2,205,distancia 2,True
ADMINISTRATIO,ADMINISTRATIVO,1,769,distancia 1,True
COORDINACIONES,COORDINACION,1,92,distancia 2,True
ADMINISTRAVO,ADMINISTRATIVO,2,769,distancia 2,True
AUTOMATISTA,AUTOMATICA,1,14,distancia 2,False
TRABAJDOR,TRABAJADOR,3,267,distancia 1,True
SALONERA,SALONERO,2,38,distancia 1,True
MANTENINIMIENTO,MANTENIMIENTO,1,978,distancia 2,False
ASEGURAMIETO,ASEGURAMIENTO,1,148,distancia 1,False
SEGUIMIENTOS,SEGUIMIENTO,2,30,distancia 1,False
SERVCIO,SERVICIO,2,706,distancia 1,True
COMPANIAS,CAMPANAS,1,17,distancia 2,False
MANTEMIENTO,MANTENIMIENTO,4,978,distancia 2,True
PRODUUCCION,PRODUCCION,1,813,fonetica,True
DESARRROLLO,DESARROLLO,1,829,fonetica,False
EXPERENCIA,EXPERIENCIA,1,124,distancia 1,True
CREATIVAS,CREATIVO,1,28,distancia 2,False
SOLUTIO,SOLUTION,1,24,distancia 1,False
BACKOFFI,BACKOFFICE,1,26,distancia 2,False
MEETALMECANICA,METALMECANICA,1,33,fonetica,False
TERNEROS,TERCEROS,1,18,distancia 1,False
PROMOTORIA,PROMOTOR,4,79,distancia 2,True
SPECIAIST,SPECIALIST,1,409,distancia 1,False
SEVICIOS,SERVICIOS,2,1016,distancia 1,True
VICEPRESIDNTE,VICEPRESIDENTE,1,77,distancia 1,True
COORDINDORA,COORDINADORA,4,1029,distancia 1,True
REGULATORIA,REGULATORIO,2,35,distancia 1,False
COORDINDADORA,COORDINADORA,2,1029,distancia 1,False
EXPOPRTACIONES,EXPORTACIONES,1,71,distancia 1,True
ADMINSITRADORA,ADMINISTRADORA,1,75,distancia 1,True
TECNICO1,TECNICO,1,2598,distancia 1,True
DIRECCON,DIRECCION,2,121,distancia 1,True
TRABAJANDOR,TRABAJADOR,1,267,distancia 1,True
CAJONES,CAMIONES,2,46,distancia 2,False
CORRDONADORA,COORDINADORA,1,1029,distancia 2,False
INNOVACIONES,INNOVACION,1,169,distancia 2,False
AGREGADOR,AGREGADO,1,24,distancia 1,False
COMUNICACI,COMUNICACION,4,324,distancia 2,True
CREATIVOS,CREATIVO,2,28,distancia 1,False
DUCHERO,COCHERO,1,14,distancia 2,True
ESTERELIZACION,ESTERILIZACION,1,13,distancia 1,True
DURECTORA,DIRECTORA,1,355,distancia 1,True
HALADOR,LAVADOR,2,24,distancia 2,False
CONTROLADOS,CONTROLADOR,1,109,distancia 1,False
ADMNINISTRATIVO,ADMINISTRATIVO,1,769,distancia 1,True
ADMINISTRATITVA,ADMINISTRATIVA,1,387,distancia 1,True
CUSTODI0,CUSTODIO,1,36,distancia 1,True
FACTURACUON,FACTURACION,1,221,distancia 1,True
FACTURAD,FACTURADOR,1,40,distancia 2,True
AYUNDANTE,AYUDANTE,1,1333,distancia 1,True
ENCAJADO,ENCARGADO,2,200,distancia 2,False
SFOTWARE,SOFTWARE,1,145,distancia 1,False
ESTACIONES,ESTACION,4,40,distancia 2,True
FINANCER,FINANCE,1,103,distancia 1,False
SALONES,SALES,1,335,distancia 2,False
INTEGRAD,INTEGRAL,1,83,distancia 1,False
DESARROLLOS,DESARROLLO,5,829,distancia 1,True
TRIBUTARIOS,TRIBUTARIO,1,38,distancia 1,False
HUMALAB,HUMANA,1,62,distancia 2,False
BIOLOGIE,BIOLOGIA,1,25,distancia 1,True
PREPARAOR,PREPARADOR,1,59,distancia 1,False
INFRAESCTRUTURA,INFRAESTRUCTURA,1,297,distancia 2,True
MANAGEM,MANAGER,1,890,distancia 1,False
ASSITANT,ASSISTANT,5,195,distancia 1,True
FARMACE,FARMACIA,1,72,distancia 2,False
BLANCAS,BANCA,2,66,distancia 2,False
ARCHIVOS,ARCHIVO,5,85,distancia 1,True
VICERRENTORA,VICERRECTORA,1,12,distancia 1,True
CONTRUCCION,CONSTRUCCION,2,58,distancia 1,False
CONTADODA,CONTADORA,1,33,distancia 1,True
PAVIMENTOS,ALIMENTOS,1,39,distancia 2,False
INPECTORA,INSPECTORA,1,28,distancia 1,True
APREDIZAJE,APRENDIZAJE,1,41,distancia 1,False
SCANEADOR,PLANEADOR,1,20,distancia 2,True
ESQUINAS,MAQUINAS,1,95,distancia 2,False
HEALT,HEALTH,1,15,fonetica,False
INGENERIO,INGENIERO,1,704,distancia 2,True
PISCOLOGA,PSICOLOGA,2,42,distancia 1,True
FIBRERO,OBRERO,3,235,distancia 2,True
CATEDRA,CARTERA,2,170,distancia 2,False
POSVENTAS,POSVENTA,1,57,distancia 1,False
FRITUTA,FRUTA,1,35,distancia 2,False
COMIDAS,COMPRAS,5,550,distancia 2,False
INFRACTRUCTURA,INFRAESTRUCTURA,1,297,distancia 2,False
CARGADORES,CARGADORA,1,16,distancia 2,False
TEECNICO,TECNICO,1,2598,fonetica,True
MARINEROS,MARINERO,1,35,distancia 1,False
TALANTO,TALENTO,1,353,distancia 1,True
TECNOLOGOS,TECNOLOGO,2,63,distancia 1,True
ADMINITRADORA,ADMINISTRADORA,1,75,distancia 1,True
INFRESTRUCTURA,INFRAESTRUCTURA,3,297,distancia 1,False
CLAVADOR,LAVADOR,1,24,distancia 1,True
ASOCIOS,SOCIOS,1,14,distancia 1,False
TRIPUILANTE,TRIPULANTE,1,37,distancia 1,True
INTALADOR,INSTALADOR,1,44,distancia 1,True
CONTROLADAS,CONTROLADOR,1,109,distancia 2,False
FRANQUICIADO,FRANQUICIAS,1,13,distancia 2,False
DEINTERNACIONAL,INTERNACIONAL,1,62,distancia 2,False
ANALLISTA,ANALISTA,1,3513,distancia 1,True
CONTBLE,CONTABLE,1,393,distancia 1,True
SUPERVISON,SUPERVISOR,2,2771,distancia 1,True
EVALUACIONES,EVALUACION,2,46,distancia 2,True
HERAMIENTAS,HERRAMIENTAS,1,26,fonetica,False
INGENEIRO,INGENIERO,1,704,distancia 1,False
MERCADE,MERCADEO,1,134,distancia 1,True
EJCUTIVO,EJECUTIVO,1,975,distancia 1,True
EMBALAJ,EMBALAJE,1,13,distancia 1,False
ABASTECIMIENNTO,ABASTECIMIENTO,1,123,fonetica,True
SUPERVOSRA,SUPERVISORA,1,226,distancia 2,True
JJEFE,JEFE,1,5620,fonetica,False
ASESORES,ASESOR,6,927,distancia 2,True
COORDINANDOR,COORDINADOR,1,4019,distancia 1,False
OPERTATIVO,OPERATIVO,1,379,distancia 1,True
MANTENIMENTOS,MANTENIMIENTO,1,978,distancia 2,True
PORTABILIDAD,CONTABILIDAD,3,252,distancia 2,True
SECCIONAL,SECCION,1,29,distancia 2,False
CORPORRATIVOS,CORPORATIVOS,1,94,fonetica,True
QUINTOS,QUITO,2,241,distancia 2,False
EJECUTIVAS,EJECUTIVA,1,291,distancia 1,False
DEAPACHADOR,DESPACHADOR,1,86,distancia 1,True
MERCADISTA,MERCADERISTA,2,56,distancia 2,True
MICROCREDITOS,MICROCREDITO,1,13,distancia 1,False
ALARMAS,LARVAS,1,13,distancia 2,False
ENGINNER,ENGINEER,3,225,fonetica,True
ASOCIADAS,ASOCIADO,1,20,distancia 2,False
COODIRNADOR,COODINADOR,1,22,distancia 1,False
CRITICAS,CLINICAS,1,10,distancia 2,False
ADMINISTRATIV0,ADMINISTRATIVO,2,769,distancia 1,True
BASICAS,BASICA,1,105,distancia 1,False
IMPULSADRA,IMPULSADORA,1,21,distancia 1,True
LOGSITICA,LOGISTICA,1,666,distancia 1,True
EXPORTACIO,EXPORTACION,1,58,distancia 1,True
SUPEREVISOR,SUPERVISOR,1,2771,distancia 1,True
TELECOMUINACIONES,TELECOMUNICACIONES,1,58,distancia 2,False
ESPECIALISTD,ESPECIALISTA,1,1453,distancia 1,False
ADMINISTARTIVO,ADMINISTRATIVO,3,769,distancia 1,True
CONSEJE,CONSERJE,3,51,distancia 1,True
TENIDOR,SENIOR,1,1396,distancia 2,True
AUTOMATIZACIONES,AUTOMATIZACION,3,63,distancia 2,True
COMPENSACI,COMPENSACION,1,38,distancia 2,False
PESADAS,PESADOS,1,47,distancia 1,False
YCOBRANZAS,COBRANZAS,1,364,distancia 1,True
DSARRLLO,DESARROLLO,1,829,distancia 2,False
EMPRENDIMIENTOS,EMPRENDIMIENTO,1,27,distancia 1,False
SOFWARE,SOFTWARE,3,145,distancia 1,True
JARDINERAS,JARDINERIA,1,10,distancia 2,True
PRIMARIOS,PRIMARIA,3,44,distancia 2,False
ENGIENEER,ENGINEER,1,225,distancia 1,False
SIERA,SIERRA,1,214,fonetica,True
COODINACION,COORDINACION,1,92,distancia 1,True
RETEAIL,RETAIL,1,101,distancia 1,False
MICROBILOGIA,MICROBIOLOGIA,2,36,distancia 1,True
CONTROLER,CONTROLLER,5,65,distancia 1,True
REQUISICIONES,ADQUISICIONES,1,68,distancia 2,False
CHIOFER,CHOFER,1,447,distancia 1,True
MARKETIN,MARKETING,9,694,distancia 1,True
MAQAUINARIA,MAQUINARIA,1,102,distancia 1,True
LAMINACON,LAMINACION,1,19,distancia 1,False
AUSISTENTE,ASISTENTE,1,4835,distancia 1,True
LIMPEZA,LIMPIEZA,2,275,distancia 1,True
ASISTENRE,ASISTENTE,2,4835,distancia 1,True
EXCECUTIVE,EXECUTIVE,2,81,distancia 1,False
INTELIIGENCE,INTELLIGENCE,1,50,distancia 1,True
IMPORTANCIONES,IMPORTACIONES,2,155,distancia 1,True
COORDINARDOR,COORDINADOR,6,4019,distancia 1,True
ESCENCIAL,ESPECIAL,1,20,distancia 2,False
TIEMPOS,TIEMPO,5,182,distancia 1,False
EJELCUTIVA,EJECUTIVA,1,291,distancia 1,True
CANALIDAD,CALIDAD,2,1020,distancia 2,False
ADMMINISTRATIVO,ADMINISTRATIVO,2,769,fonetica,True
ELETRONICA,ELECTRONICA,1,44,distancia 1,False
ASISTEBTE,ASISTENTE,1,4835,distancia 1,True
MULTIMED,MULTIMEDIA,1,41,distancia 2,True
CORTADORAS,CONTADORA,3,33,distancia 2,False
ENFERMEROS,ENFERMERO,1,15,distancia 1,True
WINCHEROS,WINCHERO,1,14,distancia 1,False
EVALUADORES,EVALUADOR,1,14,distancia 2,False
SUPERIVISOR,SUPERVISOR,1,2771,distancia 1,False
DESARROL,DESARROLLO,2,829,distancia 2,True
ACADEMIAS,ACADEMICA,1,148,distancia 2,True
TRABJADOR,TRABAJADOR,3,267,distancia 1,True
CROBRANZAS,COBRANZAS,2,364,distancia 1,True
DEBODEGA,BODEGA,2,817,distancia 2,True
MINERAS,MINAS,2,46,distancia 2,False
TESOREIA,TESORERIA,1,147,distancia 1,True
ANALITICS,ANALITICA,1,57,distancia 1,False
PROFESOTA,PROFESORA,1,166,distancia 1,True
OPERADOTR,OPERADOR,1,1781,distancia 1,True
SUPERVIROR,SUPERVISOR,1,2771,distancia 1,True
INVESTIGACIONES,INVESTIGACION,7,195,distancia 2,False
AYUDAND,AYUDANDE,1,10,distancia 1,False
MENSAJER,MENSAJERO,1,100,distancia 1,True
TRABAJOR,TRABAJO,3,79,distancia 1,True
PROFESI,PROFESOR,2,222,distancia 2,False
LARVICURLTURA,LARVICULTURA,1,11,distancia 1,False
FACTURADORES,FACTURADOR,1,40,distancia 2,True
PRIMEROS,PRIMERO,1,10,distancia 1,False
GLOBALES,LOCALES,1,46,distancia 2,False
AUXILIAN,AUXILIAR,1,2069,distancia 1,True
VENEDOR,VENDEDOR,1,460,distancia 1,True
MAILLING,BILLING,1,17,distancia 2,False
REFRIGERACIOIN,REFRIGERACION,1,45,distancia 1,True
PREPARADOS,PREPARADOR,1,59,distancia 1,False
DESPACH,DESPACHO,1,119,distancia 1,False
FUIGACION,FUMIGACION,1,28,distancia 1,True
AUDIVISUALES,AUDIOVISUALES,1,18,distancia 1,True
REVISIONES,REVISION,2,24,distancia 2,False
MICROBIOLOGO,MICROBIOLOGIA,1,36,distancia 2,True
ASITSENTE,ASISTENTE,1,4835,distancia 1,True
DIRECCIOM,DIRECCION,1,121,distancia 1,False
INFOTMATICA,INFORMATICA,1,65,distancia 1,False
OCACIONAL,OCASIONAL,1,15,fonetica,True
GERENCI,GERENCIA,2,203,distancia 1,True
LABORATO,LABORAN,3,30,distancia 2,False
MACANICA,MECANICA,1,94,distancia 1,True
INFRAESTRUCTUR,INFRAESTRUCTURA,1,297,distancia 1,False
PASTELER,PASTELERO,1,32,distancia 1,False
ENFERMEDA,ENFERMERA,1,65,distancia 1,True
FERMERIA,ENFERMERIA,1,130,distancia 2,True
PIBLICAS,PUBLICAS,1,75,distancia 1,True
DATAOPS,DATOS,1,305,distancia 2,False
CONTROLADORES,CONTROLADOR,5,109,distancia 2,True
EXTUSION,EXTRUSION,1,28,distancia 1,True
CAJEROS,CAJERO,8,104,distancia 1,True
AXILIAR,AUXILIAR,3,2069,distancia 1,True
EXPERICIENCIA,EXPERIENCIA,1,124,distancia 2,False
COORPORATIVA,CORPORATIVA,1,91,fonetica,True
PSICOLAGA,PSICOLOGA,1,42,distancia 1,True
ADMINISTRIVA,ADMINISTRATIVA,1,387,distancia 2,True
FACTURADOOR,FACTURADOR,1,40,fonetica,True
ASISTETEN,ASISTENTE,1,4835,distancia 2,True
COORPORATIVOS,CORPORATIVOS,1,94,fonetica,False
LIMPIZA,LIMPIEZA,1,275,distancia 1,True
ADMINISTRITO,ADMINISTRATOR,1,15,distancia 2,False
PROGRAMACIONES,PROGRAMACION,1,47,distancia 2,False
DOSIFICADORA,DOSIFICADOR,1,18,distancia 1,False
CARPETAS,TARJETAS,1,30,distancia 2,False
YCOMPRAS,COMPRAS,1,550,distancia 1,False
VICEREECTORA,VICERRECTORA,1,12,fonetica,True
TELECOMUNICACIONE,TELECOMUNICACIONES,1,58,distancia 1,True
COMPLIENCE,COMPLIANCE,1,56,distancia 1,False
AUDITORIAS,AUDITORIA,6,204,distancia 1,True
OPTIMIZACIONES,OPTIMIZACION,1,10,distancia 2,True
DESARROLLDOR,DESARROLLADOR,1,124,distancia 1,False
EXPERIENC,EXPERIENCE,1,73,distancia 1,False
COMERCI,COMERCIO,4,125,distancia 1,False
RETROEXCAVADOR,RETROEXCAVADORA,1,17,distancia 1,False
PIMPIEZA,LIMPIEZA,1,275,distancia 1,True
LOGISTTICA,LOGISTICA,1,666,fonetica,True
COMERCIONAL,COMERCIAL,1,1350,distancia 2,True
REGULAORIOS,REGULATORIOS,1,105,distancia 1,False
COOPERATIVAS,CORPORATIVAS,3,61,distancia 2,False
HUMANIDES,HUMANIDADES,1,30,distancia 2,False
TRAJADORA,TRABAJADORA,1,29,distancia 2,True
MANTENIMENTO,MANTENIMIENTO,5,978,distancia 1,True
UPERVISORES,SUPERVISORES,1,19,distancia 1,False
EJECTIVO,EJECUTIVO,1,975,distancia 1,False
MUESTREOS,MUESTREO,1,13,distancia 1,False
FINANCIAMIENTOS,FINANCIAMIENTO,1,12,distancia 1,False
ANLISTA,ANALISTA,3,3513,distancia 1,True
BASALES,SALES,1,335,distancia 2,False
ADMINISTRACI,ADMINISTRACION,3,314,distancia 2,True
CONTINUAS,CONTINUA,1,112,distancia 1,False
ADMINISTRATIVAS,ADMINISTRATIVA,8,387,distancia 1,False
SOFTWAR,SOFTWARE,1,145,distancia 1,False
HEBILLAS,SEMILLAS,1,18,distancia 2,False
TENCICO,TECNICO,2,2598,distancia 1,True
COMERCIALE,COMERCIAL,1,1350,distancia 1,False
DESCARTONADO,ENCARTONADO,1,22,distancia 2,False
DIGITALE,DIGITAL,1,289,distancia 1,False
EMSAMBLE,ENSAMBLE,1,19,distancia 1,True
REDEROS,REDES,3,178,distancia 2,True
REPROCESO,PROCESO,8,103,distancia 2,False
CUSTODIOS,CUSTODIO,2,36,distancia 1,False
GENARAL,GENERAL,1,690,distancia 1,True
HUIMANO,HUMANO,1,336,distancia 1,True
NEGOSCIOS,NEGOCIOS,1,492,fonetica,False
ROYECTOS,PROYECTOS,1,675,distancia 1,True
SERIVIOS,SERVICIOS,1,1016,distancia 2,True
TELECOMUNCACIONES,TELECOMUNICACIONES,1,58,distancia 1,False
COMINICACION,COMUNICACION,1,324,distancia 1,False
INSPECTORES,INSPECTOR,8,290,distancia 2,True
IMPLEMENTACIONES,IMPLEMENTACION,4,53,distancia 2,True
HUAMANO,HUMANO,1,336,distancia 1,True
EMPRESARIOS,EMPRESARIAL,1,58,distancia 2,False
DEDESARROLLO,DESARROLLO,1,829,distancia 2,False
CANTEADOR,CONTADOR,1,105,distancia 2,True
NACIONALE,NACIONAL,1,511,distancia 1,False
ADMINITRADOR,ADMINISTRADOR,3,444,distancia 1,True
HOTELES,HOTEL,1,14,distancia 2,False
ADMIISTRATIV,ADMINISTRATIVO,1,769,distancia 2,True
MARITIMOS,MARITIMO,1,16,distancia 1,False
AUTOMATI,AUTOMATICA,1,14,distancia 2,False
ELECTICOS,ELECTRICO,1,205,distancia 2,False
TRABAJADRO,TRABAJADOR,4,267,distancia 1,True
MICROBIOLOGA,MICROBIOLOGIA,2,36,distancia 1,True
EFEFMERA,ENFERMERA,1,65,distancia 2,True
DARIOLOGO,RADIOLOGO,1,13,distancia 2,True
GERETNE,GERENTE,1,2838,distancia 1,True
FORMATIVOS,NORMATIVO,1,10,distancia 2,False
CONTABE,CONTABLE,1,393,distancia 1,True
GERENCA,GERENCIA,1,203,distancia 1,True
CAMPAMENTERO,CAMPAMENTO,3,35,distancia 2,False
DOCNETE,DOCENTE,2,503,distancia 1,False
MANAGGER,MANAGER,1,890,distancia 1,True
MECANIC,MECANICO,2,444,distancia 1,True
ANALITI,ANALISTA,1,3513,distancia 2,False
COMPUTACIУN,COMPUTACION,1,33,distancia 1,False
BODEGERO,BODEGUERO,1,182,distancia 1,True
CONTABILIADAD,CONTABILIDAD,1,252,distancia 1,True
ANSISTENTE,ASISTENTE,1,4835,distancia 1,True
TRABAJJOR,TRABAJADOR,1,267,distancia 2,True
DIRECTOS,DIRECTOR,6,979,distancia 1,False
SAVITAL,CAPITAL,1,14,distancia 2,False
CONTADOARA,CONTADORA,1,33,distancia 1,True
EXTRUSI,EXTRUSION,1,28,distancia 2,False
COMUNIACION,COMUNICACION,1,324,distancia 1,False
ADMINSITRATIVO,ADMINISTRATIVO,9,769,distancia 1,True
AHUMADOR,ARMADOR,1,25,distancia 2,True
ENGENIER,INGENIERO,2,704,distancia 2,False
CONSULTORAS,CONSULTOR,3,195,distancia 2,False
AUXILLIAR,AUXILIAR,1,2069,distancia 1,True
CATEGOR,CATEGORY,2,23,distancia 1,False
LOGISTA,LOGISTICA,1,666,distancia 2,False
TORNEOS,TORNERO,2,25,distancia 2,False
MEDIOAM,MEDIOS,1,123,distancia 2,False
REEMPACADOR,EMPACADOR,1,26,distancia 2,True
MANAGET,MANAGER,1,890,distancia 1,True
ENTIDADES,UNIDADES,1,19,distancia 2,False
JEFFE,JEFE,1,5620,fonetica,True
INFOMATICO,INFORMATICO,1,21,distancia 1,False
AUTOSERVCIOS,AUTOSERVICIOS,1,22,distancia 1,False
OCUPCIONAL,OCUPACIONAL,1,194,distancia 1,True
ADMINISITRATIVO,ADMINISTRATIVO,1,769,distancia 1,True
INSDUSTRIAL,INDUSTRIAL,2,314,distancia 1,True
AGRONOMOS,AGRONOMO,1,11,distancia 1,True
LOGISTCA,LOGISTICA,2,666,distancia 1,True
TORNEROS,TORNERO,1,25,distancia 1,True
SUPERTINTENDENTE,SUPERINTENDENTE,1,109,distancia 1,True
MATEMATOCAS,MATEMATICAS,1,37,distancia 1,False
MEDIDAS,MEDIOS,2,123,distancia 2,False
PRODUCCIO,PRODUCCION,4,813,distancia 1,True
SOLDADORA,SOLDADOR,2,90,distancia 1,True
ESENCIALES,ESPECIALES,1,86,distancia 2,False
ESPECIALIST,ESPECIALISTA,2,1453,distancia 1,False
QUIMICAS,QUIMICA,1,23,distancia 1,False
PLANIFICACCION,PLANIFICACION,1,382,distancia 1,True
GUARDIANES,GUARDIAN,1,14,distancia 2,False
COMERCIALIZACI,COMERCIALIZACION,1,33,distancia 2,True
ANGELES,INGLES,1,105,distancia 2,False
ENFERMERAS,ENFERMERA,5,65,distancia 1,True
ACCESORIOAS,ACCESORIOS,1,47,distancia 1,True
COBRAZAS,COBRANZAS,2,364,distancia 1,True
AUTOMOTIZ,AUTOMOTRIZ,1,93,distancia 1,True
CONTENED,CONTENIDO,2,45,distancia 2,False
REINGRESOS,INGRESOS,1,35,distancia 2,False
EJECUTIV,EJECUTIVO,2,975,distancia 1,True
CLASIFICADAS,CLASIFICADOR,1,20,distancia 2,False
LEGALES,LEGAL,6,230,distancia 2,False
OPERATIV,OPERATIVO,1,379,distancia 1,True
ASSISTENTE,ASISTENTE,5,4835,fonetica,False
CATEGORI,CATEGORIA,1,160,distancia 1,True
AUDIOLOGIA,RADIOLOGIA,1,15,distancia 2,False
EJECTUTIVA,EJECUTIVA,1,291,distancia 1,False
PLANIFICACIO,PLANIFICACION,1,382,distancia 1,True
AFFINES,AFINES,1,58,fonetica,True
JURIDICAS,JURIDICO,2,88,distancia 2,False
ANDINOS,ANDINA,1,25,distancia 2,False
TECNOLOGI,TECNOLOGIA,1,254,distancia 1,False
DOCUMENTACIOON,DOCUMENTACION,1,66,fonetica,True
REPARACON,REPARACION,1,21,distancia 1,False
OPERATICA,OPERATIVA,1,61,distancia 1,True
GESTORES,GESTOR,1,453,distancia 2,False
ASEGURAMEINTO,ASEGURAMIENTO,1,148,distancia 1,False
AYUNATE,AYUDANTE,1,1333,distancia 2,True
CONTROLLONG,CONTROLLING,1,17,distancia 1,False
TRABAJAJOR,TRABAJADOR,1,267,distancia 1,True
SPECIALIS,SPECIALIST,4,409,distancia 1,True
VENDERDOR,VENDEDOR,2,460,distancia 1,True
TRADICIO,TRAFICO,1,44,distancia 2,False
PROFLORA,PROFESORA,1,166,distancia 2,False
ADMINISTRADORES,ADMINISTRADOR,2,444,distancia 2,True
RECEPCINISTA,RECEPCIONISTA,1,110,distancia 1,True
EXPORTACI,EXPORTACION,1,58,distancia 2,False
ACADEMICAS,ACADEMICA,6,148,distancia 1,False
CREDIORO,CREDITO,2,472,distancia 2,True
BARISMO,TURISMO,1,14,distancia 2,False
MEDICINAS,MEDICINA,2,37,distancia 1,False
REPONSABLE,RESPONSABLE,2,400,distancia 1,True
ESTERILIZ,ESTERILES,1,16,distancia 2,False
SEGURIDA,SEGURIDAD,3,957,distancia 1,True
LOGISITICA,LOGISTICA,1,666,distancia 1,True
JALADOR,LAVADOR,2,24,distancia 2,False
ASISTANCE,ASISTENTE,1,4835,distancia 2,False
CAMARONEROS,CAMARONERA,1,20,distancia 2,False
AYUDATE,AYUDANTE,1,1333,distancia 1,True
IMPORTACIONESS,IMPORTACIONES,1,155,fonetica,True
MINERALES,GENERALES,2,273,distancia 2,False
PSICOOGA,PSICOLOGA,1,42,distancia 1,True
MELAMINAS,LAMINAS,1,10,distancia 2,False
CLASIFICADORES,CLASIFICADOR,2,20,distancia 2,True
ACENTADOR,CONTADOR,1,105,distancia 2,True
ECOLOGO,TECNOLOGO,3,63,distancia 2,False
PERCHERA,TERCERA,3,43,distancia 2,False
EMPACADORES,EMPACADOR,2,26,distancia 2,False
ADNMINISTRACION,ADMINISTRACION,1,314,distancia 1,False
ASISTENT,ASISTENTE,4,4835,distancia 1,True
ADMINISTARTIVA,ADMINISTRATIVA,1,387,distancia 1,False
ONELINE,ONLINE,1,82,distancia 1,False
CONTABLE2,CONTABLE,1,393,distancia 1,True
CONTNIUA,CONTINUA,1,112,distancia 1,False
GENRALES,GENERALES,1,273,distancia 1,True
INFLUCENCERS,INFLUENCER,1,12,distancia 2,False
ADMINISTRATITA,ADMINISTRATIVA,1,387,distancia 1,True
OFISINISTA,OFICINISTA,1,28,fonetica,True
METROLGIA,METROLOGIA,1,15,distancia 1,False
LAVADORAS,LAVADOR,1,24,distancia 2,False
SUPERVIDSOR,SUPERVISOR,1,2771,distancia 1,True
AUXILAR,AUXILIAR,6,2069,distancia 1,True
SUMINISTR,SUMINISTRO,1,30,distancia 1,False
SUPERVISPR,SUPERVISOR,1,2771,distancia 1,True
TERAPIASTA,TERAPISTA,1,13,distancia 1,True
SERIVCIOS,SERVICIOS,1,1016,distancia 1,True
AYUDAMNTE,AYUDANTE,1,1333,distancia 1,True
CONTABILI,CONTABLE,2,393,distancia 2,False
FINALIN,FINAN,1,12,distancia 2,False
CORPORATIV0,CORPORATIVO,1,297,distancia 1,False
IMPORTACIO,IMPORTACION,3,42,distancia 1,True
CLASFICIADOR,CLASIFICADOR,1,20,distancia 2,True
ELEMENTOS,ELEMENTAL,1,62,distancia 2,False
EMPLEADOS,EMPLEADO,2,23,distancia 1,True
METLAMECANICA,METALMECANICA,1,33,distancia 1,True
PREPARACON,PREPARACION,1,36,distancia 1,False
OPERAIONES,OPERACIONES,1,1031,distancia 1,True
ADMNISTRADORA,ADMINISTRADORA,1,75,distancia 1,True
HELADER,LEADER,1,150,distancia 2,False
TESORIRIA,TESORERIA,1,147,distancia 1,False
VINCULACON,VINCULACION,1,43,distancia 1,False
MATEMБTRICAS,MATEMATICAS,1,37,distancia 2,False
COORDINAROR,COORDINADOR,1,4019,distancia 1,True
COMERCIALIZ,COMERCIAL,1,1350,distancia 2,False
INNOCUIDAD,INOCUIDAD,1,18,fonetica,False
OBREERO,OBRERO,1,235,fonetica,True
PRESTADOS,PESADOS,1,47,distancia 2,False
INSTRUCTORES,INSTRUCTOR,1,37,distancia 2,True
INFRAESTRCTURA,INFRAESTRUCTURA,2,297,distancia 1,False
ADQUISIONES,ADMISIONES,6,85,distancia 2,True
REFINANCIAMIENTO,FINANCIAMIENTO,1,12,distancia 2,False
VENTANAS,VENTAS,1,1330,distancia 2,False
MARKTETING,MARKETING,1,694,distancia 1,True
TELEVENTA,TELEVENTAS,2,21,distancia 1,True
ASTENTE,ASITENTE,1,40,distancia 1,False
EJECIUTIVO,EJECUTIVO,1,975,distancia 1,True
ESTRATEGI,ESTRATEGIA,1,101,distancia 1,True
ACCOUNTIN,ACCOUNTING,2,48,distancia 1,True
PARTHER,PARTNER,1,143,distancia 1,False
TTTHH,T,1,87,fonetica,False
ASEGURIMIENTO,ASEGURAMIENTO,1,148,distancia 1,False
TEGNOLOGIA,TECNOLOGIA,7,254,distancia 1,True
CUMPLIMINETO,CUMPLIMIENTO,1,134,distancia 1,True
ADMINISTRATATIVA,ADMINISTRATIVA,1,387,distancia 2,True
INFRAESTRUCTU,INFRAESTRUCTURA,1,297,distancia 2,True
ADMINISTRTIVO,ADMINISTRATIVO,2,769,distancia 1,True
FINANCIER0,FINANCIERO,1,362,distancia 1,True
INCLUSIVOS,INCLUSION,1,13,distancia 2,False
LOSGISTICA,LOGISTICA,1,666,distancia 1,True
ADMINSITRATIVA,ADMINISTRATIVA,4,387,distancia 1,True
CHATERO,CAJERO,1,104,distancia 2,True
ACADEMI,ACADEMICA,1,148,distancia 2,False
RECIBIDO,RECIBIDOR,1,31,distancia 1,False
COMUINICACION,COMUNICACION,1,324,distancia 1,False
MAYORES,MAYOR,1,38,distancia 2,False
OPERTIVO,OPERATIVO,1,379,distancia 1,True
GERENCIALES,GERENCIAL,1,23,distancia 2,False
TROQUELERO,TROQUELES,1,10,distancia 2,False
FARMACEUTICOS,FARMACEUTICO,2,20,distancia 1,False
ENFERMERI,ENFERMERIA,1,130,distancia 1,True
MASTERADO,MASTERIZADO,1,15,distancia 2,True
IMPRESIONJ,IMPRESION,1,31,distancia 1,True
RESPOSABLE,RESPONSABLE,2,400,distancia 1,False
PINTURAS,PINTURA,3,41,distancia 1,False
PREVIOS,PRECIOS,3,40,distancia 1,False
ADMINSITARTIVO,ADMINISTRATIVO,1,769,distancia 2,True
AUTOMATIZACIO,AUTOMATIZACION,1,63,distancia 1,True
SERETARIA,SECRETARIA,1,305,distancia 1,True
RAITING,RENTING,1,16,distancia 2,False
VETTERINARIO,VETERINARIO,1,15,fonetica,False
REAPLICACIONES,APLICACIONES,1,122,distancia 2,False
OPERDOR,OPERADOR,2,1781,distancia 1,True
ASEGURAMIENO,ASEGURAMIENTO,1,148,distancia 1,True
PRODUCC,PRODUCT,9,114,distancia 1,False
ASUGUARMIENTO,ASEGURAMIENTO,1,148,distancia 2,True
COBRRANZA,COBRANZA,1,150,fonetica,True
INTEGRADAS,INTEGRADOS,2,37,distancia 1,False
CYBERSEGURIDAD,CIBERSEGURIDAD,5,55,distancia 1,True
TRACTORISTAS,TRACTORISTA,1,13,distancia 1,True
PREVENTAS,PREVENTA,2,46,distancia 1,True
VERIFICADORES,VERIFICADOR,1,37,distancia 2,False
CAMALES,CANALES,1,123,distancia 1,False
ELETROMECANICOS,ELECTROMECANICO,1,37,distancia 2,True
MARKETINF,MARKETING,1,694,distancia 1,True
AYUDANTDE,AYUDANTE,1,1333,distancia 1,True
ESPECILISTA,ESPECIALISTA,1,1453,distancia 1,True
AUXILIR,AUXILIAR,2,2069,distancia 1,True
ASSISTAN,ASSISTANT,2,195,distancia 1,True
ENFERMER,ENFERMERA,1,65,distancia 1,False
INSTITUCIONALE,INSTITUCIONAL,1,95,distancia 1,False
PESADORAS,PESADOS,1,47,distancia 2,False
ACLIMATIZACION,CLIMATIZACION,1,18,distancia 1,False
ENCARGARDO,ENCARGADO,2,200,distancia 1,False
VERSIONES,INVERSIONES,1,33,distancia 2,False
DESARROLALDOR,DESARROLLADOR,1,124,distancia 1,True
SANEADOR,PLANEADOR,2,20,distancia 2,True
APRENDUZAJE,APRENDIZAJE,1,41,distancia 1,False
MAQUINARA,MAQUINARIA,1,102,distancia 1,False
MARCAJE,MARCA,4,96,distancia 2,True
ADMNISTRACION,ADMINISTRACION,3,314,distancia 1,True
CUARATO,CUARTO,1,24,distancia 1,False
COMPUTA,COMPUTO,1,14,distancia 1,False
MANTEIMIENTO,MANTENIMIENTO,1,978,distancia 1,False
DESARROLL,DESARROLLO,4,829,distancia 1,True
IMPORTACIONE,IMPORTACIONES,1,155,distancia 1,True
PEDAGOGA,PEDAGOGICA,1,16,distancia 2,False
EEEEE,E,1,685,fonetica,False
TURISMP,TURISMO,1,14,distancia 1,False
ARENADOR,ARMADOR,2,25,distancia 2,True
RECEPCIONIST,RECEPCIONISTA,1,110,distancia 1,True
DESARROLO,DESARROLLO,5,829,distancia 1,True
ADMINISTRATIIVA,ADMINISTRATIVA,1,387,fonetica,True
RADIOLOGA,RADIOLOGIA,1,15,distancia 1,False
DOCUMENTARIO,DOCUMENTACION,1,66,distancia 2,False
LEGADOS,PESADOS,1,47,distancia 2,False
ADMINSIONISTA,ADMISIONISTA,1,11,distancia 1,True
FINANCIE,FINANCE,5,103,distancia 1,False
PASTELEROS,PASTELERO,3,32,distancia 1,False
ENTIBADO,ESTIBADOR,1,46,distancia 2,False
CONTROLADORA,CONTROLADOR,3,109,distancia 1,False
SOLDADORES,SOLDADOR,3,90,distancia 2,True
REPRESENTANTIVE,REPRESENTATIVE,1,77,distancia 1,True
FACTURARADOR,FACTURADOR,1,40,distancia 2,True
PRODUCCCION,PRODUCCION,2,813,fonetica,True
CUMPLIMIENTOS,CUMPLIMIENTO,2,134,distancia 1,True
SISTERMAS,SISTEMAS,1,415,distancia 1,False
SEPERVISOR,SUPERVISOR,1,2771,distancia 1,True
APLIZACIONES,APLICACIONES,1,122,distancia 1,False
COORDDINADOR,COORDINADOR,1,4019,fonetica,True
PASIVOS,MASIVOS,4,50,distancia 1,False
AUTOMATIZ,AUTOMOTRIZ,1,93,distancia 2,False
ASISNTE,ASISTENTE,3,4835,distancia 2,True
AUTODITORA,AUDITORA,1,24,distancia 2,True
CANALEROS,CANALES,1,123,distancia 2,False
CAPACITACIONES,CAPACITACION,6,83,distancia 2,True
AMDINISTRATIVOS,ADMINISTRATIVOS,1,25,distancia 1,False
RESPUESTOS,REPUESTOS,4,180,distancia 1,True
CLOSTERO,CLUSTER,1,25,distancia 2,False
EXEMPLEADO,EMPLEADO,1,23,distancia 2,True
ADMINISTRAIVO,ADMINISTRATIVO,2,769,distancia 1,True
POSVENT,POSVENTA,1,57,distancia 1,False
ASISTENCAL,ASISTENCIA,1,39,distancia 2,False
ANALITYCS,ANALITICA,2,57,distancia 2,False
PAGARES,PAGAR,3,38,distancia 2,False
RAMADAS,CAMARAS,1,22,distancia 2,False
ALBANIN,ALBANIL,1,45,distancia 1,False
ENCARTONADORA,ENCARTONADO,2,22,distancia 2,False
CONSTITUCIONALES,INSTITUCIONALES,1,27,distancia 2,False
ACCCIONISTA,VACACIONISTA,1,10,distancia 2,True
ELECTRICOS,ELECTRICO,7,205,distancia 1,True
SANITIACION,SANITIZACION,1,35,distancia 1,True
TRABAJORA,TRABAJO,2,79,distancia 2,True
ASEGURAMIENTA,ASEGURAMIENTO,1,148,distancia 1,True
ASISTENETE,ASISTENTE,6,4835,distancia 1,True
MECANISTA,MECANICA,1,94,distancia 2,True
ADMISINISTA,ADMISIONISTA,1,11,distancia 1,True
ADMINSTRADORA,ADMINISTRADORA,2,75,distancia 1,True
COMUNICACN,COMUNICACION,1,324,distancia 2,False
PLNIFICACION,PLANIFICACION,1,382,distancia 1,False
ROTATIVOS,ROTATIVO,1,15,distancia 1,False
OBJETOS,OBREROS,1,10,distancia 2,False
MONITORES,MONITOREO,1,154,distancia 1,True
INVESTIVACION,INVESTIGACION,1,195,distancia 1,True
ADMNISTRATIVO,ADMINISTRATIVO,7,769,distancia 1,True
TRANAJADOR,TRABAJADOR,2,267,distancia 1,True
PISCOLOGO,PSICOLOGO,1,47,distancia 1,True
VISITADORES,VISITADOR,1,81,distancia 2,True
ENGIENER,ENGINEER,1,225,distancia 1,False
TRAFFICK,TRAFICO,1,44,distancia 2,False
SUPERISOR,SUPERVISOR,1,2771,distancia 1,True
INSPECTADOR,INSPECTOR,1,290,distancia 2,True
BIOLOGA,BIOLOGIA,2,25,distancia 1,False
CAMPAMEN,CAMPAMENTO,1,35,distancia 2,False
SUPERIVOR,SUPERIOR,1,70,distancia 1,False
CALIDADY,CALIDAD,1,1020,distancia 1,True
ORGANZACIONAL,ORGANIZACIONAL,1,108,distancia 1,False
OPREADOR,OPERADOR,2,1781,distancia 1,True
MICREDITO,CREDITO,1,472,distancia 2,True
PLANIFICACI,PLANIFICACION,4,382,distancia 2,False
LIDEER,LIDER,1,931,fonetica,False
TRBAJADOR,TRABAJADOR,2,267,distancia 1,True
PROIVEEDURIA,PROVEEDURIA,1,16,distancia 1,True
MANTENIMIENT,MANTENIMIENTO,3,978,distancia 1,True
COODINATOR,COORDINATOR,1,241,distancia 1,True
ODONTOLOGOS,ODONTOLOGIA,2,21,distancia 2,False
BOODEGA,BODEGA,1,817,fonetica,False
MENSAJERRO,MENSAJERO,1,100,fonetica,True
ANALITICAS,ANALITICA,1,57,distancia 1,False
FACULTA,FACULTAD,1,56,distancia 1,True
DISTIBUCION,DISTRIBUCION,1,201,distancia 1,True
INTERFAZ,INTERNA,1,79,distancia 2,False
CANUTERA,CARTERA,1,170,distancia 2,False
PERFORACI,PERFORACION,2,31,distancia 2,True
HADWARE,HARDWARE,1,25,distancia 1,False
ASEADOR,ASESOR,7,927,distancia 2,False
ORALIDAD,CALIDAD,1,1020,distancia 2,False
REMISIONES,EMISIONES,1,14,distancia 1,False
CORRDINADOR,COORDINADOR,4,4019,fonetica,True
INFORMATI,INFORMATICA,1,65,distancia 2,False
ADITIVOS,ACTIVOS,7,87,distancia 2,True
ELECTRONI,ELECTRONICO,2,55,distancia 2,False
MAQUINARIAS,MAQUINARIA,8,102,distancia 1,True
RECEPECIONISTA,RECEPCIONISTA,1,110,distancia 1,True
TELEMARCADEO,TELEMERCADEO,1,15,distancia 1,False
DECISIONES,EMISIONES,1,14,distancia 2,False
SANITACION,SANITIZACION,2,35,distancia 2,False
ANALIYST,ANALYST,1,388,distancia 1,True
FINACIERO,FINANCIERO,6,362,distancia 1,True
DIGUITADOR,DIGITADOR,1,91,distancia 1,True
FIANCIERO,FINANCIERO,1,362,distancia 1,False
VEHICULOAS,VEHICULOS,1,89,distancia 1,False
ASSURAN,ASSURANCE,2,40,distancia 2,False
VOLQUETAS,VOLQUETA,2,47,distancia 1,True
LOGISTIGA,LOGISTICA,1,666,distancia 1,True
INTERNACI,INTERNA,1,79,distancia 2,False
ACOOUNT,ACCOUNT,1,166,fonetica,True
SALIDAS,CALIDAD,1,1020,distancia 2,True
TELEMERCADE,TELEMERCADEO,1,15,distancia 1,False
EMFERMERO,ENFERMERO,1,15,distancia 1,False
ADMISITRADOR,ADMINISTRADOR,1,444,distancia 2,True
ETIQUET,ETIQUETAS,1,21,distancia 2,False
CONGRESOS,INGRESOS,1,35,distancia 2,False
ADMINISTRATIBA,ADMINISTRATIVA,1,387,fonetica,True
CONSULTORIOS,CONSULTORIO,2,32,distancia 1,False
GERENTEE,GERENTE,1,2838,fonetica,True
FINANCOERA,FINANCIERA,1,239,distancia 1,True
TIERRAS,SIERRA,4,214,distancia 2,False
COBRANA,COBRANZA,1,150,distancia 1,True
CAFETETIA,CAFETERIA,1,29,distancia 1,False
SUPERVISOS,SUPERVISOR,1,2771,distancia 1,True
REGULATORIAS,REGULATORIOS,6,105,distancia 1,False
VENETAL,VEGETAL,1,15,distancia 1,False
SUSCRPCION,SUSCRIPCION,1,28,distancia 1,False
LABORATORITO,LABORATORIO,1,268,distancia 1,True
ADMINISRATIVO,ADMINISTRATIVO,1,769,distancia 1,True
ASISENTE,ASISTENTE,4,4835,distancia 1,True
LABORISTA,MAYORISTA,1,26,distancia 2,False
SUBGERENTEY,SUBGERENTE,1,429,distancia 1,False
LABORATOR,LABORATORIO,1,268,distancia 2,True
MERCHANDAISING,MERCHANDISING,1,28,distancia 1,True
TIZADOR,MIRADOR,1,17,distancia 2,True
INVENATRIO,INVENTARIO,1,90,distancia 1,False
MERCANICA,MECANICA,1,94,distancia 1,True
COCINEROS,COCINERO,3,62,distancia 1,True
DESARROLLADORA,DESARROLLADOR,5,124,distancia 1,True
SONDAJE,MONTAJE,1,39,distancia 2,False
ENFERMIRIA,ENFERMERIA,1,130,distancia 1,True
MOSOTRADOR,MOSTRADOR,1,47,distancia 1,True
SICOLOGA,PSICOLOGA,3,42,distancia 1,True
NUTRICINISTA,NUTRICIONISTA,1,12,distancia 1,True
SUPERSOR,SUPERIOR,1,70,distancia 1,False
IMPORTAC,IMPORT,3,45,distancia 2,False
ASIETENTE,ASISTENTE,1,4835,distancia 1,True
ADDMINISTRADOR,ADMINISTRADOR,1,444,fonetica,False
MARKETI,MARKET,2,51,distancia 1,False
SECRETIARIA,SECRETARIA,1,305,distancia 1,False
REPRESENTATI,REPRESENTANTE,2,208,distancia 2,False
DESAROLLADOR,DESARROLLADOR,4,124,fonetica,True
REPARADORES,REPARADOR,1,16,distancia 2,False
PATENTES,PACIENTES,1,15,distancia 2,False
PRINCING,PRICING,2,53,distancia 1,False
SUERVISOR,SUPERVISOR,1,2771,distancia 1,True
PROCESADOS,PROCESOS,1,497,distancia 2,False
ARRUMADOR,ARMADOR,1,25,distancia 2,True
PROTECCIONES,PROTECCION,1,72,distancia 2,False
CALIBRADORES,CALIBRADOR,1,11,distancia 2,True
GARITERA,CARTERA,1,170,distancia 2,True
TRIMADOR,ARMADOR,1,25,distancia 2,True
ASISTANT,ASSISTANT,2,195,fonetica,False
ALCLIENTE,CLIENTE,2,498,distancia 2,False
MONATJE,MONTAJE,1,39,distancia 1,True
DEARTAMENTO,DEPARTAMENTO,1,88,distancia 1,False
OPERAICONES,OPERACIONES,1,1031,distancia 1,True
CARTONES,CAMIONES,1,46,distancia 2,False
ADMINISTADORA,ADMINISTRADORA,5,75,distancia 1,True
ANTENAS,CANTERAS,1,34,distancia 2,False
CUSTUMER,CUSTOMER,1,223,distancia 1,True
ADQUISICIONE,ADQUISICIONES,1,68,distancia 1,True
ASISETNTE,ASISTENTE,1,4835,distancia 1,True
MONITORITAS,MONITORISTA,1,21,distancia 2,True
CODIRECTOR,DIRECTOR,2,979,distancia 2,True
SPECIALYST,SPECIALIST,3,409,distancia 1,True
PUENTES,CUENTAS,1,290,distancia 2,False
CONTABILIADA,CONTABILIDAD,1,252,distancia 2,True
ESPECIES,ESPECIALES,4,86,distancia 2,False
SERGURIDAD,SEGURIDAD,1,957,distancia 1,True
YGESTION,GESTION,1,1067,distancia 1,False
LOGISTI,LOGISTICA,3,666,distancia 2,True
COMUNITY,COMMUNITY,2,40,fonetica,True
NOMINAS,NOMINA,7,170,distancia 1,True
KONTROLLER,CONTROLLER,2,65,fonetica,True
ENFERMETO,ENFERMERO,1,15,distancia 1,True
TRIPULANATES,TRIPULANTE,1,37,distancia 2,False
CLASIFICADORAS,CLASIFICADOR,2,20,distancia 2,False
FINACIERA,FINANCIERA,4,239,distancia 1,True
PROFECIONAL,PROFESIONAL,1,127,fonetica,True
OBRERAS,OBREROS,1,10,distancia 1,False
ADINISTRACION,ADMINISTRACION,1,314,distancia 1,False
EXECUTIVA,EJECUTIVA,1,291,distancia 1,False
FINANCIADOS,FINANCIEROS,1,52,distancia 2,False
COORDONADOR,COORDINADOR,1,4019,distancia 1,False
CARTERAS,CARTERA,1,170,distancia 1,False
SUPRVISOR,SUPERVISOR,1,2771,distancia 1,True
ADUITORIA,AUDITORIA,1,204,distancia 1,False
ASOCIADOS,ASOCIADO,2,20,distancia 1,False
AYUDANE,AYUDANTE,1,1333,distancia 1,True
RECEPCCION,RECEPCION,1,154,distancia 1,True
OPERARIVO,OPERARIO,1,397,distancia 1,False
MANTENIMIETO,MANTENIMIENTO,1,978,distancia 1,True
BODEGUEROS,BODEGUERO,1,182,distancia 1,True
CANERAS,CANTERAS,1,34,distancia 1,True
VISTADOR,VISITADOR,1,81,distancia 1,False
AUXIIAR,AUXILIAR,3,2069,distancia 1,True
INGINIERO,INGENIERO,1,704,distancia 1,False
ARQUITECT,ARQUITECTO,1,79,distancia 1,False
GRAFICOS,GRAFICO,1,73,distancia 1,True
CORPORATIV,CORPORATIVO,2,297,distancia 1,True
TRABAJAODR,TRABAJADOR,1,267,distancia 1,True
MANTENIENTO,MANTENIMIENTO,1,978,distancia 2,True
OPORADORES,OPERADORES,1,26,distancia 1,False
BALANZAS,ALIANZAS,1,29,distancia 2,False
DETECTORA,DIRECTORA,1,355,distancia 2,False
PORTAFOLIOS,PORTAFOLIO,2,29,distancia 1,True
BILIOTECA,BIBLIOTECA,1,30,distancia 1,False
FITOSANITAR,FITOSANITARIO,1,17,distancia 2,False
COORINADOR,COORDINADOR,3,4019,distancia 1,True
FINANICERO,FINANCIERO,2,362,distancia 1,True
MANTENOMIENTO,MANTENIMIENTO,1,978,distancia 1,False
AUTOMATIZACI,AUTOMATIZACION,1,63,distancia 2,False
CORPORTIVO,CORPORATIVO,1,297,distancia 1,False
INFRAEXTRUCTURA,INFRAESTRUCTURA,1,297,distancia 1,True
SEGURID,SEGURIDAD,3,957,distancia 2,True
TESOREIRA,TESORERIA,1,147,distancia 1,True
PROGRAMADORES,PROGRAMADOR,1,103,distancia 2,True
CORTADORES,CORTADOR,2,33,distancia 2,True
TRASNFROMACION,TRANSFORMACION,1,80,distancia 2,False
ALMACENERA,ALMACENES,3,31,distancia 2,True
STENCION,ATENCION,1,247,distancia 1,True
UNIANDES,UNIDADES,1,19,distancia 2,False
TERRITORIOS,TERRITORIO,1,19,distancia 1,False
COMUNNITY,COMMUNITY,1,40,fonetica,True
PATERON,PATRON,1,10,distancia 1,True
MOTORIZADO1,MOTORIZADO,1,14,distancia 1,True
MONITOREOS,MONITOREO,3,154,distancia 1,True
MAINTANENCE,MAINTENANCE,3,32,distancia 2,True
SUCURAL,SUCURSAL,1,68,distancia 1,True
CORDINACION,COORDINACION,2,92,fonetica,False
CONTROLES,CONTROL,6,1063,distancia 2,False
OPERARARIO,OPERARIO,1,397,distancia 2,True
ELECTRICISTAS,ELECTRICISTA,1,68,distancia 1,False
AMINISTRATIVO,ADMINISTRATIVO,1,769,distancia 1,True
ADMINSTRATIVA,ADMINISTRATIVA,4,387,distancia 1,True
COTADOR,CONTADOR,1,105,distancia 1,True
ACONDICIONA,ACONDICIONADO,1,13,distancia 2,False
COORDIONADOR,COORDINADOR,1,4019,distancia 1,False
ANFITRIONAS,ANFITRIONA,1,10,distancia 1,True
ISPECTOR,INSPECTOR,1,290,distancia 1,False
CONTING,CONTINUA,1,112,distancia 2,False
COORDIN,COORD,1,268,distancia 2,False
AVERIAS,MATERIAS,1,22,distancia 2,False
EFECTOS,EVENTOS,1,78,distancia 2,False
INGENIRERO,INGENIERO,1,704,distancia 1,False
SUPEVISOR,SUPERVISOR,2,2771,distancia 1,True
PANGERO,PANGUERO,1,14,distancia 1,True
TECNOLOG,TECNOLOGO,3,63,distancia 1,False
EXTRANOS,EXTERNOS,1,12,distancia 2,False
KACCOUNT,ACCOUNT,1,166,distancia 1,False
CAPACITADORA,CAPACITADOR,1,26,distancia 1,True
SUPERINTENTENTE,SUPERINTENDENTE,1,109,distancia 1,True
COORDINADORES,COORDINADOR,3,4019,distancia 2,True
ELECTRISISTA,ELECTRICISTA,1,68,fonetica,False
COMPUTACIТN,COMPUTACION,1,33,distancia 1,False
JURUDICO,JURIDICO,1,88,distancia 1,False
PUCBLICAS,PUBLICAS,1,75,distancia 1,True
TENCNICO,TECNICO,1,2598,distancia 1,True
PREGRADOS,POSGRADOS,2,25,distancia 2,False
OFICIALES,OFICIAL,2,465,distancia 2,True
DESARROLADOR,DESARROLLADOR,9,124,distancia 1,True
MANTENMIENTO,MANTENIMIENTO,1,978,distancia 1,True
ASISTENE,ASISTENTE,3,4835,distancia 1,True
VOLCADOR,SOLDADOR,1,90,distancia 2,False
REPARTIDORES,REPARTIDOR,1,17,distancia 2,True
MERCHANDISIG,MERCHANDISING,1,28,distancia 1,True
REINGENIERIA,INGENIERIA,1,179,distancia 2,True
UPERVISOR,SUPERVISOR,1,2771,distancia 1,False
INSTADOR,INSTALADOR,2,44,distancia 2,True
DISENOR,DISENO,1,239,distancia 1,False
AUXILAIR,AUXILIAR,2,2069,distancia 1,True
MAQUNISTA,MAQUINISTA,1,46,distancia 1,True
INVESTIGACIO,INVESTIGACION,3,195,distancia 1,True
DIGITALIZACIO,DIGITALIZACION,1,15,distancia 1,False
ENTRENAMIENT,ENTRENAMIENTO,1,61,distancia 1,True
ADMINITRATIVO,ADMINISTRATIVO,7,769,distancia 1,True
EXPERIENCIAS,EXPERIENCIA,7,124,distancia 1,True
ELEMENTALES,ELEMENTAL,1,62,distancia 2,False
VALIDACI,VALIDACION,1,24,distancia 2,False
EXPANCION,EXPANSION,1,20,fonetica,False
CONTABILDIAD,CONTABILIDAD,1,252,distancia 1,True
METROLOGO,METROLOGIA,1,15,distancia 2,False
AYUANTE,AYUDANTE,2,1333,distancia 1,True
INVETARIO,INVENTARIO,1,90,distancia 1,False
PRODUTION,PRODUCTION,1,31,distancia 1,False
TRITURACI,TRITURACION,1,10,distancia 2,True
VEDEDOR,VENDEDOR,3,460,distancia 1,True
TRITURADORAS,TRITURADORA,1,10,distancia 1,False
SUPERVIOR,SUPERVISOR,1,2771,distancia 1,True
RENALES,CANALES,1,123,distancia 2,False
ADMINISTRACIONES,ADMINISTRACION,1,314,distancia 2,True
INFORMAT,INFORMES,1,12,distancia 2,False
RECEPCIONES,RECEPCION,2,154,distancia 2,True
RECURCOS,RECURSOS,1,201,distancia 1,True
DIGUITADORA,DIGITADOR,1,91,distancia 2,True
HOUSEKEPPING,HOUSEKEEPING,1,10,fonetica,False
DOCENTR,DOCENTE,1,503,distancia 1,True
COORDINAD,COORDINADOR,2,4019,distancia 2,True
SELECCIONES,SELECCION,1,110,distancia 2,True
MUESTRADOR,MOSTRADOR,1,47,distancia 2,False
FORMACIONY,FORMACION,1,64,distancia 1,False
ESTIBIADOR,ESTIBADOR,1,46,distancia 1,True
MANTENIMIENTIO,MANTENIMIENTO,1,978,distancia 1,True
ASSESOR,ASESOR,1,927,fonetica,True
MARKITING,MARKETING,1,694,distancia 1,True
ABASTECIMIENT,ABASTECIMIENTO,1,123,distancia 1,True
INFRASTRUCTURA,INFRAESTRUCTURA,2,297,distancia 1,True
TRADICIONALES,TRADICIONAL,2,52,distancia 2,False
CLASEADOR,PLANEADOR,1,20,distancia 2,True
RESPONSABILDAD,RESPONSABILIDAD,1,60,distancia 1,False
TITUTLO,TITULO,4,58,distancia 1,False
MARINADO,MARINERO,1,35,distancia 2,False
PORVEDURIA,PROVEEDURIA,1,16,distancia 2,False
AUXILIRA,AUXILIAR,1,2069,distancia 1,False
INSPECTORAS,INSPECTORA,1,28,distancia 1,True
VIECERRETOR,VICERRECTOR,1,15,distancia 2,False
MAINTENANC,MAINTENANCE,1,32,distancia 1,False
SUPERVIRSOR,SUPERVISOR,1,2771,distancia 1,False
MANTENIMINETO,MANTENIMIENTO,3,978,distancia 1,True
COORDINADRA,COORDINADORA,2,1029,distancia 1,True
ACADEMISO,ACADEMICO,1,136,distancia 1,True
PPERADOR,OPERADOR,1,1781,distancia 1,True
ESCOLTAS,ESCOLAR,1,28,distancia 2,True
MONTACARGUITA,MONTACARGUISTA,1,62,distancia 1,True
SUPERVOSR,SUPERVISOR,1,2771,distancia 2,True
SERVICOS,SERVICIOS,8,1016,distancia 1,True
ADMINISTRATICO,ADMINISTRATIVO,1,769,distancia 1,False
VENDEROR,VENDEDOR,1,460,distancia 1,True
INFORMACIO,INFORMACION,3,319,distancia 1,False
MOLINEROS,MOLINOS,1,17,distancia 2,False
TRANSFOMACION,TRANSFORMACION,1,80,distancia 1,False
AIRSIDE,INSIDE,1,18,distancia 2,False
ESTIRADOR,ESTIBADOR,1,46,distancia 1,True
DOSIFICADO,DOSIFICADOR,1,18,distancia 1,False
TERSORERA,TESORERA,1,13,distancia 1,True
REFEER,REEFER,3,39,fonetica,True
SERVISIOS,SERVICIOS,1,1016,fonetica,True
ADMINISTACION,ADMINISTRACION,1,314,distancia 1,True
RECUROS,RECURSOS,2,201,distancia 1,True
CONTABNE,CONTABLE,1,393,distancia 1,True
PORYECTOS,PROYECTOS,1,675,distancia 1,True
INDUSTRAL,INDUSTRIAL,1,314,distancia 1,True
TRABAJDORA,TRABAJADORA,1,29,distancia 1,True
ADMINISITRATIVA,ADMINISTRATIVA,1,387,distancia 1,True
JEFEVENTAS,TELEVENTAS,1,21,distancia 2,False
SOSTENIBILID,SOSTENIBILIDAD,2,76,distancia 2,False
EFERMERIA,ENFERMERIA,1,130,distancia 1,True
INFRAESTRUCURA,INFRAESTRUCTURA,2,297,distancia 1,True
CONDUCTORES,CONDUCTOR,2,79,distancia 2,True
CUTOVER,CUSTOMER,1,223,distancia 2,True
COORDINARA,COORDINADORA,1,1029,distancia 2,False
CANALERO,CANALES,2,123,distancia 2,False
JURIDICOS,JURIDICO,2,88,distancia 1,False
SOLCUCIONES,SOLUCIONES,1,83,distancia 1,False
ASISSTANT,ASSISTANT,1,195,fonetica,False
TRAINESS,TRAINEE,1,49,distancia 2,True
MANAGERR,MANAGER,1,890,fonetica,True
LYLITERATURA,LITERATURA,1,26,distancia 2,False
ORGANIZACI,ORGANIZACION,1,20,distancia 2,False
STANDAR,ESTANDAR,1,22,distancia 1,False
TITULOS,TITULO,3,58,distancia 1,False
ALMENTACION,ALIMENTACION,1,28,distancia 1,False
POSTCOSECHAS,POSTCOSECHA,3,53,distancia 1,False
GERRENTE,GERENTE,1,2838,fonetica,True
EMPRESAR,EMPRESAS,2,46,distancia 1,False
RESIDENTES,RESIDENTE,3,67,distancia 1,False
PRESIDEN,PRESIDENTE,1,24,distancia 2,False
COMECIAL,COMERCIAL,1,1350,distancia 1,True
CONSILTOR,CONSULTOR,1,195,distancia 1,False
TESORERI,TESORERIA,1,147,distancia 1,True
TECNOLIGIA,TECNOLOGIA,1,254,distancia 1,True
SUBEGRENTE,SUBGERENTE,1,429,distancia 1,True
PELADORA,PESADOR,1,34,distancia 2,False
PANIFICADOR,PLANIFICADOR,1,120,distancia 1,False
DESAROOLADOR,DESARROLLADOR,1,124,distancia 2,True
ALAMACEN,ALMACEN,1,136,distancia 1,False
OPERRAIO,OPERARIO,1,397,distancia 1,False
REGSITRO,REGISTRO,1,18,distancia 1,False
FUMIGADORES,FUMIGADOR,1,14,distancia 2,True
ODONTOLOGA,ODONTOLOGIA,1,21,distancia 1,True
SEGURDIDAD,SEGURIDAD,1,957,distancia 1,True
PERCHEERO,PERCHERO,1,16,fonetica,True
ADMCION,ADMIN,1,75,distancia 2,False
LOGISITCA,LOGISTICA,3,666,distancia 1,False
BATERIAS,MATERIA,8,121,distancia 2,False
CAMAREROS,CAMARERO,2,21,distancia 1,True
ASSITENTE,ASITENTE,3,40,fonetica,True
RELIQUIDADOR,LIQUIDADOR,2,51,distancia 2,True
REPATIDOR,REPARTIDOR,1,17,distancia 1,False
BIBLITOECA,BIBLIOTECA,1,30,distancia 1,False
OPERITIVE,OPERATIVO,1,379,distancia 2,False
RECIDENTE,RESIDENTE,1,67,fonetica,True
SPECILAIST,SPECIALIST,1,409,distancia 1,False
FERFORACION,PERFORACION,1,31,distancia 1,True
GESTURH,GESTOR,1,453,distancia 2,False
DEPARTAMENTAL,DEPARTAMENTO,6,88,distancia 2,True
CONTABLE3,CONTABLE,1,393,distancia 1,True
INPECCION,INYECCION,1,30,distancia 1,False
MEJORAS,MEJORA,2,89,distancia 1,False
PERFOMANCE,PERFORMANCE,1,25,distancia 1,False
TECONOLOGIA,TECNOLOGIA,1,254,distancia 1,True
NIVELES,NIVEL,1,172,distancia 2,True
CORDINATOR,COORDINATOR,6,241,fonetica,True
TRABADORA,TRABAJADORA,1,29,distancia 2,True
ASISTNTE,ASISTENTE,2,4835,distancia 1,True
BIOLOGOS,BIOLOGO,1,22,distancia 1,False
COMUNCACION,COMUNICACION,1,324,distancia 1,False
STRATEGYST,STRATEGY,1,27,distancia 2,False
CONDUCCI,CONDUCCION,1,17,distancia 2,False
DECUMPLIMIENTO,CUMPLIMIENTO,1,134,distancia 2,True
DECONTABILIDAD,CONTABILIDAD,1,252,distancia 2,True
CONTABILIDA,CONTABILIDAD,5,252,distancia 1,True
ADMINITRATIVA,ADMINISTRATIVA,3,387,distancia 1,True
MANTNIMIENTO,MANTENIMIENTO,1,978,distancia 1,True
GEREMTE,GERENTE,2,2838,distancia 1,True
LIVANOS,LIVIANOS,1,32,distancia 1,True
QHSSE,QHSE,1,14,fonetica,True
INSTALADORES,INSTALADOR,1,44,distancia 2,True
DISTRIBICION,DISTRIBUCION,1,201,distancia 1,True
RECIBOS,PRECIOS,1,40,distancia 2,False
PORYECTO,PROYECTO,1,145,distancia 1,False
PLANEAC,PLANTA,2,474,distancia 2,False
OPERERADOR,OPERADOR,2,1781,distancia 2,True
ESCAVADORA,EXCAVADORA,1,37,distancia 1,True
MULERIA,MATERIA,2,121,distancia 2,False
PROFESOSR,PROFESOR,2,222,distancia 1,True
EJECTUTIVO,EJECUTIVO,3,975,distancia 1,True
SUEPRVISOR,SUPERVISOR,1,2771,distancia 1,True
REPARTOS,REPARTO,1,19,distancia 1,True
LABORATISTA,LABORATORISTA,1,33,distancia 2,True
DRLLADOR,SELLADOR,1,11,distancia 2,False
CONECTION,COLLECTION,1,10,distancia 2,False
SOPERTE,SOPORTE,1,568,distancia 1,True
PLANIFICADORA,PLANIFICADOR,8,120,distancia 1,True
MANTENIMIENTOS,MANTENIMIENTO,9,978,distancia 1,True
ACUCIOLA,ACUICOLA,1,79,distancia 1,True
VERIFICACIONES,CERTIFICACIONES,2,36,distancia 2,False
GERENTEN,GERENTE,1,2838,distancia 1,False
GUARDIAS,GUARDIA,5,70,distancia 1,True
CONADORA,CONTADORA,1,33,distancia 1,True
INTEGRADA,INTEGRADO,2,25,distancia 1,False
EVACUADOR,ECUADOR,2,271,distancia 2,False
FACILITES,FACILITIES,1,26,distancia 1,False
MASCOTA,MASCOTAS,1,13,distancia 1,True
COTACHI,COACH,1,21,distancia 2,False
OPERADO,OPERADOR,1,1781,distancia 1,True
CONTABLE1,CONTABLE,2,393,distancia 1,True
JUNNIOR,JUNIOR,1,600,fonetica,True
COMUNICACONES,COMUNICACIONES,1,130,distancia 1,False
SUPERVISI,SUPERVISOR,1,2771,distancia 2,False
ASISTENDE,ASISTENTE,4,4835,distancia 1,True
CORPORATIVA7,CORPORATIVA,1,91,distancia 1,True
ACEDEMICO,ACADEMICO,1,136,distancia 1,True
SPECIATIST,SPECIALIST,1,409,distancia 1,False
SECRETERIA,SECRETARIA,1,305,distancia 1,True
AYUDAMTE,AYUDANTE,1,1333,distancia 1,True
ADULTOS,ASUNTOS,1,140,distancia 2,False
RESONSABLE,RESPONSABLE,1,400,distancia 1,True
AUXULIAR,AUXILIAR,2,2069,distancia 1,True
CORPORATIVA3,CORPORATIVA,1,91,distancia 1,True
ENLATADOR,ENLATADOS,1,14,distancia 1,False
SERIVICIOS,SERVICIOS,2,1016,distancia 1,True
SERVICO,SERVICIO,2,706,distancia 1,True
MARINOS,VARIOS,1,98,distancia 2,False
LOGUISTICA,LOGISTICA,2,666,distancia 1,True
SECRETARIAS,SECRETARIA,2,305,distancia 1,False
COORDINADIR,COORDINADOR,1,4019,distancia 1,False
ALIMENTDORES,ALIMENTADORES,2,33,distancia 1,False
PILOTOS,PILOTO,2,21,distancia 1,False
DEPORTIV,DEPORTIVO,1,23,distancia 1,True
COMERCIA,COMERCIAL,4,1350,distancia 1,True
DEPARTAMENTOS,DEPARTAMENTO,1,88,distancia 1,True
EECTRICO,ELECTRICO,1,205,distancia 1,False
MERCADERIAS,MERCADERIA,1,17,distancia 1,False
MECANICAS,MECANICA,2,94,distancia 1,False
ECONOMIAS,ECONOMIA,1,27,distancia 1,False
FACTURADORAS,FACTURADORA,1,19,distancia 1,False
COBTRANZAS,COBRANZAS,1,364,distancia 1,True
CONECTA,COSECHA,1,45,distancia 2,False
CORPORATIVA2,CORPORATIVA,1,91,distancia 1,True
SERVICIOS5,SERVICIOS,1,1016,distancia 1,False
OFICIOS,OFICIAL,8,465,distancia 2,False
REPRESENTATE,REPRESENTANTE,4,208,distancia 1,True
COORPORATIVO,CORPORATIVO,3,297,fonetica,False
SALUDSA,SALUD,1,411,distancia 2,False
OPERACIO,OPERARIO,2,397,distancia 1,False
TRUIPULANTE,TRIPULANTE,1,37,distancia 1,False
GREMIOS,PRECIOS,1,40,distancia 2,False
DEPACHADOR,DESPACHADOR,3,86,distancia 1,True
DOGITAL,DIGITAL,1,289,distancia 1,True
LIMPIEZ,LIMPIEZA,1,275,distancia 1,False
MNATENIMIENTO,MANTENIMIENTO,1,978,distancia 1,True
MANAGMENT,MANAGEMENT,7,134,distancia 1,True
VENDEDRO,VENDEDOR,1,460,distancia 1,True
PASATELERI,PASTELERO,1,32,distancia 2,False
SEGURIDDA,SEGURIDAD,1,957,distancia 1,True
CLOSTERS,CLUSTER,1,25,distancia 2,False
OPERARDOR,OPERADOR,1,1781,distancia 1,True
SUPERVISARA,SUPERVISORA,1,226,distancia 1,True
INTELIGENCIAS,INTELIGENCIA,1,121,distancia 1,False
ANDANAS,ANDINA,1,25,distancia 2,False
TESORIA,TESORERIA,1,147,distancia 2,False
MENSALERO,MENSAJERO,1,100,distancia 1,True
PLANIFIACION,PLANIFICACION,1,382,distancia 1,False
COORINADORA,COORDINADORA,3,1029,distancia 1,False
SPECIALI,SPECIALIST,1,409,distancia 2,False
REPRESENTATIV,REPRESENTATIVE,1,77,distancia 1,True
