abreviatura,expansion,dominio
ESP,ESPECIALISTA,0.8592548787699587
SSO,SSOMA,1.0
DESA,DESARROLLO,0.8476482617586912
SISTEM,SISTEMAS,1.0
PEDID,PEDIDOS,1.0
BANQ,BANQUETES,1.0
ASSOC,ASSOCIATE,1.0
AYUD.,AYUDANTE,0.9645441389290883
BEBID,BEBIDAS,1.0
APLICA,APLICACIONES,0.8714285714285714
JURIDI,JURIDICO,0.8461538461538461
ECUAD,ECUADOR,1.0
EC,ECUADOR,0.8065476190476191
INCLU,INCLUSION,1.0
NAC,NACIONAL,0.9569288389513109
SERVID.,SERVIDORES,1.0
BIENES,BIENESTAR,1.0
CC,CCTV,1.0
QA,QAQC,1.0
WA,WAREHOUSE,1.0
HORMI,HORMIGON,1.0
LOGIST.,LOGISTICA,0.7466367713004485
SIEM,SIEMBRA,1.0
DAT,DATOS,1.0
SEG.,SEGURIDAD,0.7699115044247787
ANALYS,ANALYSIS,1.0
SPECI,SPECIALIST,1.0
PROC.,PROCESOS,0.7308823529411764
ANALIS,ANALISTA,0.9720531267293857
ASUN,ASUNTOS,1.0
ASEG,ASEGURAMIENTO,1.0
CALID,CALIDAD,1.0
ASEG.,ASEGURAMIENTO,1.0
APP,APPLICATION,1.0
QH,QHSE,1.0
DESARR,DESARROLLO,0.8476482617586912
PROY,PROYECTOS,0.823170731707317
INFR,INFRAESTRUCTURA,0.9642857142857143
IDI,IDIOMAS,1.0
HAR,HARDWARE,1.0
MANTE,MANTENIMIENTO,1.0
HR,HRBP,1.0
SIST.,SISTEMAS,0.7477477477477478
GESTI,GESTION,1.0
MEC,MECANICO,0.8014440433212996
TT,TTHH,1.0
TT.,TTHH,1.0
INDE,INDEMNIZACIONES,1.0
DESAR,DESARROLLO,0.8476482617586912
INYECC,INYECCION,1.0
CIBER,CIBERSEGURIDAD,1.0
INSP.,INSPECTOR,0.8405797101449275
APLIC.,APLICACIONES,0.8714285714285714
AUX.,AUXILIAR,0.9690866510538642
SECR.,SECRETARIA,0.8243243243243243
ASES.,ASESOR,0.8336330935251799
COMERC,COMERCIAL,0.8593252705283259
CLIEN,CLIENTE,0.8630849220103987
AGRI,AGRICOLA,0.805
DOMIN,DOMINGO,1.0
TEC.,TECNICO,0.7238785176929506
VEH.,VEHICULOS,0.6402877697841727
ASF,ASFALTO,1.0
ASIS,ASISTENTE,0.9845245367542252
ASIS.,ASISTENTE,0.9845245367542252
TALEN.,TALENTO,0.9724517906336089
ASIST,ASISTENTE,0.9891571194762684
AUX,AUXILIAR,0.9690866510538642
CREDI.,CREDITO,0.9059500959692899
RR,RRHH,0.9319727891156463
ASIST.,ASISTENTE,0.9891571194762684
COBRAN.,COBRANZAS,0.708171206225681
PLANIF.,PLANIFICACION,0.7609561752988048
RR.,RRHH,0.9319727891156463
SELECC.,SELECCION,1.0
MANT.,MANTENIMIENTO,1.0
TECN.,TECNICO,0.7663716814159292
ASISTE,ASISTENTE,0.9891571194762684
ASISTE.,ASISTENTE,0.9891571194762684
AYUD,AYUDANTE,0.9645441389290883
TECNI,TECNICO,0.9005199306759099
ESC.,ESCUELA,0.6164383561643836
USA,USADOS,1.0
TESOR,TESORERIA,0.91875
NOCTU,NOCTURNO,1.0
ORGANI,ORGANIZACIONAL,0.84375
GRAFI,GRAFICO,0.8390804597701149
FAM,FAMILIAR,1.0
CONTIN,CONTINUA,0.8235294117647058
TRANSP.,TRANSPORTE,0.9294117647058824
GEREN,GERENTE,0.9262402088772846
MANT,MANTENIMIENTO,1.0
PROY.,PROYECTOS,0.823170731707317
CUMPL.,CUMPLIMIENTO,1.0
IB,IBARRA,1.0
ASIT.,ASITENTE,1.0
ASITE,ASITENTE,1.0
CUST,CUSTOMER,0.8138686131386861
ASSO,ASSOCIATE,1.0
ASSOC.,ASSOCIATE,1.0
DV,DVTV,1.0
SENI,SENIOR,1.0
POSTC,POSTCOSECHA,1.0
PEDAG.,PEDAGOGICO,0.6
AUXI.,AUXILIAR,0.9764039641340255
AUXIL,AUXILIAR,0.9764039641340255
AUXIL.,AUXILIAR,0.9764039641340255
SANIT.,SANITIZACION,1.0
INSUM,INSUMOS,1.0
CAF,CAFETERIA,1.0
BASC,BASCULA,1.0
ESP.,ESPECIALISTA,0.8592548787699587
MANTEN,MANTENIMIENTO,1.0
CAFETE,CAFETERIA,1.0
MARKE,MARKETING,1.0
RELAC,RELACIONES,1.0
YACIM,YACIMIENTOS,1.0
STO.,STORE,0.6451612903225806
MANTEN.,MANTENIMIENTO,1.0
AYU,AYUDANTE,0.9562410329985653
AYU.,AYUDANTE,0.9562410329985653
AGRIC,AGRICOLA,0.805
CATEG,CATEGORIA,0.8
WINCHE,WINCHERO,1.0
TRAT.,TRATAMIENTO,0.7796610169491526
MEC.,MECANICO,0.8014440433212996
OFIC.,OFICIAL,0.7585644371941273
GENER.,GENERAL,0.6865671641791045
DP,DPTO,1.0
COORD.,COORDINADOR,0.7468871956885337
VES,VESPERTINA,1.0
OU,OUTSOURCING,1.0
HC,HCDA,1.0
VIG.,VIGILANCIA,1.0
COOR.,COORDINADOR,0.7468871956885337
MANTE.,MANTENIMIENTO,1.0
SOLUC,SOLUCIONES,1.0
CRE.,CREDITO,0.8068376068376069
NAC.,NACIONAL,0.9569288389513109
HERRAM.,HERRAMIENTAS,1.0
ASUNT.,ASUNTOS,1.0
ECOM,ECOMMERCE,1.0
SEGURI,SEGURIDAD,0.9656912209889001
EXTERI,EXTERIOR,1.0
PQ,PQSA,1.0
POSVEN,POSVENTA,1.0
GUAYAQ,GUAYAQUIL,1.0
ORG.,ORGANIZACIONAL,0.84375
PROPA,PROPAGACION,1.0
OCUP.,OCUPACIONAL,1.0
SPC,SPCLST,1.0
CONV,CONVENIOS,1.0
SOSTE,SOSTENIBILIDAD,1.0
NOMI,NOMINA,1.0
CAPAC.,CAPACITACION,0.6916666666666667
NEGOCI,NEGOCIOS,0.9800796812749004
LEC,LECHE,1.0
SELECC,SELECCION,1.0
INFOR.,INFORMACION,0.6949891067538126
CAC,CACAO,1.0
CIN,CINTA,1.0
ATENC,ATENCION,1.0
GL,GLOBAL,1.0
BENEF.,BENEFICIOS,0.7323943661971831
EC.,ECUADOR,0.8065476190476191
FIS.,FISICA,0.6231343283582089
ACUA,ACUACULTURA,1.0
CORT.,CORTADOR,0.66
ECON.,ECONOMIA,0.7105263157894737
DIREC.,DIRECTOR,0.645778364116095
TRANSF.,TRANSFORMACION,0.6451612903225806
CONST.,CONSTRUCCION,0.7733333333333333
VINCUL,VINCULACION,1.0
ENGI,ENGINEER,0.8928571428571429
INNO,INNOVACION,0.9234972677595629
REL.,RELACIONES,0.8057142857142857
CC.,CCTV,1.0
EJEC.,EJECUTIVO,0.7459831675592961
CONVEN,CONVENIOS,1.0
EJECUT.,EJECUTIVO,0.7641065830721003
POSVE,POSVENTA,1.0
ENCAR.,ENCARGADO,0.7092198581560284
ENCARG.,ENCARGADO,0.7692307692307693
ENV.,ENVASADO,0.7962962962962963
ESPEC,ESPECIALISTA,0.8790078644888082
ESPEC.,ESPECIALISTA,0.8790078644888082
DESARR.,DESARROLLO,0.8476482617586912
CEM,CEMENTACION,1.0
DEMA,DEMANDA,0.84
SOFTW,SOFTWARE,1.0
INVES.,INVESTIGACION,0.8333333333333334
HIG,HIGIENE,1.0
QUAL,QUALITY,1.0
AFF,AFFAIRS,1.0
INNOVA,INNOVACION,0.9234972677595629
COMERC.,COMERCIAL,0.8593252705283259
NAV.,NAVAL,1.0
OPERAC,OPERACIONES,0.8887931034482759
SMA,SMART,1.0
PROYEC,PROYECTOS,0.823170731707317
DIV,DIVISION,1.0
DIV.,DIVISION,1.0
NEGOC.,NEGOCIOS,0.7834394904458599
PROYEC.,PROYECTOS,0.823170731707317
ORGA,ORGANIZACIONAL,0.84375
ASUN.,ASUNTOS,1.0
CALD.,CALDERON,1.0
NEG.,NEGOCIOS,0.7834394904458599
RELAC.,RELACIONES,1.0
HR.,HRBP,1.0
HS,HSEQ,1.0
IMPL.,IMPLEMENTACION,1.0
INSP,INSPECTOR,0.8405797101449275
TES,TESORERIA,0.91875
INTERM,INTERMEDIATE,1.0
JE,JEFE,0.9698015530629853
JEF,JEFATURA,1.0
JEF.,JEFATURA,1.0
REPUES,REPUESTOS,0.9326424870466321
COMPR.,COMPRAS,0.900163666121113
ASUNT,ASUNTOS,1.0
PRESUP.,PRESUPUESTO,0.6448598130841121
SELE,SELECCION,1.0
LARVI,LARVICULTURA,1.0
PROYE,PROYECTOS,0.823170731707317
ASU,ASUNTOS,1.0
INNOV,INNOVACION,0.9234972677595629
RESP.,RESPONSABLE,0.8492569002123143
OCUP,OCUPACIONAL,1.0
OCU,OCUPACIONAL,1.0
EFIC,EFICIENCIA,1.0
CONTR.,CONTROL,0.7625538020086083
CALID.,CALIDAD,1.0
INDUST.,INDUSTRIAL,0.7494033412887828
OCUPA,OCUPACIONAL,1.0
UNID.,UNIDAD,0.879746835443038
MAINT.,MAINTENANCE,1.0
FUMIG.,FUMIGACION,0.6666666666666666
RESP,RESPONSABLE,0.8492569002123143
MAINT,MAINTENANCE,1.0
OCUPAC,OCUPACIONAL,1.0
MICROB,MICROBIOLOGIA,1.0
SUPERV,SUPERVISOR,0.9142197294622237
MOLEC.,MOLECULAR,1.0
ADVISO,ADVISORY,1.0
MANAG,MANAGER,0.8599033816425121
OFI.,OFICIAL,0.7585644371941273
SUPLEN,SUPLENTE,1.0
OPERAD,OPERADOR,0.9726925177498634
OPERAD.,OPERADOR,0.9726925177498634
CALD,CALDERON,1.0
ESTAC,ESTACION,1.0
EMPAQ,EMPAQUE,0.8238636363636364
NOCT,NOCTURNO,1.0
PIL,PILOTO,1.0
PRA,PRACTICAS,1.0
CONSTR.,CONSTRUCCION,0.7733333333333333
PROCUR.,PROCUREMENT,1.0
EDUCA.,EDUCACION,0.6088709677419355
SUPE,SUPERVISOR,0.8484384568279241
REPRES.,REPRESENTANTE,0.7298245614035088
SSO.,SSOMA,1.0
ANDE,ANDEAN,1.0
SUPERV.,SUPERVISOR,0.9142197294622237
MECANI,MECANICO,0.8014440433212996
ASES,ASESOR,0.8336330935251799
PRESEN,PRESENCIAL,1.0
SIE,SIERRA,0.9553571428571429
SUPP.,SUPPORT,0.6041666666666666
REFRIG,REFRIGERACION,1.0
ESPE,ESPECIALISTA,0.8790078644888082
PROCES,PROCESOS,0.9669260700389105
PARTIC,PARTICIPACION,1.0
TERAP,TERAPISTA,1.0
POLIF,POLIFUNCIONAL,1.0
ACUIC.,ACUICOLA,1.0
TRABAJ.,TRABAJADOR,0.717741935483871
FAM.,FAMILIAR,1.0
DIST.,DISTRIBUCION,0.6360759493670886
