masculino,femenino,titulos_masc,titulos_fem,personas_fem,aprobar
TRABAJADOR,TRABAJADORA,267,29,62195,
VENDEDOR,VENDEDORA,460,45,18896,
ADMINISTRATIVO,ADMINISTRATIVA,769,387,17481,
ASESOR,ASESORA,927,135,14099,
EJECUTIVO,EJECUTIVA,975,291,13304,
VENDEROR,VENDERORA,1,1,13106,
SUPERVISOR,SUPERVISORA,2771,226,13000,
COORDINADOR,COORDINADORA,4019,1029,12755,
TRABAJOR,TRABAJORA,3,2,11597,
OBRERO,OBRERA,235,7,8241,
GENERO,GENERA,7,9,8093,
CAJERO,CAJERA,104,66,7147,
ALMACENERO,ALMACENERA,1,3,7132,
OPERADOR,OPERADORA,1781,24,7057,
ADMINISTRAIVO,ADMINISTRAIVA,2,1,7021,
TECNICO,TECNICA,2598,206,6706,
LOGISTICO,LOGISTICA,110,666,6261,
PERCHADOR,PERCHADORA,2,1,5795,
MECANICO,MECANICA,444,94,5780,
FINANCIERO,FINANCIERA,362,239,5638,
CONTADOR,CONTADORA,105,33,5491,
PROFESOR,PROFESORA,222,166,4363,
ENFERMERO,ENFERMERA,15,65,4212,
ADMINISTRADOR,ADMINISTRADORA,444,75,3410,
BODEGUERO,BODEGUERA,182,3,3353,
MENSAJERO,MENSAJERA,100,2,2956,
MEDICO,MEDICA,405,109,2678,
CORDINADOR,CORDINADORA,38,21,2654,
DIRECTOR,DIRECTORA,979,355,2601,
INSPECTOR,INSPECTORA,290,28,2361,
DESPACHADOR,DESPACHADORA,86,5,2337,
ADMNISTRATIVO,ADMNISTRATIVA,7,6,2315,
COCINERO,COCINERA,62,9,2010,
ADMINSTRATIVO,ADMINSTRATIVA,8,4,1976,
DISENADOR,DISENADORA,142,27,1806,
COODINADOR,COODINADORA,22,14,1633,
IMPULSADOR,IMPULSADORA,13,21,1615,
PERCHERO,PERCHERA,16,3,1605,
ADMINSTRADOR,ADMINSTRADORA,2,2,1556,
ADMNISTRADOR,ADMNISTRADORA,2,1,1554,
INGENIERO,INGENIERA,704,55,1526,
OPERATIVO,OPERATIVA,379,61,1478,
TRBAJADOR,TRBAJADORA,2,2,1450,
PRIMERO,PRIMERA,10,56,1276,
PROMOTOR,PROMOTORA,79,11,1186,
VISITADOR,VISITADORA,81,4,1104,
CORTADOR,CORTADORA,33,17,1090,
FACTURADOR,FACTURADORA,40,19,1051,
GESTOR,GESTORA,453,45,1033,
GRAFICO,GRAFICA,73,14,1027,
DIGITADOR,DIGITADORA,91,7,1024,
EMPACADOR,EMPACADORA,26,22,1015,
FISICO,FISICA,28,167,1001,
DIGUITADOR,DIGUITADORA,1,1,963,
MESERO,MESERA,26,2,961,
RECAUDADOR,RECAUDADORA,41,4,938,
ENCARGADO,ENCARGADA,200,60,907,
INPECTOR,INPECTORA,1,1,874,
BASICO,BASICA,8,105,864,
TERCERO,TERCERA,5,43,863,
SALONERO,SALONERA,38,2,816,
METALMECANICO,METALMECANICA,65,33,814,
CAMARERO,CAMARERA,21,13,796,
CARRERO,CARRERA,1,91,781,
AUDITOR,AUDITORA,216,24,778,
ACADEMICO,ACADEMICA,136,148,773,
COORDINDOR,COORDINDORA,3,4,740,
FUMIGADOR,FUMIGADORA,14,1,715,
DESARROLLADOR,DESARROLLADORA,124,5,705,
PESADO,PESADA,42,23,674,
CLINICO,CLINICA,34,52,673,
ABOGADO,ABOGADA,52,18,648,
CLASIFICADOR,CLASIFICADORA,20,8,646,
CORPORATIVO,CORPORATIVA,297,91,611,
PROGRAMADOR,PROGRAMADORA,103,4,594,
ADMINSITRATIVO,ADMINSITRATIVA,9,4,544,
TESORERO,TESORERA,8,13,518,
FINACIERO,FINACIERA,6,4,512,
EMPLEADO,EMPLEADA,23,9,506,
RECTOR,RECTORA,13,12,504,
LIQUIDADOR,LIQUIDADORA,51,5,492,
ADMINISTRATIIVO,ADMINISTRATIIVA,1,1,484,
IMPRESOR,IMPRESORA,2,9,438,
COSECHADOR,COSECHADORA,2,6,436,
CARGADOR,CARGADORA,15,16,396,
PESADOR,PESADORA,34,5,388,
JARDINERO,JARDINERA,8,1,374,
EJECCUTIVO,EJECCUTIVA,1,1,354,
MASIVO,MASIVA,35,3,343,
ENTRENADOR,ENTRENADORA,56,4,332,
COSTURERO,COSTURERA,1,3,307,
RETROEXCAVADOR,RETROEXCAVADORA,1,17,299,
LABOR,LABORA,4,22,294,
INFORMATICO,INFORMATICA,21,65,293,
LAVADOR,LAVADORA,24,5,288,
EDUCATIVO,EDUCATIVA,28,22,287,
FARMACEUTICO,FARMACEUTICA,20,7,287,
TECNOLOGICO,TECNOLOGICA,39,50,276,
LICENCIADO,LICENCIADA,33,9,273,
CONSEJERO,CONSEJERA,7,8,267,
PLANIFICADOR,PLANIFICADORA,120,8,265,
PARAMEDICO,PARAMEDICA,6,1,259,
MEJOR,MEJORA,1,89,246,
COMPRADOR,COMPRADORA,61,5,245,
CONSULTOR,CONSULTORA,195,16,239,
ARMADOR,ARMADORA,25,7,232,
QUIMICO,QUIMICA,63,23,227,
SELLADOR,SELLADORA,11,11,226,
VICERRECTOR,VICERRECTORA,15,12,216,
RECIBIDOR,RECIBIDORA,31,3,212,
PAGADOR,PAGADORA,19,2,209,
TELEVENDEDOR,TELEVENDEDORA,4,1,207,
ELECTRONICO,ELECTRONICA,55,44,206,
SUBCONTADOR,SUBCONTADORA,10,1,191,
CALDERO,CALDERA,8,5,189,
REDACTOR,REDACTORA,10,6,188,
SELECCIONADOR,SELECCIONADORA,1,1,182,
COLECTOR,COLECTORA,4,9,182,
TELEOPERADOR,TELEOPERADORA,1,1,180,
JURIDICO,JURIDICA,88,16,177,
CONTRALOR,CONTRALORA,29,2,168,
SACADOR,SACADORA,2,3,164,
TRANSPORTADOR,TRANSPORTADORA,3,1,162,
TERMOFORMADOR,TERMOFORMADORA,2,3,160,
MUSICO,MUSICA,2,23,155,
ELECTRICO,ELECTRICA,205,21,154,
EXTRUSOR,EXTRUSORA,5,8,148,
JUGADOR,JUGADORA,3,2,143,
ENSAMBLADOR,ENSAMBLADORA,11,7,142,
TUTOR,TUTORA,40,26,140,
EDUCADOR,EDUCADORA,24,12,137,
PUBLICO,PUBLICA,15,18,137,
ESPECIALIZADO,ESPECIALIZADA,36,13,134,
OPTICO,OPTICA,2,9,133,
FACILITADOR,FACILITADORA,18,8,133,
AGREGADO,AGREGADA,24,2,132,
INSTRUCTOR,INSTRUCTORA,37,2,131,
ELECTROMECANICO,ELECTROMECANICA,37,6,130,
LAVANDERO,LAVANDERA,2,7,126,
ADMINITRATIVO,ADMINITRATIVA,7,3,126,
EMBONCHADOR,EMBONCHADORA,6,2,123,
SOLDADOR,SOLDADORA,90,2,120,
CERTIFICADO,CERTIFICADA,15,11,119,
ENDEREZADO,ENDEREZADA,2,8,115,
ESTRATEGICO,ESTRATEGICA,42,48,112,
ANALITICO,ANALITICA,1,57,111,
CREATIVO,CREATIVA,28,8,109,
DOCTOR,DOCTORA,8,12,107,
EXTRACTOR,EXTRACTORA,1,12,104,
ESTADISTICO,ESTADISTICA,11,28,104,
CARNICERO,CARNICERA,12,1,96,
TRITURADOR,TRITURADORA,3,10,96,
PANADERO,PANADERA,23,1,94,
CAPACITADOR,CAPACITADORA,26,1,93,
MATEMATICO,MATEMATICA,1,11,91,
ORIENTADOR,ORIENTADORA,9,10,91,
PASTELERO,PASTELERA,32,2,89,
NIVELADOR,NIVELADORA,2,3,87,
TEJEDOR,TEJEDORA,5,1,85,
CERRADOR,CERRADORA,4,10,79,
ETIQUETADOR,ETIQUETADORA,5,5,79,
PEDAGOGICO,PEDAGOGICA,24,16,77,
SECADOR,SECADORA,13,5,76,
RECICLADOR,RECICLADORA,1,2,75,
INVESTIGADOR,INVESTIGADORA,23,16,72,
FISCALIZADOR,FISCALIZADORA,15,1,71,
CORRUGADOR,CORRUGADORA,10,2,70,
LOCUTOR,LOCUTORA,4,4,68,
COMUNICADOR,COMUNICADORA,12,9,65,
SUBINSPECTOR,SUBINSPECTORA,7,1,63,
PRODUCTOR,PRODUCTORA,30,7,62,
ACEDEMICO,ACEDEMICA,1,1,61,
EMBALADOR,EMBALADORA,3,2,57,
EDITOR,EDITORA,24,6,57,
RELACIONADOR,RELACIONADORA,5,2,55,
REPORTERO,REPORTERA,3,2,55,
QUIRURGICO,QUIRURGICA,11,12,54,
LLENADOR,LLENADORA,11,3,51,
AMASADOR,AMASADORA,1,1,50,
LUBRICADOR,LUBRICADORA,6,1,50,
CONVERTIDOR,CONVERTIDORA,1,4,49,
ESTRUSOR,ESTRUSORA,1,2,48,
TAPADOR,TAPADORA,1,1,46,
UTILERO,UTILERA,7,1,45,
ADMINISITRATIVO,ADMINISITRATIVA,1,1,43,
PLANILLADOR,PLANILLADORA,3,1,43,
ORGANICO,ORGANICA,3,3,43,
TROQUELADOR,TROQUELADORA,1,5,43,
SANEADOR,SANEADORA,2,1,42,
ARMADO,ARMADA,7,1,42,
ODONTOLOGICO,ODONTOLOGICA,1,6,42,
CUIDADOR,CUIDADORA,10,1,41,
PASTOR,PASTORA,10,1,41,
VICERECTOR,VICERECTORA,1,1,40,
ENSACADOR,ENSACADORA,2,2,39,
AUTOMATICO,AUTOMATICA,5,14,37,
PELETIZADOR,PELETIZADORA,2,3,37,
COORDIANDOR,COORDIANDORA,4,2,37,
TRADUCTOR,TRADUCTORA,6,2,36,
DOMESTICO,DOMESTICA,5,4,36,
BIOQUIMICO,BIOQUIMICA,6,8,33,
VOLTEADOR,VOLTEADORA,5,1,33,
SUBDIRECTOR,SUBDIRECTORA,23,9,32,
ADMMINISTRATIVO,ADMMINISTRATIVA,2,2,32,
PULIDOR,PULIDORA,6,4,32,
EMPAQUETADOR,EMPAQUETADORA,2,2,31,
DETECTOR,DETECTORA,5,1,31,
HOTELERO,HOTELERA,7,2,30,
DEMOSTRADOR,DEMOSTRADORA,4,1,29,
TELEFONICO,TELEFONICA,18,6,29,
DIGITALIZADOR,DIGITALIZADORA,2,1,28,
MINICARGADOR,MINICARGADORA,3,4,28,
PILONERO,PILONERA,1,4,28,
BOBINADOR,BOBINADORA,3,2,27,
ANIMADOR,ANIMADORA,8,3,27,
DELEGADO,DELEGADA,15,2,27,
PLANCHADOR,PLANCHADORA,2,4,26,
RAYADOR,RAYADORA,2,6,24,
AMINISTRATIVO,AMINISTRATIVA,1,1,23,
ADUANERO,ADUANERA,7,9,22,
NORMATIVO,NORMATIVA,10,11,21,
CIENTIFICO,CIENTIFICA,18,12,21,
CREADOR,CREADORA,7,3,21,
PROCURADOR,PROCURADORA,7,2,21,
PEGADOR,PEGADORA,5,6,20,
HIDRAULICO,HIDRAULICA,9,5,20,
PRIVADO,PRIVADA,3,4,20,
ENGANCHADOR,ENGANCHADORA,1,1,20,
AERONAUTICO,AERONAUTICA,8,1,19,
PAPELERO,PAPELERA,1,3,19,
LAMINADOR,LAMINADORA,5,7,19,
FORMADOR,FORMADORA,4,1,18,
SECADO,SECADA,4,1,18,
COTIZADOR,COTIZADORA,5,1,18,
ESTAMPADOR,ESTAMPADORA,1,2,17,
MECATRONICO,MECATRONICA,5,5,17,
DOBLADOR,DOBLADORA,8,4,17,
ESTETICO,ESTETICA,1,7,17,
EVAPORADOR,EVAPORADORA,1,1,17,
CTRICO,CTRICA,1,1,16,
DECORADOR,DECORADORA,2,1,16,
PLANEADOR,PLANEADORA,20,2,16,
COLABORADOR,COLABORADORA,6,1,16,
PRECEPTOR,PRECEPTORA,1,1,16,
DESFLORADOR,DESFLORADORA,1,1,15,
PSICOPEDAGOGICO,PSICOPEDAGOGICA,1,1,15,
ORDENADOR,ORDENADORA,1,1,15,
FREIDOR,FREIDORA,1,3,15,
CRITICO,CRITICA,2,4,14,
CONTROLADOR,CONTROLADORA,109,3,14,
VERIFICADOR,VERIFICADORA,37,1,14,
PERFORADOR,PERFORADORA,3,2,14,
MISIONERO,MISIONERA,2,2,13,
ADMISTRATIVO,ADMISTRATIVA,3,2,13,
ASFALTICO,ASFALTICA,2,3,13,
ETIQUETEADOR,ETIQUETEADORA,1,1,13,
LIJADOR,LIJADORA,6,3,12,
PELADOR,PELADORA,4,1,12,
NAVIERO,NAVIERA,8,5,12,
ADMINSITRADOR,ADMINSITRADORA,2,1,12,
ADMINITRADOR,ADMINITRADORA,3,1,12,
ENCARTONADOR,ENCARTONADORA,5,2,12,
DEPORTIVO,DEPORTIVA,23,7,12,
FRESADOR,FRESADORA,5,4,12,
POLITICO,POLITICA,1,7,12,
ARQUITECTONICO,ARQUITECTONICA,3,4,11,
REBOBINADOR,REBOBINADORA,4,2,11,
COOPERATIVO,COOPERATIVA,9,6,11,
CODIFICADOR,CODIFICADORA,10,3,11,
DIAGRAMADOR,DIAGRAMADORA,1,1,10,
ENVASADOR,ENVASADORA,6,2,10,
CARNICO,CARNICA,1,5,10,
GENETICO,GENETICA,6,7,9,
AUTOR,AUTORA,5,4,9,
SUBADMINISTRADOR,SUBADMINISTRADORA,3,1,9,
COORDINDADOR,COORDINDADORA,1,2,9,
PLASTIFICADOR,PLASTIFICADORA,2,2,8,
SENOR,SENORA,1,1,8,
PRESENTADOR,PRESENTADORA,3,2,8,
REVISADOR,REVISADORA,4,3,8,
PEDIATRICO,PEDIATRICA,3,1,8,
MOLDEADOR,MOLDEADORA,2,1,8,
APODERADO,APODERADA,5,2,8,
ETIQUETERO,ETIQUETERA,1,1,8,
ECONOMICO,ECONOMICA,11,4,8,
TERNERERO,TERNERERA,2,1,8,
GRANALLADOR,GRANALLADORA,2,2,8,
COSEDOR,COSEDORA,3,2,8,
MANIPULADOR,MANIPULADORA,1,1,8,
BIOLOGICO,BIOLOGICA,4,3,7,
ADMINISTATIVO,ADMINISTATIVA,1,2,6,
INYECTOR,INYECTORA,6,3,6,
PSICOLOGICO,PSICOLOGICA,4,5,6,
ONCOLOGICO,ONCOLOGICA,1,3,6,
CHEQUEADOR,CHEQUEADORA,4,1,6,
REGISTRADOR,REGISTRADORA,4,2,6,
GANADERO,GANADERA,8,3,5,
MEZCLADOR,MEZCLADORA,9,2,5,
PROCESADOR,PROCESADORA,7,2,5,
CERTIFICADOR,CERTIFICADORA,1,1,5,
PRORRECTOR,PRORRECTORA,2,1,5,
ENCOLADOR,ENCOLADORA,1,1,5,
BORDADOR,BORDADORA,2,1,5,
TIZADOR,TIZADORA,1,1,4,
ACTIVO,ACTIVA,4,1,4,
ENFUNDADOR,ENFUNDADORA,6,2,4,
TRABAJDOR,TRABAJDORA,3,1,4,
VICEDIRECTOR,VICEDIRECTORA,2,1,4,
EJECTUTIVO,EJECTUTIVA,3,1,4,
COORINADOR,COORINADORA,3,3,4,
MINERO,MINERA,5,2,4,
COORDONADOR,COORDONADORA,1,1,4,
CORPOR,CORPORA,3,2,4,
ASOCIADO,ASOCIADA,20,3,4,
RECTIFICADOR,RECTIFICADORA,5,2,4,
PROVEEDOR,PROVEEDORA,1,1,4,
SUBCOORDINADOR,SUBCOORDINADORA,2,2,4,
ROTATIVO,ROTATIVA,15,1,4,
BARNIZADOR,BARNIZADORA,1,1,4,
FAENADOR,FAENADORA,2,3,4,
DESIGNADO,DESIGNADA,3,1,4,
SEPARADOR,SEPARADORA,3,2,3,
PREVENTIVO,PREVENTIVA,10,3,3,
RECUPERADOR,RECUPERADORA,8,1,3,
RECEPTOR,RECEPTORA,7,1,3,
ADMINISRATIVO,ADMINISRATIVA,1,1,3,
APLICATIVO,APLICATIVA,2,1,3,
COSEHADOR,COSEHADORA,1,1,3,
INVITADO,INVITADA,2,1,3,
VIAJERO,VIAJERA,5,1,3,
DOSIFICADOR,DOSIFICADORA,18,1,3,
GEOFISICO,GEOFISICA,1,1,3,
ADMINISTARTIVO,ADMINISTARTIVA,3,1,3,
MUESTRERO,MUESTRERA,4,2,3,
NEGOCIADOR,NEGOCIADORA,2,1,3,
PROGRAMATICO,PROGRAMATICA,1,1,2,
SUSCRIPTOR,SUSCRIPTORA,34,1,2,
ENCALADO,ENCALADA,1,1,2,
TERMINADO,TERMINADA,76,1,2,
ADIMINISTRATIVO,ADIMINISTRATIVA,2,1,2,
TENICO,TENICA,15,1,2,
ENGAVILLADOR,ENGAVILLADORA,1,1,2,
INFORMADOR,INFORMADORA,1,1,2,
ZUNCHADOR,ZUNCHADORA,1,1,2,
ASEGURADOR,ASEGURADORA,4,1,2,
COBRADOR,COBRADORA,31,1,2,
DESENADOR,DESENADORA,2,1,2,
FERRETERO,FERRETERA,1,1,2,
CORRDINADOR,CORRDINADORA,4,1,2,
INSTRUMENTADOR,INSTRUMENTADORA,4,2,2,
DESPACHADO,DESPACHADA,2,1,2,
INTEGRADO,INTEGRADA,25,2,2,
LUDICO,LUDICA,1,1,2,
SINDICO,SINDICA,1,1,2,
ROSCADOR,ROSCADORA,2,1,2,
CARDADOR,CARDADORA,1,1,2,
REHABILITADOR,REHABILITADORA,3,1,2,
COMPUTADOR,COMPUTADORA,2,1,2,
CONDUCTOR,CONDUCTORA,79,1,2,
PRACTICO,PRACTICA,1,1,2,
PONCHADOR,PONCHADORA,2,1,2,
METODOLOGICO,METODOLOGICA,8,2,2,
CONSOLIDADOR,CONSOLIDADORA,4,1,2,
MARCADOR,MARCADORA,1,1,2,
VULCANIZADOR,VULCANIZADORA,3,1,1,
FIANCIERO,FIANCIERA,1,1,1,
FOTOVOLTAICO,FOTOVOLTAICA,4,1,1,
GASTRONOMICO,GASTRONOMICA,6,1,1,
CUALITATIVO,CUALITATIVA,1,1,1,
GEOGRAFICO,GEOGRAFICA,1,1,1,
CURADOR,CURADORA,1,1,1,
DERMATOLOGICO,DERMATOLOGICA,1,1,1,
EXPERIMENTADO,EXPERIMENTADA,1,1,1,
MONITOR,MONITORA,45,1,1,
PESQUERO,PESQUERA,6,1,1,
COORPORATIVO,COORPORATIVA,3,1,1,
MEDIDOR,MEDIDORA,1,1,1,
PLEGADOR,PLEGADORA,1,1,1,
CALIFICADOR,CALIFICADORA,8,1,1,
PRODUCTIVO,PRODUCTIVA,24,1,1,
QUEBRADO,QUEBRADA,1,1,1,
CERRADO,CERRADA,3,1,1,
SELECTOR,SELECTORA,4,1,1,
SUPERIOR,SUPERIORA,70,1,1,
TACTICO,TACTICA,3,1,1,
