rara,corregida,titulos_rara,titulos_corregida,empresas_rara_cota,personas_afectadas_cota,como,aplica_en_base,aprobar
CARNICO,CLINICO,1,34,1,206,distancia 2,False,
PROFESOTA,PROFESORA,1,166,1,130,distancia 1,True,
DESCABEZADOR,DESCABEZADO,1,25,2,111,distancia 1,False,
LAITRAN,LABORAN,1,30,1,109,distancia 2,False,
LIVANOS,LIVIANO,1,20,1,80,distancia 2,True,
SANITACION,SANITIZACION,2,35,1,64,distancia 2,False,
CORPORRATIVOS,CORPORATIVO,1,297,1,55,distancia 2,True,
UROLOGO,GEOLOGO,1,28,1,40,distancia 2,True,
ENCALADO,ENCARGADO,1,200,1,38,distancia 2,False,
PEGAGOGICO,PEDAGOGICO,1,24,2,37,distancia 1,True,
CONTABILI,CONTABLE,2,393,2,37,distancia 2,False,
REEMPACADOR,EMPACADOR,1,26,1,35,distancia 2,True,
ESTIRADOR,ESTIBADOR,1,46,1,32,distancia 1,True,
TRIPULANATES,TRIPULANTE,1,37,1,31,distancia 2,False,
PRUNNING,PLANNING,2,69,2,30,distancia 2,True,
OPTIMISATION,OPTIMIZACION,1,10,1,30,distancia 2,False,
HIELERO,HIELO,1,21,1,30,distancia 2,False,
CREDIORO,CREDITO,2,472,1,23,distancia 2,True,
FUMIGACI,FUMIGACION,1,28,1,23,distancia 2,False,
INFRAESTRUTURE,INFRAESTRUCTURA,1,297,1,22,distancia 2,False,
CHATERO,CAJERO,1,104,2,20,distancia 2,True,
CUADRADOR,CUIDADOR,1,10,1,19,distancia 2,True,
AGREGAD,AGREGADO,1,24,1,19,distancia 1,False,
ANDAMISTA,ANALISTA,2,3513,1,17,distancia 2,True,
POFESIONAL,PROFESIONAL,1,127,1,17,distancia 1,True,
MARCAJE,MARCA,4,96,2,16,distancia 2,True,
AUTOSERVCIOS,AUTOSERVICIO,1,12,2,16,distancia 2,True,
GENERACI,GENERAL,1,690,1,16,distancia 2,False,
MASTERADOR,MOSTRADOR,1,47,1,15,distancia 2,True,
PANELERO,PASTELERO,2,32,1,15,distancia 2,False,
TRABAJAOR,TRABAJADOR,1,267,1,15,distancia 1,False,
CANUTERA,CARTERA,1,170,2,14,distancia 2,False,
FACTURAD,FACTURADOR,1,40,1,14,distancia 2,True,
REPRESENTATI,REPRESENTANTE,2,208,1,14,distancia 2,False,
VALIDACI,VALIDACION,1,24,2,14,distancia 2,False,
SECCIONAL,SECCION,1,29,1,14,distancia 2,False,
CATEDRA,CARTERA,2,170,2,13,distancia 2,False,
AUDIOLOGIA,RADIOLOGIA,1,15,1,13,distancia 2,False,
ESTIBAJE,ESTIBA,1,12,1,13,distancia 2,True,
CORPORATIVA1,CORPORATIVA,1,91,1,12,distancia 1,True,
COORDIN,COORD,1,268,1,12,distancia 2,False,
VERDEDOR,VENDEDOR,1,460,2,12,distancia 1,True,
AEREACION,AIREACION,1,21,2,12,distancia 1,False,
CORPORATIVA2,CORPORATIVA,1,91,1,12,distancia 1,True,
MONTACARG,MONTACARGA,1,35,2,12,distancia 1,False,
ENCARTONADORA,ENCARTONADO,2,22,2,12,distancia 2,False,
INSTRUMENTACI,INSTRUMENTACION,1,42,1,12,distancia 2,False,
PELADORA,PESADOR,1,34,1,12,distancia 2,False,
COORDINADOR2,COORDINADOR,1,4019,2,11,distancia 1,True,
SUNCHERO,WINCHERO,1,14,2,11,distancia 2,True,
BIOLOGIE,BIOLOGIA,1,25,1,11,distancia 1,True,
TENCICO,TECNICO,2,2598,2,10,distancia 1,True,
CONTRATIACION,CONTRATACION,1,15,1,10,distancia 1,False,
AHUMADOR,ARMADOR,1,25,1,10,distancia 2,True,
TENIDOR,SENIOR,1,1396,1,10,distancia 2,True,
CONTRALODOR,CONTROLADOR,2,109,1,10,distancia 2,True,
ADMINSIONISTA,ADMISIONISTA,1,11,1,10,distancia 1,True,
CONTRUCCION,CONSTRUCCION,2,58,2,9,distancia 1,False,
EVACUADOR,ECUADOR,2,271,2,9,distancia 2,False,
DISENSA,DISENO,4,239,2,9,distancia 2,False,
CUSTODI0,CUSTODIO,1,36,1,9,distancia 1,True,
RELIQUIDADOR,LIQUIDADOR,2,51,2,9,distancia 2,True,
SABORISTA,MAYORISTA,2,26,2,9,distancia 2,False,
ROSADOR,PESADOR,1,34,2,9,distancia 2,True,
PLASTIFICADOR,PLANIFICADOR,2,120,1,8,distancia 2,False,
PERFORACI,PERFORACION,2,31,2,8,distancia 2,True,
PRENDAS,PRENSA,3,30,2,8,distancia 2,False,
SUPERVI,SUPERV,1,45,1,8,distancia 1,False,
OPERAROR,OPERADOR,1,1781,1,8,distancia 1,False,
ESTERELIZACION,ESTERILIZACION,1,13,2,8,distancia 1,True,
PROGRAMADA,PROGRAMADOR,2,103,2,8,distancia 2,False,
LABORATISTA,LABORATORISTA,1,33,1,7,distancia 2,True,
CLAVADOR,LAVADOR,1,24,1,7,distancia 1,True,
INVESTIVACION,INVESTIGACION,1,195,2,7,distancia 1,True,
ENGENIER,INGENIERO,2,704,2,7,distancia 2,False,
CLAREADOR,PLANEADOR,1,20,1,7,distancia 2,False,
ENMANGADO,ENCARGADO,1,200,1,7,distancia 2,False,
INSTRUMENTIST,INSTRUMENTISTA,1,16,1,7,distancia 1,False,
HELADER,LEADER,1,150,1,7,distancia 2,False,
STANDART,ESTANDAR,1,22,1,7,distancia 2,True,
MULERIA,MATERIA,2,121,1,7,distancia 2,False,
LYLITERATURA,LITERATURA,1,26,1,7,distancia 2,False,
ESPACIOS,ESTACION,4,40,2,7,distancia 2,False,
SUBGERE,SUBJEFE,1,29,1,6,distancia 2,False,
CONDUCCI,CONDUCCION,1,17,1,6,distancia 2,False,
ARENADOR,ARMADOR,2,25,1,6,distancia 2,True,
COMUNICATION,COMUNICACION,2,324,2,6,distancia 1,False,
TAQUERO,TANQUERO,1,16,1,6,distancia 1,False,
FACULTA,FACULTAD,1,56,1,6,distancia 1,True,
BONGUERO,BODEGUERO,1,182,1,6,distancia 2,True,
CONTENED,CONTENIDO,2,45,1,6,distancia 2,False,
TELEMERCADE,TELEMERCADEO,1,15,1,6,distancia 1,False,
ACLIMATIZACION,CLIMATIZACION,1,18,1,6,distancia 1,False,
REFEER,REEFER,3,39,1,6,fonetica,True,
PLANEAC,PLANTA,2,474,2,6,distancia 2,False,
MANTENIENTO,MANTENIMIENTO,1,978,1,6,distancia 2,True,
MAINTANENCE,MAINTENANCE,3,32,2,6,distancia 2,True,
CLOSTERS,CLUSTER,1,25,1,6,distancia 2,False,
SELALDO,SELLADO,1,16,1,6,distancia 1,False,
ESPACIDOR,EMPACADOR,1,26,1,6,distancia 2,False,
INFRASTRUTURE,INFRASTRUCTURE,1,11,1,6,distancia 1,False,
MULTIMEDIAL,MULTIMEDIA,1,41,1,6,distancia 1,False,
CLOSTERO,CLUSTER,1,25,1,6,distancia 2,False,
QCOMMERCE,COMMERCE,2,35,2,5,distancia 1,False,
CORPORATIVA4,CORPORATIVA,1,91,1,5,distancia 1,True,
PORTABILIDAD,CONTABILIDAD,3,252,1,5,distancia 2,True,
INFRAESTRUCTURE,INFRAESTRUCTURA,2,297,2,5,distancia 1,False,
CODIRECTOR,DIRECTOR,2,979,2,5,distancia 2,True,
COMERICLA,COMERCIAL,2,1350,1,5,distancia 2,True,
EXCECUTIVE,EXECUTIVE,2,81,2,5,distancia 1,False,
MONTACARGUIST,MONTACARGUISTA,1,62,2,5,distancia 1,False,
CORPORATIVA3,CORPORATIVA,1,91,1,5,distancia 1,True,
REPARACON,REPARACION,1,21,2,5,distancia 1,False,
REPRESENTANT,REPRESENTANTE,1,208,1,5,distancia 1,True,
PREPARACON,PREPARACION,1,36,1,5,distancia 1,False,
PASATELERI,PASTELERO,1,32,1,5,distancia 2,False,
DUCHERO,COCHERO,1,14,1,5,distancia 2,True,
INTRUCTOR,INSTRUCTOR,1,37,1,5,distancia 1,True,
ELECTRI,ELECTRICO,2,205,2,5,distancia 2,True,
INVERION,INVERSION,1,22,1,5,distancia 1,True,
ELETROMECANICOS,ELECTROMECANICO,1,37,1,5,distancia 2,True,
DESARROLLOR,DESARROLLO,1,829,1,5,distancia 1,False,
MANTENTEMIENTO,MANTENIMIENTO,1,978,1,4,distancia 2,False,
TURISMP,TURISMO,1,14,2,4,distancia 1,False,
CORPORATIVA6,CORPORATIVA,1,91,1,4,distancia 1,True,
COORINADORA,COORDINADORA,3,1029,2,4,distancia 1,False,
INIVIDUAL,INDIVIDUAL,1,14,1,4,distancia 1,False,
BOBINERO,COCINERO,1,62,1,4,distancia 2,False,
SCANEADOR,PLANEADOR,1,20,1,4,distancia 2,True,
EMPRENDIEMIENTO,EMPRENDIMIENTO,2,27,1,4,distancia 1,False,
PRESUPUESTAL,PRESUPUESTO,2,69,2,4,distancia 2,False,
COMPUTACIУN,COMPUTACION,1,33,1,4,distancia 1,False,
TERMINA,TERMINAL,1,22,1,4,distancia 1,False,
GARITERA,CARTERA,1,170,1,4,distancia 2,True,
ADMINISTRATIV0,ADMINISTRATIVO,2,769,2,4,distancia 1,True,
PSICOLOGUE,PSICOLOGO,1,47,1,4,distancia 2,True,
INVENATRIO,INVENTARIO,1,90,1,4,distancia 1,False,
MANTEIMIENTO,MANTENIMIENTO,1,978,1,4,distancia 1,False,
CONTABLE3,CONTABLE,1,393,2,4,distancia 1,True,
CORPORATI,CORPORATE,1,25,2,4,distancia 1,False,
RECIBIDO,RECIBIDOR,1,31,1,4,distancia 1,False,
BIENESTRA,BIENESTAR,2,115,2,4,distancia 1,False,
VICEDIRECTORA,VICERRECTORA,1,12,1,4,distancia 2,True,
ALMENTACION,ALIMENTACION,1,28,2,4,distancia 1,False,
LOGISTCA,LOGISTICA,2,666,2,4,distancia 1,True,
GESTORIA,GESTORA,2,45,1,4,distancia 1,False,
PROFESOSR,PROFESOR,2,222,1,4,distancia 1,True,
REGSITRO,REGISTRO,1,18,2,4,distancia 1,False,
PROYETOS,PROYECTO,1,145,2,4,distancia 2,False,
COMPUTADOR,COMPRADOR,2,61,2,4,distancia 2,False,
TIZADOR,MIRADOR,1,17,2,4,distancia 2,True,
MARINADO,MARINERO,1,35,1,4,distancia 2,False,
INFOMATICO,INFORMATICO,1,21,2,4,distancia 1,False,
SELLLADO,SELLADO,1,16,1,4,distancia 1,False,
TRAFFICK,TRAFICO,1,44,1,4,distancia 2,False,
INTERMEDIAT,INTERMEDIATE,1,13,1,4,distancia 1,False,
CANTEADOR,CONTADOR,1,105,2,4,distancia 2,True,
RESPOSABLE,RESPONSABLE,2,400,2,4,distancia 1,False,
CREDTITO,CREDITO,1,472,1,4,distancia 1,True,
AGREGADOR,AGREGADO,1,24,1,4,distancia 1,False,
INPECCION,INYECCION,1,30,1,4,distancia 1,False,
DESARROLLADO,DESARROLLADOR,1,124,1,4,distancia 1,False,
SUMINSTRO,SUMINISTRO,1,30,1,4,distancia 1,True,
VOLCADOR,SOLDADOR,1,90,1,4,distancia 2,False,
CLEANNING,PLANNING,1,69,2,4,distancia 2,False,
PLANDES,PLANNER,1,95,1,4,distancia 2,False,
COMPUTACIТN,COMPUTACION,1,33,1,4,distancia 1,False,
SUPEVISOR,SUPERVISOR,2,2771,2,4,distancia 1,True,
SUBCONTRALOR,SUBCONTADOR,1,10,2,4,distancia 2,True,
TELARISTA,TERAPISTA,1,13,1,4,distancia 2,False,
RESPONSABILDAD,RESPONSABILIDAD,1,60,2,4,distancia 1,False,
FACTURACUON,FACTURACION,1,221,1,4,distancia 1,True,
COORDONADORA,COORDINADORA,1,1029,1,4,distancia 1,False,
EJECTUTIVA,EJECUTIVA,1,291,1,4,distancia 1,False,
CORPORATIVA7,CORPORATIVA,1,91,1,4,distancia 1,True,
CANALIDAD,CALIDAD,2,1020,1,4,distancia 2,False,
MAQUINADO,MAQUINA,1,146,1,4,distancia 2,False,
TERNERAS,TERCERA,2,43,2,4,distancia 2,False,
AUTOMATISTA,AUTOMATICA,1,14,1,4,distancia 2,False,
EXPORTAC,EXPORT,3,35,2,4,distancia 2,False,
ANALITYCS,ANALITICA,2,57,1,4,distancia 2,False,
EJECUTIV,EJECUTIVO,2,975,2,4,distancia 1,True,
MANTIMIENTO,MANTENIMIENTO,2,978,2,4,distancia 2,True,
DESPACH,DESPACHO,1,119,1,4,distancia 1,True,
FINANCER,FINANCE,1,103,1,3,distancia 1,False,
ECOLOGO,TECNOLOGO,3,63,1,3,distancia 2,False,
DOCNETE,DOCENTE,2,503,1,3,distancia 1,False,
MOTORIZADO1,MOTORIZADO,1,14,1,3,distancia 1,True,
ORALIDAD,CALIDAD,1,1020,1,3,distancia 2,False,
ADMINISTARTIVA,ADMINISTRATIVA,1,387,1,3,distancia 1,False,
OPERAADORA,OPERADORA,1,24,1,3,fonetica,False,
OPERDOR,OPERADOR,2,1781,2,3,distancia 1,True,
PREDITOR,CREDITO,1,472,1,3,distancia 2,True,
HALADOR,LAVADOR,2,24,2,3,distancia 2,False,
GAPALAPAGOS,GALAPAGOS,1,16,1,3,distancia 2,False,
JALADOR,LAVADOR,2,24,1,3,distancia 2,False,
LITERARATURA,LITERATURA,1,26,1,3,distancia 2,False,
CURVADOR,CORTADOR,1,33,1,3,distancia 2,False,
ESTRATEGI,ESTRATEGIA,1,101,1,3,distancia 1,True,
PIMPIEZA,LIMPIEZA,1,275,1,3,distancia 1,True,
SOSTENIBILID,SOSTENIBILIDAD,2,76,2,3,distancia 2,False,
PETSCAN,PESCA,3,32,1,3,distancia 2,False,
TRANIEE,TRAINEE,1,49,1,3,distancia 1,False,
SALUDSA,SALUD,1,411,1,3,distancia 2,False,
CLASIFICADAS,CLASIFICADOR,1,20,1,3,distancia 2,False,
RECIDENTE,RESIDENTE,1,67,1,3,fonetica,True,
ADMIISTRATIV,ADMINISTRATIVO,1,769,1,3,distancia 2,True,
EXPERIEN,EXPERIENCE,1,73,1,3,distancia 2,False,
FERFORACION,PERFORACION,1,31,1,3,distancia 1,True,
RECAUDAROR,RECAUDADOR,1,41,1,3,distancia 1,False,
INTELIIGENCE,INTELLIGENCE,1,50,2,3,distancia 1,True,
ACAMEDICO,ACADEMICO,1,136,2,3,distancia 2,True,
REPONSABLE,RESPONSABLE,2,400,2,3,distancia 1,True,
FACTURACIO,FACTURACION,1,221,1,3,distancia 1,False,
AUTOMATIZACI,AUTOMATIZACION,1,63,2,3,distancia 2,False,
DESARRROLLO,DESARROLLO,1,829,1,3,fonetica,False,
REGIONNAL,REGIONAL,1,383,1,3,fonetica,False,
ELECTRISISTA,ELECTRICISTA,1,68,1,3,fonetica,False,
INSTADOR,INSTALADOR,2,44,2,3,distancia 2,True,
DESPCHO,DESPACHO,1,119,2,3,distancia 1,True,
ASISTANT,ASSISTANT,2,195,2,3,fonetica,False,
ADNMINISTRACION,ADMINISTRACION,1,314,2,3,distancia 1,False,
ESPECIALSITA,ESPECIALISTA,1,1453,1,3,distancia 1,True,
PREPARADOS,PREPARADOR,1,59,1,3,distancia 1,False,
ASSURAN,ASSURANCE,2,40,2,3,distancia 2,False,
INFRAESTRUCURA,INFRAESTRUCTURA,2,297,2,3,distancia 1,True,
SUBGERNTE,SUBGERENTE,1,429,1,3,distancia 1,False,
TUTOREO,TUTOR,1,40,1,3,distancia 2,True,
ELECTRONI,ELECTRONICO,2,55,2,3,distancia 2,False,
EXSERSA,EXTERNA,1,43,1,3,distancia 2,False,
ACCOUNTIN,ACCOUNTING,2,48,1,3,distancia 1,True,
INOVACION,INNOVACION,1,169,2,3,fonetica,False,
EMBALAJ,EMBALAJE,1,13,1,3,distancia 1,False,
COORDINAD,COORDINADOR,2,4019,2,3,distancia 2,True,
ETIQUETEADOR,ETIQUETADO,1,37,1,3,distancia 2,False,
MODELIZACION,FIDELIZACION,2,36,1,3,distancia 2,False,
ADDMINISTRADOR,ADMINISTRADOR,1,444,1,3,fonetica,False,
ENCARGA,ENCARGADO,2,200,2,3,distancia 2,False,
ESTRUCTURADO,ESTRUCTURA,2,25,2,3,distancia 2,False,
DOSIFICADORA,DOSIFICADOR,1,18,2,3,distancia 1,False,
AVERIAS,ACERIA,1,10,1,3,distancia 2,False,
PLANEADO,PLANEADOR,2,20,2,3,distancia 1,False,
COMUNICACIONAL,COMUNICACION,1,324,2,3,distancia 2,False,
WHAREHOUSE,WAREHOUSE,2,39,2,3,fonetica,True,
AUDITORI,AUDITOR,2,216,2,3,distancia 1,False,
INFRESTRUCTURA,INFRAESTRUCTURA,3,297,2,3,distancia 1,False,
HOSPITALARI,HOSPITALARIA,1,13,1,3,distancia 1,False,
LIMIEZA,LIMPIEZA,2,275,2,3,distancia 1,False,
MARKENTIG,MARKETING,2,694,2,2,distancia 2,True,
EDUCACIУN,EDUCACION,1,151,1,2,distancia 1,True,
STANDAR,ESTANDAR,1,22,1,2,distancia 1,False,
RECEPCIONIS,RECEPCION,1,154,1,2,distancia 2,False,
PUBLICID,PUBLICIDAD,1,59,1,2,distancia 2,False,
SOCIALE,SOCIAL,1,240,1,2,distancia 1,True,
PRESIDENICA,PRESIDENCIA,1,53,1,2,distancia 1,False,
TRANSFOMACION,TRANSFORMACION,1,80,1,2,distancia 1,False,
ENTIBADO,ESTIBADOR,1,46,2,2,distancia 2,False,
VINCULACON,VINCULACION,1,43,1,2,distancia 1,False,
ENCARAGADA,ENCARGADA,2,60,1,2,distancia 1,False,
PRORECTOR,PROTECTOR,1,10,1,2,distancia 1,True,
AGRICOL,AGRICOLA,1,161,1,2,distancia 1,False,
IMPUSADOR,IMPULSADOR,1,13,1,2,distancia 1,True,
HADWARE,HARDWARE,1,25,1,2,distancia 1,False,
JURDIDICO,JURIDICO,1,88,1,2,distancia 1,False,
PERCHEO,PERCHERO,1,16,1,2,distancia 1,False,
AMBIENTA,AMBIENTE,1,253,1,2,distancia 1,False,
DIRECCON,DIRECCION,2,121,2,2,distancia 1,False,
EMSAMBLE,ENSAMBLE,1,19,1,2,distancia 1,True,
COMPENSACI,COMPENSACION,1,38,1,2,distancia 2,False,
INTEGRADA,INTEGRADO,2,25,1,2,distancia 1,False,
GERENTEN,GERENTE,1,2838,1,2,distancia 1,False,
COMERCIALE,COMERCIAL,1,1350,1,2,distancia 1,True,
TESORIA,TESORERIA,1,147,1,2,distancia 2,False,
TRASNFROMACION,TRANSFORMACION,1,80,1,2,distancia 2,False,
CONSUTOR,CONSULTOR,1,195,1,2,distancia 1,True,
ADMISINISTA,ADMISIONISTA,1,11,1,2,distancia 1,True,
POLIMERO,PRIMERO,1,10,1,2,distancia 2,False,
VETTERINARIO,VETERINARIO,1,15,1,2,fonetica,False,
TERMINADA,TERMINADO,1,76,1,2,distancia 1,False,
PUBLCIAS,PUBLICA,1,18,1,2,distancia 2,False,
PROFECIONAL,PROFESIONAL,1,127,1,2,fonetica,True,
COTACHI,COACH,1,21,1,2,distancia 2,False,
INTEGRAD,INTEGRAL,1,83,1,2,distancia 1,False,
INGINERA,INGENIERA,1,55,1,2,distancia 2,True,
HEALT,HEALTH,1,15,1,2,fonetica,False,
YUDANTE,AYUDANTE,1,1333,1,2,distancia 1,True,
SECRETIARIA,SECRETARIA,1,305,1,2,distancia 1,False,
CORRDINADORA,COORDINADORA,1,1029,1,2,fonetica,False,
CONTROLLONG,CONTROLLING,1,17,1,2,distancia 1,False,
MEDECIN,MEDICINA,1,37,1,2,distancia 2,False,
ALAMACEN,ALMACEN,1,136,1,2,distancia 1,False,
CENTRADOR,CONTADOR,1,105,1,2,distancia 2,True,
DISMERO,DISENO,1,239,1,2,distancia 2,False,
CONSLTORIO,CONSULTORIO,1,32,1,2,distancia 1,True,
ASEGURAMIETO,ASEGURAMIENTO,1,148,1,2,distancia 1,False,
ASISTENET,ASISTENTE,1,4835,1,2,distancia 1,True,
DESARROLLDOR,DESARROLLADOR,1,124,1,2,distancia 1,False,
CORPORATIVA5,CORPORATIVA,1,91,1,2,distancia 1,True,
ITERNNO,INTERNO,1,156,1,2,distancia 2,True,
DARIOLOGO,RADIOLOGO,1,13,1,2,distancia 2,True,
ADMISTRADOR,ADMINISTRADOR,1,444,1,2,distancia 2,True,
ANALISISTA,ANALISTA,1,3513,1,2,distancia 2,True,
MERCHADISING,MERCHANDISING,1,28,1,2,distancia 1,False,
METROLGIA,METROLOGIA,1,15,1,2,distancia 1,False,
COLTROL,CONTROL,1,1063,1,2,distancia 1,False,
CONSULORA,CONSULTORA,1,16,1,2,distancia 1,False,
MEETALMECANICA,METALMECANICA,1,33,1,2,fonetica,False,
AUTORSERVICIOS,AUTOSERVICIO,1,12,1,2,distancia 2,False,
DELINEA,LINEA,1,198,1,2,distancia 2,False,
ANAISTA,ANALISTA,1,3513,1,2,distancia 1,True,
YGESTION,GESTION,1,1067,1,2,distancia 1,False,
COSINERA,COCINERO,1,62,1,2,distancia 2,False,
YCONTROL,CONTROL,1,1063,1,2,distancia 1,False,
COSTAIO,COSTA,1,182,1,2,distancia 2,True,
AUTOMATIZ,AUTOMOTRIZ,1,93,1,2,distancia 2,False,
AYUDAND,AYUDANDE,1,10,1,2,distancia 1,False,
EMPRESARIOS,EMPRESARIAL,1,58,1,2,distancia 2,False,
APORQUE,PARQUE,1,19,1,2,distancia 2,False,
METEREOLOGIA,METROLOGIA,1,15,1,2,distancia 2,False,
HERAMIENTAS,HERRAMIENTAS,1,26,1,2,fonetica,False,
COODINATOR,COORDINATOR,1,241,1,2,distancia 1,True,
METAMECANICA,METALMECANICA,1,33,1,2,distancia 1,False,
CUSTUMER,CUSTOMER,1,223,1,2,distancia 1,True,
DEARTAMENTO,DEPARTAMENTO,1,88,1,2,distancia 1,False,
ENCAJADO,ENCARGADO,2,200,1,2,distancia 2,False,
EMBARQU,EMBARQUE,1,36,1,2,distancia 1,True,
SOLUTIO,SOLUTION,1,24,1,2,distancia 1,False,
ACUACULTU,ACUACULTURA,1,19,1,2,distancia 2,False,
PIBLICAS,PUBLICA,1,18,1,2,distancia 2,True,
ADMINISTRADORADE,ADMINISTRADORA,1,75,1,2,distancia 2,False,
APREDIZAJE,APRENDIZAJE,1,41,1,2,distancia 1,False,
QHSSE,QHSE,1,14,1,2,fonetica,True,
SUPERVICION,SUPERVISION,1,15,1,2,fonetica,False,
COCINADOR,CORDINADOR,1,38,1,2,distancia 2,False,
FERMERIA,ENFERMERIA,1,130,1,2,distancia 2,True,
DSARRLLO,DESARROLLO,1,829,1,2,distancia 2,False,
ASISTANCE,ASISTENTE,1,4835,1,2,distancia 2,False,
TRUIPULANTE,TRIPULANTE,1,37,1,2,distancia 1,False,
PROCES,PROCESS,1,31,1,2,fonetica,True,
CAMPAMEN,CAMPAMENTO,1,35,1,2,distancia 2,False,
COORDINAROS,COORDINADOR,1,4019,1,2,distancia 2,False,
SERVICIOS5,SERVICIO,1,706,1,2,distancia 2,True,
PORYECTO,PROYECTO,1,145,1,2,distancia 1,True,
AUTODITORA,AUDITORA,1,24,1,2,distancia 2,True,
SERVICIOS2,SERVICIO,1,706,1,2,distancia 2,True,
PARTHER,PARTNER,1,143,1,2,distancia 1,False,
INFROMATICOS,INFORMATICO,1,21,1,2,distancia 2,False,
ENGENIEER,ENGINEER,1,225,1,2,distancia 2,False,
TENCINO,TECNICO,1,2598,2,2,distancia 2,True,
REEMPAQUE,EMPAQUE,1,145,1,2,distancia 2,False,
PRINCING,PRICING,2,53,2,2,distancia 1,False,
ADINISTRACION,ADMINISTRACION,1,314,1,2,distancia 1,False,
APREDINZAJE,APRENDIZAJE,1,41,1,2,distancia 2,False,
COORDINADIR,COORDINADOR,1,4019,1,2,distancia 1,False,
AYUNATE,AYUDANTE,1,1333,1,2,distancia 2,True,
CONSILTOR,CONSULTOR,1,195,1,2,distancia 1,False,
DESARROLISTA,DESARROLLISTA,1,25,1,2,distancia 1,True,
EXTRUSI,EXTRUSION,1,28,1,2,distancia 2,False,
ARQUITECT,ARQUITECTO,1,79,1,2,distancia 1,False,
ORGANIZACI,ORGANIZACION,1,20,1,2,distancia 2,False,
KACCOUNT,ACCOUNT,1,166,1,2,distancia 1,False,
PEDAGOGA,PEDAGOGICA,1,16,1,2,distancia 2,False,
ADMINISTRDOR,ADMINISTRADOR,1,444,1,2,distancia 1,True,
MASTERADO,MASTERIZADO,1,15,1,2,distancia 2,True,
ASOCIOS,SOCIO,1,46,1,2,distancia 2,False,
SELECCIO,SELECCION,1,110,1,2,distancia 1,False,
COMINICACION,COMUNICACION,1,324,1,2,distancia 1,False,
INSFRAESTRUCTURA,INFRAESTRUCTURA,1,297,1,2,distancia 1,False,
ACADEMI,ACADEMICA,1,148,1,2,distancia 2,False,
ADMINISTARDOR,ADMINISTRADOR,1,444,1,2,distancia 1,False,
CITOLOGO,BIOLOGO,1,22,1,2,distancia 2,False,
NEGOSCIOS,NEGOCIO,1,126,1,2,distancia 2,False,
VEHICULOAS,VEHICULAR,1,29,1,2,distancia 2,False,
FACTUACION,FACTURACION,1,221,1,2,distancia 1,False,
DOGITAL,DIGITAL,1,289,1,2,distancia 1,True,
DESENADORA,DISENADORA,1,27,1,2,distancia 1,False,
ASSISTENT,ASSISTANT,2,195,2,2,distancia 1,False,
REPRESENTATIV,REPRESENTATIVE,1,77,1,2,distancia 1,True,
BILBIOTECA,BIBLIOTECA,1,30,1,2,distancia 1,False,
CENSADOR,CONTADOR,1,105,1,2,distancia 2,True,
SIERA,SIERRA,1,214,1,2,fonetica,True,
AMBOIENTE,AMBIENTE,1,253,1,2,distancia 1,True,
COORDINANDOR,COORDINADOR,1,4019,2,2,distancia 1,False,
JURUDICO,JURIDICO,1,88,1,2,distancia 1,False,
ELECTICOS,ELECTRICO,1,205,1,2,distancia 2,False,
COORIDINADOR,COORDINADOR,1,4019,1,2,distancia 1,False,
SOFTWAR,SOFTWARE,1,145,1,2,distancia 1,False,
ENTRENAMIENT,ENTRENAMIENTO,1,61,1,2,distancia 1,True,
DEINTERNACIONAL,INTERNACIONAL,1,62,1,2,distancia 2,False,
LARVICURLTURA,LARVICULTURA,1,11,1,2,distancia 1,False,
PRESALE,PESAJE,1,19,1,2,distancia 2,True,
SUPERVIS,SUPERVISOR,1,2771,1,2,distancia 2,False,
MATEMATOCAS,MATEMATICA,1,11,1,2,distancia 2,False,
SPECIALUST,SPECIALIST,1,409,1,2,distancia 1,False,
ELECTROMECANI,ELECTROMECANICO,1,37,1,2,distancia 2,False,
COPASTOR,PASTOR,1,10,1,2,distancia 2,True,
EXEMPLEADO,EMPLEADO,1,23,1,2,distancia 2,True,
ABASTECIMIEN,ABASTECIMIENTO,1,123,1,2,distancia 2,False,
NCARGADO,ENCARGADO,1,200,1,2,distancia 1,True,
PROPIED,PROPIEDAD,1,12,1,2,distancia 2,False,
CORPORAT,CORPORATE,2,25,2,2,distancia 1,False,
ELEMENTOS,ELEMENTAL,1,62,1,2,distancia 2,False,
COMMUTY,COMMUNITY,1,40,1,2,distancia 2,False,
MANAGEM,MANAGER,1,890,1,2,distancia 1,False,
REABASTECIMIENTO,ABASTECIMIENTO,1,123,1,2,distancia 2,False,
REGULAORIOS,REGULATORIO,1,35,1,2,distancia 2,False,
TRIMADOR,ARMADOR,1,25,1,2,distancia 2,True,
DOSIFICADO,DOSIFICADOR,1,18,1,2,distancia 1,False,
ADMINNIST,ADMINIST,1,35,1,2,fonetica,False,
AISISTENTE,ASISTENTE,1,4835,1,2,distancia 1,True,
SUPERVOSR,SUPERVISOR,1,2771,1,2,distancia 2,True,
PUCBLICAS,PUBLICA,1,18,1,2,distancia 2,True,
CIMPRAS,COMPRA,1,32,1,2,distancia 2,False,
AUXILIARE,AUXILIAR,1,2069,1,2,distancia 1,True,
SONDAJE,MONTAJE,1,39,1,2,distancia 2,False,
FORMACIONY,FORMACION,1,64,1,2,distancia 1,False,
PORVEDURIA,PROVEEDURIA,1,16,1,2,distancia 2,False,
BIENIESTAR,BIENESTAR,2,115,1,2,distancia 1,False,
SISTERMAS,SISTEMA,1,140,1,2,distancia 2,False,
CONTING,CONTINUA,1,112,1,2,distancia 2,False,
COMMUNNITY,COMMUNITY,1,40,1,2,fonetica,False,
ENCARGARDO,ENCARGADO,2,200,1,2,distancia 1,False,
ADMINISTRATICO,ADMINISTRATIVO,1,769,1,2,distancia 1,False,
ADMINSTRATION,ADMINISTRATION,1,16,1,2,distancia 1,False,
INTERIO,INTERNO,1,156,2,2,distancia 1,False,
MAQUNARIA,MAQUINARIA,1,102,1,2,distancia 1,True,
LIGADOR,LAVADOR,2,24,2,2,distancia 2,True,
ACADEMINO,ACADEMICO,1,136,1,2,distancia 1,True,
TRADICIO,TRAFICO,1,44,1,2,distancia 2,False,
CINTABLE,CONTABLE,1,393,1,2,distancia 1,False,
IFICIAL,OFICIAL,1,465,1,2,distancia 1,True,
COORDINADORD,COORDINADOR,1,4019,1,2,distancia 1,True,
MECANISTA,MECANICA,1,94,1,2,distancia 2,True,
INSTICIONAL,INSTITUCIONAL,1,95,1,2,distancia 2,True,
PRODUCTIV,PRODUCTIVO,1,24,1,2,distancia 1,False,
ABASTECIMIENOT,ABASTECIMIENTO,1,123,1,2,distancia 1,True,
MUESTRADOR,MOSTRADOR,1,47,1,2,distancia 2,False,
ANDANAS,ANDINA,1,25,1,2,distancia 2,False,
SUPERVISOREN,SUPERVISOR,1,2771,1,2,distancia 2,False,
RECTEUR,RECTOR,1,13,1,2,distancia 2,False,
BOHEGUERO,BODEGUERO,1,182,1,2,distancia 1,True,
DIRCTORA,DIRECTORA,1,355,1,2,distancia 1,True,
TERNEROS,TORNERO,1,25,1,2,distancia 2,False,
INTERNACI,INTERNA,1,79,1,2,distancia 2,False,
DIRECCIOM,DIRECCION,1,121,1,2,distancia 1,False,
SECRETAIRE,SECRETARIA,1,305,1,2,distancia 2,True,
TELEMARCADEO,TELEMERCADEO,1,15,1,2,distancia 1,False,
ASISSTANT,ASSISTANT,1,195,1,2,fonetica,False,
CHOFERB,CHOFER,1,447,1,2,distancia 1,True,
INTERFAZ,INTERNA,1,79,1,2,distancia 2,False,
ESPECISLISTA,ESPECIALISTA,1,1453,1,2,distancia 1,True,
TORNEOS,TORNERO,2,25,1,2,distancia 2,False,
ADMISNITRATIVA,ADMINISTRATIVA,1,387,1,2,distancia 2,True,
PROFESI,PROFESOR,2,222,2,2,distancia 2,False,
BENFICIOS,BENEFICIO,1,19,1,2,distancia 2,False,
ECOMMECE,ECOMMERCE,1,27,1,2,distancia 1,False,
PROFEDORA,PROFESORA,1,166,1,2,distancia 1,False,
FACILITES,FACILITIES,1,26,1,2,distancia 1,False,
CUARATO,CUARTO,1,24,1,2,distancia 1,False,
VISTADOR,VISITADOR,1,81,1,2,distancia 1,False,
ADIMINISTRATIVA,ADMINISTRATIVA,1,387,1,2,distancia 1,True,
EJECUITIVO,EJECUTIVO,1,975,1,2,distancia 1,False,
COORP,CORP,1,21,1,2,fonetica,False,
CHIOFER,CHOFER,1,447,1,2,distancia 1,True,
REFINANCIAMIENTO,FINANCIAMIENTO,1,12,1,2,distancia 2,False,
DESCARTONADO,ENCARTONADO,1,22,1,2,distancia 2,False,
ESTRATEG,ESTRATEGIA,2,101,2,2,distancia 2,False,
INFLUCENCERS,INFLUENCER,1,12,1,2,distancia 2,False,
SAVITAL,CAPITAL,1,14,1,2,distancia 2,False,
COORDINARA,COORDINADORA,1,1029,1,2,distancia 2,False,
METROLOGIST,METROLOGIA,1,15,1,2,distancia 2,False,
GREMIOS,PRECIOS,1,40,1,2,distancia 2,False,
CORRDONADORA,COORDINADORA,1,1029,1,2,distancia 2,False,
CUBIERA,CUBIERTA,1,24,1,2,distancia 1,False,
PROGRAMACIO,PROGRAMACION,1,47,1,2,distancia 1,False,
PLNIFICACION,PLANIFICACION,1,382,1,2,distancia 1,False,
ADMINIISTRADOR,ADMINISTRADOR,1,444,1,2,fonetica,False,
PLANIFIACION,PLANIFICACION,1,382,1,2,distancia 1,False,
COMMECIAL,COMMERCIAL,1,78,1,2,distancia 1,True,
SPECIALI,SPECIALIST,1,409,1,2,distancia 2,False,
RCEPCION,RECEPCION,1,154,1,2,distancia 1,False,
RECTROEXCAVADORA,RETROEXCAVADORA,1,17,1,2,distancia 1,True,
INCLUSIVOS,INCLUSION,1,13,1,2,distancia 2,False,
POSVENT,POSVENTA,1,57,1,2,distancia 1,False,
ELETRONICA,ELECTRONICA,1,44,1,2,distancia 1,False,
RESPNSABLE,RESPONSABLE,1,400,1,2,distancia 1,False,
DISTRIBU,DISTRITO,1,24,1,2,distancia 2,False,
SUBGERENTEY,SUBGERENTE,1,429,1,2,distancia 1,False,
ESTRATEGIC,ESTRATEGIA,1,101,1,2,distancia 1,False,
POTSGRADO,POSTGRADO,1,22,1,2,distancia 1,False,
ASSITENT,ASISTENTE,1,4835,1,2,distancia 2,False,
REPUSETOS,REPUESTO,1,13,1,2,distancia 2,False,
ECOMPLIANCE,COMPLIANCE,1,56,2,2,distancia 1,False,
CORPORATIV0,CORPORATIVO,1,297,1,1,distancia 1,False,
MNATENIMIENTO,MANTENIMIENTO,1,978,1,1,distancia 1,True,
INFRAESCTRUTURA,INFRAESTRUCTURA,1,297,1,1,distancia 2,True,
RETEAIL,RETAIL,1,101,1,1,distancia 1,False,
MAILLING,BILLING,1,17,1,1,distancia 2,False,
DOCUMENTA,DOCUMENTAL,1,65,1,1,distancia 1,False,
REEPCION,RECEPCION,1,154,1,1,distancia 1,False,
CARGADOR1,CARGADORA,1,16,1,1,distancia 1,False,
MEVCANICO,MECANICO,1,444,1,1,distancia 1,True,
ASEGURAMEINTO,ASEGURAMIENTO,1,148,1,1,distancia 1,False,
SUPERVISI,SUPERVISOR,1,2771,1,1,distancia 2,False,
TECNOLOGIADE,TECNOLOGIA,1,254,1,1,distancia 2,False,
SPECIAIST,SPECIALIST,1,409,1,1,distancia 1,False,
INFORMATI,INFORMATICA,1,65,1,1,distancia 2,False,
ABSTECIMIENTO,ABASTECIMIENTO,1,123,1,1,distancia 1,False,
INSTALDOR,INSTALADOR,1,44,1,1,distancia 1,False,
ABASTACIMIENTO,ABASTECIMIENTO,1,123,1,1,distancia 1,False,
SEUPERVIDOR,SUPERVISOR,1,2771,1,1,distancia 2,True,
SEGURIDADY,SEGURIDAD,1,957,1,1,distancia 1,False,
DOCUMENTARIO,DOCUMENTACION,1,66,1,1,distancia 2,False,
METLAMECANICA,METALMECANICA,1,33,1,1,distancia 1,True,
ACUICULTURA,ACUACULTURA,1,19,1,1,distancia 1,False,
ASIENTE,ASITENTE,1,40,1,1,distancia 1,False,
BACKOFFI,BACKOFFICE,1,26,1,1,distancia 2,False,
EXPANCION,EXPANSION,1,20,1,1,fonetica,False,
NORMATIV,NORMATIVA,1,11,1,1,distancia 1,False,
INGENIRERO,INGENIERO,1,704,1,1,distancia 1,False,
FITOSANITAR,FITOSANITARIO,1,17,1,1,distancia 2,False,
OPERARIVO,OPERARIO,1,397,1,1,distancia 1,False,
DEPROVEEDURIA,PROVEEDURIA,1,16,1,1,distancia 2,True,
PLANIFICACIONY,PLANIFICACION,1,382,1,1,distancia 1,False,
IDUSTRIAL,INDUSTRIAL,1,314,1,1,distancia 1,False,
SANIDADA,SANIDAD,1,33,1,1,distancia 1,False,
FLORISOL,FLORICOLA,1,10,1,1,distancia 2,False,
FARMACE,FARMACIA,1,72,1,1,distancia 2,False,
PROIVEEDURIA,PROVEEDURIA,1,16,1,1,distancia 1,True,
UPERVISOR,SUPERVISOR,1,2771,1,1,distancia 1,False,
FISCALIZADAS,FISCALIZADOR,1,15,1,1,distancia 2,False,
RECREACIONISTA,RECEPCIONISTA,1,110,1,1,distancia 2,False,
EFEFMERA,ENFERMERA,1,65,1,1,distancia 2,True,
CONTABILDIAD,CONTABILIDAD,1,252,1,1,distancia 1,True,
STRATEGYST,STRATEGY,1,27,1,1,distancia 2,False,
MAQUINARA,MAQUINARIA,1,102,1,1,distancia 1,False,
SUBEGRENTE,SUBGERENTE,1,429,1,1,distancia 1,True,
SUSPERVISOR,SUPERVISOR,1,2771,1,1,distancia 1,False,
SUPERVIOR,SUPERVISOR,1,2771,1,1,distancia 1,True,
COODIRNADOR,COODINADOR,1,22,1,1,distancia 1,False,
ESCENCIAL,ESPECIAL,1,20,1,1,distancia 2,False,
MAINTENANC,MAINTENANCE,1,32,1,1,distancia 1,False,
DISENOR,DISENO,1,239,1,1,distancia 1,False,
CONTNIUA,CONTINUA,1,112,1,1,distancia 1,False,
MONATJE,MONTAJE,1,39,1,1,distancia 1,True,
MANTENINIMIENTO,MANTENIMIENTO,1,978,1,1,distancia 2,False,
INVETARIO,INVENTARIO,1,90,1,1,distancia 1,False,
CAFETETIA,CAFETERIA,1,29,1,1,distancia 1,False,
TERMIANDO,TERMINADO,1,76,1,1,distancia 1,False,
DRLLADOR,SELLADOR,1,11,1,1,distancia 2,False,
POSTCOSEHA,POSTCOSECHA,1,53,1,1,distancia 1,True,
PATERON,PATRON,1,10,1,1,distancia 1,True,
ASISTETEN,ASISTENTE,1,4835,1,1,distancia 2,True,
OPERRAIO,OPERARIO,1,397,1,1,distancia 1,False,
EGRESADO,AGREGADO,1,24,1,1,distancia 2,False,
LIMPIEZ,LIMPIEZA,1,275,1,1,distancia 1,False,
BILIOTECA,BIBLIOTECA,1,30,1,1,distancia 1,False,
HUMALAB,HUMANA,1,62,1,1,distancia 2,False,
ONSEJERIA,CONSEJERIA,1,13,1,1,distancia 1,False,
SIEERA,SIERRA,1,214,1,1,fonetica,False,
EMFERMERO,ENFERMERO,1,15,1,1,distancia 1,False,
CONCEJRE,CONSERJE,1,51,1,1,distancia 2,True,
ACOUNT,ACCOUNT,1,166,1,1,fonetica,False,
OPERARARIO,OPERARIO,1,397,1,1,distancia 2,True,
PLANEAMIENT,PLANEAMIENTO,1,32,1,1,distancia 1,False,
CONTROLADAS,CONTROLADOR,1,109,1,1,distancia 2,False,
JJEFE,JEFE,1,5620,1,1,fonetica,False,
COODINACION,COORDINACION,1,92,1,1,distancia 1,True,
COMPLIENCE,COMPLIANCE,1,56,1,1,distancia 1,False,
SUPEVISION,SUPERVISION,1,15,1,1,distancia 1,False,
SPECIALST,SPECIALIST,1,409,1,1,distancia 1,False,
CAMARAONERA,CAMARONERA,1,20,1,1,distancia 1,False,
INFOTMATICA,INFORMATICA,1,65,1,1,distancia 1,False,
PRODUTION,PRODUCTION,1,31,1,1,distancia 1,False,
ASSESOR,ASESOR,1,927,1,1,fonetica,True,
RADIOLOGI,RADIOLOGIA,1,15,1,1,distancia 1,False,
ADMISTRATIVE,ADMINISTRATIVE,1,39,1,1,distancia 2,True,
PSICOLOG0,PSICOLOGO,1,47,1,1,distancia 1,True,
FUIGACION,FUMIGACION,1,28,1,1,distancia 1,True,
PREPARAOR,PREPARADOR,1,59,1,1,distancia 1,False,
OFICER,OFFICER,1,56,1,1,fonetica,True,
BOODEGA,BODEGA,1,817,1,1,fonetica,False,
PLANFICADOR,PLANIFICADOR,1,120,1,1,distancia 1,False,
ESPECIALISTD,ESPECIALISTA,1,1453,1,1,distancia 1,False,
LIDEER,LIDER,1,931,1,1,fonetica,False,
REFACTURACION,FACTURACION,1,221,1,1,distancia 2,False,
INGENEIRO,INGENIERO,1,704,1,1,distancia 1,False,
NACIONA,NACIONAL,1,511,1,1,distancia 1,False,
SOLADADOR,SOLDADOR,1,90,1,1,distancia 1,True,
CONECTION,COLLECTION,1,10,1,1,distancia 2,False,
ASOCIATE,ASSOCIATE,1,83,1,1,fonetica,False,
PERFOMANCE,PERFORMANCE,1,25,1,1,distancia 1,False,
BLIBLIOTECA,BIBLIOTECA,1,30,1,1,distancia 1,True,
ASEGURAMIENT,ASEGURAMIENTO,1,148,1,1,distancia 1,False,
MECANICO2,MECANICO,1,444,1,1,distancia 1,False,
SPECIALITY,SPECIALIST,1,409,1,1,distancia 2,False,
EXECUTIVA,EJECUTIVA,1,291,1,1,distancia 1,False,
LAMINACON,LAMINACION,1,19,1,1,distancia 1,False,
COMERCE,COMMERCE,1,35,1,1,fonetica,False,
TRABAJADOE,TRABAJADOR,1,267,1,1,distancia 1,False,
FRITUTA,FRUTA,1,35,1,1,distancia 2,False,
AUXILIRA,AUXILIAR,1,2069,1,1,distancia 1,False,
DEVELOPMENTE,DEVELOPMENT,1,70,1,1,distancia 1,False,
PATRCIO,PATIO,1,57,1,1,distancia 2,False,
VENTASD,VENTA,1,207,1,1,distancia 2,False,
ACENTADOR,CONTADOR,1,105,1,1,distancia 2,True,
FINANCIER0,FINANCIERO,1,362,1,1,distancia 1,True,
REGIOANAL,REGIONAL,1,383,1,1,distancia 1,False,
SPECIATIST,SPECIALIST,1,409,1,1,distancia 1,False,
DESCPACHO,DESPACHO,1,119,1,1,distancia 1,True,
DEPORTIV,DEPORTIVO,1,23,1,1,distancia 1,True,
CONTROLADOS,CONTROLADOR,1,109,1,1,distancia 1,False,
FIANCIERA,FINANCIERA,1,239,1,1,distancia 1,False,
ORGANIACIONAL,ORGANIZACIONAL,1,108,1,1,distancia 1,False,
SEGULIDAD,SEGURIDAD,1,957,1,1,distancia 1,False,
FINALIN,FINAN,1,12,1,1,distancia 2,False,
SFOTWARE,SOFTWARE,1,145,1,1,distancia 1,False,
NACINAL,NACIONAL,1,511,1,1,distancia 1,True,
ABASTECIMIENNTO,ABASTECIMIENTO,1,123,1,1,fonetica,True,
MANENIMIENTO,MANTENIMIENTO,1,978,1,1,distancia 1,True,
INNOCUIDAD,INOCUIDAD,1,18,1,1,fonetica,False,
DESCABEZADAS,DESCABEZADO,1,25,1,1,distancia 2,False,
SUSCRPCION,SUSCRIPCION,1,28,1,1,distancia 1,False,
PROFLORA,PROFESORA,1,166,1,1,distancia 2,False,
COORDONADOR,COORDINADOR,1,4019,1,1,distancia 1,False,
OPERARADOR,OPERADOR,1,1781,1,1,distancia 2,False,
GEOFONO,GEOLOGO,1,28,1,1,distancia 2,False,
SUPERVISARA,SUPERVISORA,1,226,1,1,distancia 1,True,
AYUNDANTE,AYUDANTE,1,1333,1,1,distancia 1,True,
MONITORA,MONITOR,1,45,1,1,distancia 1,False,
PERFORMACE,PERFORMANCE,1,25,1,1,distancia 1,False,
SUPERIVOR,SUPERIOR,1,70,1,1,distancia 1,False,
TRAINESS,TRAINEE,1,49,1,1,distancia 2,True,
EINCLUSION,INCLUSION,1,13,1,1,distancia 1,False,
ANALISTE,ANALISTA,1,3513,1,1,distancia 1,True,
PRCOESOS,PROCESO,1,103,1,1,distancia 2,True,
LOGISTA,LOGISTICA,1,666,1,1,distancia 2,False,
ENGIENEER,ENGINEER,1,225,1,1,distancia 1,False,
CAMINOS,CAMION,1,35,1,1,distancia 2,False,
ESTERILIZ,ESTERILES,1,16,1,1,distancia 2,False,
ESTRUCTURAD,ESTRUCTURA,1,25,1,1,distancia 1,False,
OPERATNG,OPERATOR,1,54,1,1,distancia 2,False,
ACCONTING,ACCOUNTING,1,48,1,1,distancia 1,False,
CARDADO,CALZADO,1,15,1,1,distancia 2,False,
ACCCIONISTA,VACACIONISTA,1,10,1,1,distancia 2,True,
TRABAJJOR,TRABAJADOR,1,267,1,1,distancia 2,False,
ADMCION,ADMIN,1,75,1,1,distancia 2,False,
MACANICA,MECANICA,1,94,1,1,distancia 1,True,
OCACIONAL,OCASIONAL,1,15,1,1,fonetica,True,
ROYECTOS,PROYECTO,1,145,1,1,distancia 2,True,
ALBANIN,ALBANIL,1,45,1,1,distancia 1,False,
INPECTOR,INSPECTOR,1,290,1,1,distancia 1,False,
DOCENTR,DOCENTE,1,503,1,1,distancia 1,True,
ABONADOS,ABOGADO,1,52,1,1,distancia 2,False,
BIENENSTAR,BIENESTAR,1,115,1,1,distancia 1,False,
TRUPULANTE,TRIPULANTE,1,37,1,1,distancia 1,True,
RESPOSANBLE,RESPONSABLE,1,400,1,1,distancia 2,False,
ADUITORIA,AUDITORIA,1,204,1,1,distancia 1,False,
BARISMO,TURISMO,1,14,1,1,distancia 2,False,
HUMANIDES,HUMANIDADES,1,30,1,1,distancia 2,False,
INFRAESTRUCTUR,INFRAESTRUCTURA,1,297,1,1,distancia 1,False,
MARKEITNG,MARKETING,1,694,1,1,distancia 1,False,
OPERITIVE,OPERATIVO,1,379,1,1,distancia 2,False,
STENCION,ATENCION,1,247,1,1,distancia 1,True,
SUPERVIRSOR,SUPERVISOR,1,2771,1,1,distancia 1,False,
CUTOVER,CUSTOMER,1,223,1,1,distancia 2,True,
CLASEADOR,PLANEADOR,1,20,1,1,distancia 2,True,
CAILDAD,CALIDAD,1,1020,1,1,distancia 1,True,
CCORDINADORA,COORDINADORA,1,1029,1,1,fonetica,False,
SELECION,SELECCION,1,110,1,1,distancia 1,False,
MAESTRIIA,MAESTRIA,1,25,1,1,fonetica,False,
PASTELER,PASTELERO,1,32,1,1,distancia 1,False,
MARKTING,MARKETING,1,694,1,1,distancia 1,False,
RESONSABLE,RESPONSABLE,1,400,1,1,distancia 1,True,
IMPRESIONJ,IMPRESION,1,31,1,1,distancia 1,True,
SUPERVOSRA,SUPERVISORA,1,226,1,1,distancia 2,True,
FISISCA,FISICA,1,167,1,1,distancia 1,False,
INGENIERIO,INGENIERO,1,704,1,1,distancia 1,False,
PRESIDEN,PRESIDENTE,1,24,1,1,distancia 2,False,
COPORATIVAS,CORPORATIVA,1,91,1,1,distancia 2,True,
CLASFICIADOR,CLASIFICADOR,1,20,1,1,distancia 2,True,
RECEPCIONISTAY,RECEPCIONISTA,1,110,1,1,distancia 1,False,
CATERIN,MATERIA,1,121,1,1,distancia 2,False,
MICREDITO,CREDITO,1,472,1,1,distancia 2,True,
MAQAUINARIA,MAQUINARIA,1,102,1,1,distancia 1,True,
EXPERIENC,EXPERIENCE,1,73,1,1,distancia 1,False,
MERCANICA,MECANICA,1,94,1,1,distancia 1,True,
INFRACTRUCTURA,INFRAESTRUCTURA,1,297,1,1,distancia 2,False,
MONTAGARGA,MONTACARGA,1,35,1,1,distancia 1,True,
ENSAMBAJE,ENSAMBLAJE,1,13,1,1,distancia 1,True,
SECRETRIA,SECRETARIA,1,305,1,1,distancia 1,False,
GARENTE,GERENTE,1,2838,1,1,distancia 1,False,
SUPERITENDENTE,SUPERINTENDENTE,1,109,1,1,distancia 1,True,
TRASNPORTE,TRANSPORTE,1,158,1,1,distancia 1,False,
CONTRACION,CONTRATACION,1,15,1,1,distancia 2,False,
AMERICAR,AMERICA,1,10,1,1,distancia 1,False,
EJECTIVO,EJECUTIVO,1,975,1,1,distancia 1,False,
SUPERIVISOR,SUPERVISOR,1,2771,1,1,distancia 1,False,
ADMISITRADOR,ADMINISTRADOR,1,444,1,1,distancia 2,True,
MULTIMED,MULTIMEDIA,1,41,1,1,distancia 2,True,
SPECILAIST,SPECIALIST,1,409,1,1,distancia 1,False,
COMUNICACN,COMUNICACION,1,324,1,1,distancia 2,True,
VALORADA,ALBORADA,1,11,1,1,distancia 2,False,
DATTA,DATA,1,149,1,1,fonetica,False,
CORODINADORA,COORDINADORA,1,1029,1,1,distancia 1,False,
POSTOCOSECHA,POSTCOSECHA,1,53,1,1,distancia 1,True,
REINGENIERIA,INGENIERIA,1,179,1,1,distancia 2,True,
ONELINE,ONLINE,1,82,1,1,distancia 1,False,
JUNIOIR,JUNIOR,1,600,1,1,distancia 1,False,
SUPERSOR,SUPERIOR,1,70,1,1,distancia 1,False,
CONRATACION,CONTRATACION,1,15,1,1,distancia 1,True,
INGINIERO,INGENIERO,1,704,1,1,distancia 1,False,
EEEEE,E,1,685,1,1,fonetica,False,
DEDESARROLLO,DESARROLLO,1,829,1,1,distancia 2,False,
ENGINER,ENGINEER,1,225,1,1,fonetica,False,
EECTRICO,ELECTRICO,1,205,1,1,distancia 1,False,
LABORARORISTA,LABORATORISTA,1,33,1,1,distancia 1,False,
HOUSEKEPPING,HOUSEKEEPING,1,10,1,1,fonetica,False,
TECNOLOGI,TECNOLOGIA,1,254,1,1,distancia 1,False,
CUMPLMIENTO,CUMPLIMIENTO,1,134,1,1,distancia 1,False,
ACUALIDAD,CALIDAD,1,1020,1,1,distancia 2,False,
UDUCATIVO,EDUCATIVO,1,28,1,1,distancia 1,True,
MERJORA,MEJORA,1,89,1,1,distancia 1,False,
AUTOMATI,AUTOMATICA,1,14,1,1,distancia 2,False,
APLICACI,APLICACION,1,18,1,1,distancia 2,False,
SUMINISTR,SUMINISTRO,1,30,1,1,distancia 1,False,
ACONDICIONA,ACONDICIONADO,1,13,1,1,distancia 2,False,
RAITING,RENTING,1,16,1,1,distancia 2,False,
GESTURH,GESTOR,1,453,1,1,distancia 2,False,
CARGADOR2,CARGADORA,1,16,1,1,distancia 1,False,
PORTOLIO,PORTAFOLIO,1,29,1,1,distancia 2,True,
TECNICAL,TECNICA,1,206,1,1,distancia 1,False,
MELAMINAS,LAMINAS,1,10,1,1,distancia 2,False,
MANTENOMIENTO,MANTENIMIENTO,1,978,1,1,distancia 1,False,
VENETAL,VEGETAL,1,15,1,1,distancia 1,False,
COMPOLETO,COMPLETO,1,162,1,1,distancia 1,True,
ENGINEERNIG,ENGINEERING,1,27,1,1,distancia 1,False,
COORPORATIVA,CORPORATIVA,1,91,1,1,fonetica,True,
PINTADOR,CONTADOR,1,105,1,1,distancia 2,False,
FIANCIERO,FINANCIERO,1,362,1,1,distancia 1,False,
BIBLITOECA,BIBLIOTECA,1,30,1,1,distancia 1,False,
EDDUCADOR,EDUCADOR,1,24,1,1,fonetica,True,
COMUNIACION,COMUNICACION,1,324,1,1,distancia 1,False,
ENGIENER,ENGINEER,1,225,1,1,distancia 1,False,
ANALITIC,ANALITICA,1,57,1,1,distancia 1,False,
CONTRTACION,CONTRATACION,1,15,1,1,distancia 1,False,
COORDIONADOR,COORDINADOR,1,4019,1,1,distancia 1,False,
ENFREMERA,ENFERMERA,1,65,1,1,distancia 1,False,
ASIATENTE,ASISTENTE,1,4835,1,1,distancia 1,True,
ADMININISTRADOR,ADMINISTRADOR,1,444,1,1,distancia 2,False,
MEDIOAM,MEDIO,1,137,1,1,distancia 2,False,
SOFTWERE,SOFTWARE,1,145,1,1,distancia 1,True,
COMUNCACION,COMUNICACION,1,324,1,1,distancia 1,False,
ORGANZACIONAL,ORGANIZACIONAL,1,108,1,1,distancia 1,False,
CORPORTIVO,CORPORATIVO,1,297,1,1,distancia 1,False,
YVENTAS,VENTA,1,207,1,1,distancia 2,False,
CLIENTEZ,CLIENTE,1,498,1,1,distancia 1,False,
AAGRONOMO,AGRONOMO,1,11,1,1,fonetica,True,
MANAGET,MANAGER,1,890,1,1,distancia 1,True,
TESORIRIA,TESORERIA,1,147,1,1,distancia 1,False,
CONECTA,COSECHA,1,45,1,1,distancia 2,False,
ADMISTRACION,ADMINISTRACION,1,314,1,1,distancia 2,False,
ESPECIALTY,ESPECIAL,1,20,1,1,distancia 2,False,
COMPUTRON,COMPUTO,1,14,1,1,distancia 2,False,
SCRETARIA,SECRETARIA,1,305,1,1,distancia 1,True,
LLANTAS,PLANTA,1,474,1,1,distancia 2,False,
VIECERRETOR,VICERRECTOR,1,15,1,1,distancia 2,False,
ASTIENTE,ASITENTE,1,40,1,1,distancia 1,False,
ANALITI,ANALISTA,1,3513,1,1,distancia 2,False,
PRESUPUETSO,PRESUPUESTO,1,69,1,1,distancia 1,False,
AMDINISTRATIVOS,ADMINISTRATIVO,1,769,1,1,distancia 2,True,
RECPCION,RECEPCION,1,154,1,1,distancia 1,True,
SSOCUPACIONAL,OCUPACIONAL,1,194,1,1,distancia 2,False,
REPATIDOR,REPARTIDOR,1,17,1,1,distancia 1,False,
COMUINICACION,COMUNICACION,1,324,1,1,distancia 1,False,
ASINTENTE,ASISTENTE,1,4835,1,1,distancia 1,True,
COMERCIALIZ,COMERCIAL,1,1350,1,1,distancia 2,False,
PRESCOLAR,PREESCOLAR,1,21,1,1,fonetica,True,
ENCARTONA,ENCARTONADO,1,22,1,1,distancia 2,False,
TEROSERIA,TESORERIA,1,147,1,1,distancia 2,True,
ASUGUARMIENTO,ASEGURAMIENTO,1,148,1,1,distancia 2,True,
CAMARONEROS,CAMARONERA,1,20,1,1,distancia 2,False,
FARMACEUTI,FARMACEUTICO,1,20,1,1,distancia 2,False,
FERTILLIZACION,FERTILIZACION,1,14,1,1,distancia 1,False,
AIRSIDE,INSIDE,1,18,1,1,distancia 2,False,
TEGNOLOGICOS,TECNOLOGICO,1,39,1,1,distancia 2,False,
ESPECILISTA,ESPECIALISTA,1,1453,1,1,distancia 1,True,
NACIONALE,NACIONAL,1,511,1,1,distancia 1,False,
AMNISTRACION,ADMINISTRACION,1,314,1,1,distancia 2,True,
ECUDATIVO,EDUCATIVO,1,28,1,1,distancia 2,True,
TENCNICO,TECNICO,1,2598,1,1,distancia 1,True,
MANUFAC,MANUAL,1,23,1,1,distancia 2,False,
LABORISTA,MAYORISTA,1,26,1,1,distancia 2,False,
INSTALACIONE,INSTALACION,1,34,1,1,distancia 1,True,
HIGUIENE,HIGIENE,1,20,1,1,distancia 1,False,
APRENDUZAJE,APRENDIZAJE,1,41,1,1,distancia 1,False,
