abreviatura,expansion,dominio,titulos,personas_estimadas,ejemplos,cobertura_acum,aprobar
AUX.,AUXILIAR,0.986,153,2085,APOYO A LA COORDINACION Y AUX.SECR.ACADEMICA -> APOYO A LA COORDINACION Y AUXILIAR SECRETARIA ACADEMICA | ASIS/ AYUDANTE / AUX.CONTABILI -> ASIS/ AYUDANTE / AUXILIAR CONTABILI,0.179,si
ASIST.,ASISTENTE,0.99,219,841,ASIST. ADM -> ASISTENTE ADM | ASIST. ADM DE INSTITUCIONES -> ASISTENTE ADM DE INSTITUCIONES,0.251,si
AUX,AUXILIAR,0.986,79,749,ASIST AUX DE BODEGA -> ASISTENTE AUXILIAR DE BODEGA | ASISTENTE AUX CONTABILIDAD -> ASISTENTE AUXILIAR CONTABILIDAD,0.315,si
BODEG,BODEGA,0.818,2,640,AUXILIAR DE BODEG -> AUXILIAR DE BODEGA | JEFE DE LOGISTICA Y BODEG -> JEFE DE LOGISTICA Y BODEGA,0.37,si
GL,GLOBAL,1.0,5,386,COORDINATOR GL -> COORDINATOR GLOBAL | GL ACCOUNTANT FOCUSED ON INVENTORY -> GLOBAL ACCOUNTANT FOCUSED ON INVENTORY,0.403,si
ASIST,ASISTENTE,0.99,103,370,ASIST -> ASISTENTE | ASIST /AYUDANTE /AUX. ADMINIS -> ASISTENTE /AYUDANTE /AUX. ADMINIS,0.435,si
HSE,HSEQ,1.0,68,285,ANALISTA DE CALIDAD Y HSE -> ANALISTA DE CALIDAD Y HSEQ | ANALISTA DE HSE I -> ANALISTA DE HSEQ I,0.46,no
QA,QAQC,1.0,74,270,ADMINISTRADOR DE QA -> ADMINISTRADOR DE QAQC | ANALISTA DE CALIDAD QA -> ANALISTA DE CALIDAD QAQC,0.483,no
MANT.,MANTENIMIENTO,0.962,47,246,ASIST. MANT. LOGISTICA Y REP. -> ASISTENTE MANTENIMIENTO LOGISTICA Y REP. | ASIST.MANT. -> ASISTENTE MANTENIMIENTO,0.504,si
SSO,SSOMA,1.0,90,240,1. TECNICO DE SSO -> 1. TECNICO DE SSOMA | ANALISTA DE BIENESTAR SOCIAL & SSO -> ANALISTA DE BIENESTAR SOCIAL & SSOMA,0.525,no
PAI,PAIS,1.0,19,216,"BIOLOGIA PAI Y DP -> BIOLOGIA PAIS Y DPTO | COORD. PAI Y DP-PROF.EESS,FILOSOFIA,INV.ED.CIUD. -> COORD. PAIS Y DP-PROF. EESS,FILOSOFIA,INV. ED. CIUD.",0.543,no
ASSOC,ASSOCIATE,1.0,41,209,3PD SALES ASSOC LEADER -> 3PD SALES ASSOCIATE LEADER | ACCTG OPS ASSOC ACCOUNTANT -> ACCTG OPS ASSOCIATE ACCOUNTANT,0.561,si
CLIEN,CLIENTE,0.943,4,209,ASESOR COMER SERVICIO AL CLIEN -> ASESOR COMER SERVICIO AL CLIENTE | ASISTENTE DE SERVICIO AL CLIEN -> ASISTENTE DE SERVICIO AL CLIENTE,0.579,si
HR,HRBP,1.0,74,196,ANALISTA DE PLANEACION Y CONTROL HR -> ANALISTA DE PLANEACION Y CONTROL HRBP | ANALISTA HR BUSINESS PARTNER -> ANALISTA HRBP BUSINESS PARTNER,0.596,no
SENI,SENIOR,1.0,2,180,AUDITOR INTERNO SENI -> AUDITOR INTERNO SENIOR | REPRESENTANTE DE NEGOCIOS SENI -> REPRESENTANTE DE NEGOCIOS SENIOR,0.611,no
OT,OTC,1.0,13,177,ADMINISTRADOR DE INFRAESTRUCTURA OT -> ADMINISTRADOR DE INFRAESTRUCTURA OTC | ANALISTA DE INFRAESTRUCTURA OT -> ANALISTA DE INFRAESTRUCTURA OTC,0.626,no
COMERC,COMERCIAL,0.895,6,174,ASES.COMERC -> ASESOR COMERCIAL | COORDINADORA COMERC -> COORDINADORA COMERCIAL,0.641,si
ASES.,ASESOR,0.834,1,164,ASES.COMERC -> ASESOR COMERCIAL,0.655,si
AYUD.,AYUDANTE,0.984,37,156,84.0 AYUD.PANADERIA/PASATELERI -> 84.0 AYUDANTE PANADERIA/PASATELERI | AYUD. ADMINIST GENERAL -> AYUDANTE ADMINIST GENERAL,0.669,si
RR.,RRHH,0.932,27,154,ASIST. DE RR.HH -> ASISTENTE DE RRHH HH | ASISTENTE ADM. & RR.HH. -> ASISTENTE ADM. & RRHH HH.,0.682,no
ASEG.,ASEGURAMIENTO,1.0,8,117,ANALISTA DE ASUNTOS REGULATORIOS Y ASEG. DE CALIDAD -> ANALISTA DE ASUNTOS REGULATORIOS Y ASEGURAMIENTO DE CALIDAD | ASISTENTE DE ASEG. DE CALIDAD 1 -> ASISTENTE DE ASEGURAMIENTO DE CALIDAD 1,0.692,si
MENO,MENOR,1.0,3,105,VENDEDOR JUNIOR / EJECUTIVO DE VENTAS JUNIOR AL POR MAYOR Y MENO -> VENDEDOR JUNIOR / EJECUTIVO DE VENTAS JUNIOR AL POR MAYOR Y MENOR | VENDEDOR SENIOR / EJECUTIVO DE VENTAS JUNIOR AL POR MAYOR Y MENO -> VENDEDOR SENIOR / EJECUTIVO DE VENTAS JUNIOR AL POR MAYOR Y MENOR,0.701,no
CC,CCTV,1.0,15,102,ADMINISTRADOR CC -> ADMINISTRADOR CCTV | ADMINISTRADOR GENERAL DE URBANIZACIONES CC -> ADMINISTRADOR GENERAL DE URBANIZACIONES CCTV,0.71,no
VTA,VTAS,1.0,3,102,ASESOR COMERCIAL PTO VTA -> ASESOR COMERCIAL PTO VTAS | AUX VTA -> AUXILIAR VTAS,0.719,si
GENER,GENERAL,0.943,5,96,ASISTENTE SERV GENER -> ASISTENTE SERV GENERAL | AUXILIAR DE SERVICIOS EN GENER -> AUXILIAR DE SERVICIOS EN GENERAL,0.727,si
CONTAC,CONTACT,1.0,14,87,AGENTE CONTAC CENTER -> AGENTE CONTACT CENTER | AGENTE DE CONTAC CENTER ASCLI -> AGENTE DE CONTACT CENTER ASCLI,0.734,si
MANT,MANTENIMIENTO,0.962,24,86,ASISTENTE MANT -> ASISTENTE MANTENIMIENTO | AUXILIAR CONTRUCCION MANT -> AUXILIAR CONTRUCCION MANTENIMIENTO,0.742,si
AYUD,AYUDANTE,0.984,31,79,ASISTENTE / AYUD / MENSAJERIA / MANTENIMIENTO/ARCH -> ASISTENTE / AYUDANTE / MENSAJERIA / MANTENIMIENTO/ARCH | AYUD ADMINISTRADOR -> AYUDANTE ADMINISTRADOR,0.749,si
IC,ICE,1.0,31,76,BB CHIEF IC - IN HOME -> BB CHIEF ICE - IN HOME | BB CHIEF IC - PREMIUM OOH -> BB CHIEF ICE - PREMIUM OOH,0.755,no
SEG.,SEGURIDAD,0.889,28,73,AGENTE DE SEG. BILINGUE -> AGENTE DE SEGURIDAD BILINGUE | ANALISTA DE SEG. INDUSTRIAL Y AMBIENTE -> ANALISTA DE SEGURIDAD INDUSTRIAL Y AMBIENTE,0.761,si
SISTEM,SISTEMA,1.0,2,72,3242 - GERENTE DE TURNO Y SISTEM -> 3242 - GERENTE DE TURNO Y SISTEMA | ASIS./AYU./AUX./ INSTA. SISTEM -> ASIS./AYU./AUX./ INSTA. SISTEMA,0.767,si
SUPERV.,SUPERVISOR,0.92,41,70,SUPERV. ADMINISTRATIVO -> SUPERVISOR ADMINISTRATIVO | SUPERV. ALIMENTACION AUTOMATICA -> SUPERVISOR ALIMENTACION AUTOMATICA,0.773,si
WINCHE,WINCHERO,1.0,2,60,AYUDANTE DE WINCHE -> AYUDANTE DE WINCHERO | OPERADOR DE WINCHE -> OPERADOR DE WINCHERO,0.779,no
PQS,PQSA,1.0,3,60,PQS FORMACION -> PQSA FORMACION | PQS LABORATORIO -> PQSA LABORATORIO,0.784,no
EMBAR,EMBARQUE,1.0,1,59,"TRABAJADOR DEL AGRO: CLASIFICADOR, CORTADOR DE TALLOS, EMBONCHADOR, MALLERO, PATINADOR, PEGADOR DE ETIQUETAS, ARMADOR DE EMBAR -> TRABAJADOR DEL AGRO: CLASIFICADOR, CORTADOR DE TALLOS, EMBONCHADOR, MALLERO, PATINADOR, PEGADOR DE ETIQUETAS, ARMADOR DE EMBARQUE",0.789,si
BIENES,BIENESTAR,1.0,20,59,ADMINISTRADOR BIENES -> ADMINISTRADOR BIENESTAR | ANALISTA ADM. DE BIENES Y MTTO ELECTRICO -> ANALISTA ADM. DE BIENESTAR Y MTTO ELECTRICO,0.794,si
CALID,CALIDAD,1.0,5,59,ANALISTA CONTROL DE CALID -> ANALISTA CONTROL DE CALIDAD | ASISTENTE DE CONTROL DE CALID -> ASISTENTE DE CONTROL DE CALIDAD,0.799,si
MKT,MKTG,1.0,34,58,ANALISTA DATA Y NUEVOS PROYECTOS MKT -> ANALISTA DATA Y NUEVOS PROYECTOS MKTG | ANALISTA SR MKT -> ANALISTA SR MKTG,0.804,si
PTA,PTAR,1.0,7,50,COCINERO PTA -> COCINERO PTAR | OP.PTA ALCOHOL ETILICO Y CRUDO -> OP. PTAR ALCOHOL ETILICO Y CRUDO,0.808,no
OFICIA,OFICIAL,1.0,1,50,OFICIA DE CUMPLIMIENTO -> OFICIAL DE CUMPLIMIENTO,0.813,si
ASEG,ASEGURAMIENTO,1.0,5,49,ANALISTA ASUN REGULATOR Y ASEG CALIDAD -> ANALISTA ASUNTOS REGULATOR Y ASEGURAMIENTO CALIDAD | ASISTENTE ASEG CALIDAD -> ASISTENTE ASEGURAMIENTO CALIDAD,0.817,si
POLIF,POLIFUNCIONAL,1.0,4,49,TRAB GRAL - POLIF CAMARERA -> TRAB GRAL - POLIFUNCIONAL CAMARERA | TRAB GRAL - POLIF CAMARERA EXT SUR -> TRAB GRAL - POLIFUNCIONAL CAMARERA EXT SUR,0.821,si
ASISTE,ASISTENTE,0.992,8,48,ASISTE ADMINISTRATIVA -> ASISTENTE ADMINISTRATIVA | ASISTE ADMINITRATIVA -> ASISTENTE ADMINITRATIVA,0.825,si
UNID.,UNIDAD,1.0,4,47,LIDER UNID.PROC. APOYO (FUN 5) -> LIDER UNIDAD PROC. APOYO (FUN 5) | LIDER UNID.PROC. APOYO. (FUN 5) -> LIDER UNIDAD PROC. APOYO. (FUN 5),0.829,si
SEG,SEGURIDAD,0.889,21,47,AISTENTE SEG INDUS Y AMBIENTE -> AISTENTE SEGURIDAD INDUS Y AMBIENTE | ARQ CORP CIBERSEGURIDAD Y SEG INFORMACIO -> ARQ CORP CIBERSEGURIDAD Y SEGURIDAD INFORMACIO,0.833,si
NIVE,NIVEL,1.0,1,47,PROFESIONALES CON TITULO DE TERCER NIVE -> PROFESIONALES CON TITULO DE TERCER NIVEL,0.837,si
TT,TTHH,1.0,21,43,ANALISTA DE TT HHH -> ANALISTA DE TTHH HHH | ASISTENTE COMERCIAL TT -> ASISTENTE COMERCIAL TTHH,0.841,no
DA,DATA,1.0,4,42,ANALISTA DE CREDITO DA Y RETAIL -> ANALISTA DE CREDITO DATA Y RETAIL | EJECUTIVO DE VENTAS DA -> EJECUTIVO DE VENTAS DATA,0.844,no
RR,RRHH,0.932,10,42,ASIST RR HH -> ASISTENTE RRHH HH | ASISTENTE RR - HH -> ASISTENTE RRHH - HH,0.848,no
ESPEC.,ESPECIALISTA,0.947,8,37,ESPEC. DE PRODUCCION -> ESPECIALISTA DE PRODUCCION | ESPEC. EN MANTENIMIE -> ESPECIALISTA EN MANTENIMIE,0.851,si
NAC,NACIONAL,1.0,21,34,ACOMPANANTE NAC DE PASTORAL IN -> ACOMPANANTE NACIONAL DE PASTORAL IN | C CARRERA PED. DE LOS IDIOMAS NAC Y EXT -> C CARRERA PED. DE LOS IDIOMAS NACIONAL Y EXT,0.854,si
LL,LLENADOR,1.0,4,34,AUXILIAR LL DE GESTION DE RELAVES -> AUXILIAR LLENADOR DE GESTION DE RELAVES | AUXILIAR LL DE PRODUCCION -> AUXILIAR LLENADOR DE PRODUCCION,0.857,no
EMPAQ,EMPAQUE,1.0,2,32,"OPERARIO DE ENVASADO, ETIQUETADO Y EMPAQ -> OPERARIO DE ENVASADO, ETIQUETADO Y EMPAQUE | TRABAJADORES DE PRODUCCION: ENVASADORAS - EMPACADORAS - AYUDANTE PESADORAS; INCLUYE ENVASADORAS DE POUCH, VIDRIO Y OTROS EMPAQ -> TRABAJADORES DE PRODUCCION: ENVASADORAS - EMPACADORAS - AYUDANTE PESADORAS; INCLUYE ENVASADORAS DE POUCH, VIDRIO Y OTROS EMPAQUE",0.86,si
SPC,SPCLST,1.0,4,32,COORDINADOR DE SPC -> COORDINADOR DE SPCLST | FIELD SPEC II - SPC -> FIELD SPEC II - SPCLST,0.863,no
UI,UIO,1.0,8,31,DEVELOPER UI -> DEVELOPER UIO | DISENADOR GRAFICO UI -> DISENADOR GRAFICO UIO,0.865,no
IB,IBARRA,1.0,9,30,ASISTENTE VICERRECTORADO / COORDINACION ADM IB CAHC -> ASISTENTE VICERRECTORADO / COORDINACION ADM IBARRA CAHC | COORDINADOR DE AREA - PROFESOR DE MUSICA IB Y VIOLIN -> COORDINADOR DE AREA - PROFESOR DE MUSICA IBARRA Y VIOLIN,0.868,no
RESP.,RESPONSABLE,0.849,12,30,JEFE DE RELACIONES PUBLI Y RESP. SOCIAL -> JEFE DE RELACIONES PUBLI Y RESPONSABLE SOCIAL | RESP. BALANCE SOCIAL -> RESPONSABLE BALANCE SOCIAL,0.87,si
HC,HCDA,1.0,21,30,COMMERCIAL FINANCE SPECIALIST HC & TT ECUADOR -> COMMERCIAL FINANCE SPECIALIST HCDA & TTHH ECUADOR | DIGITAL MANEX LEAD HC -> DIGITAL MANEX LEAD HCDA,0.873,no
PAC,PACIENTE,1.0,4,27,CONSULTOR PAC -> CONSULTOR PACIENTE | CONSULTOR PAC SOPORTE -> CONSULTOR PACIENTE SOPORTE,0.875,no
BASC,BASCULA,1.0,8,27,AUXILIAR DE BASC -> AUXILIAR DE BASCULA | COORDINADOR DEL SGCS BASC Y TRANSPORTE -> COORDINADOR DEL SGCS BASCULA Y TRANSPORTE,0.878,no
ASIT.,ASITENTE,1.0,4,27,ASIT. CONTABLE -> ASITENTE CONTABLE | ASIT. GARANTIA DE CALIDAD Y VALIDACIONES -> ASITENTE GARANTIA DE CALIDAD Y VALIDACIONES,0.88,si
JE,JEFE,0.97,2,27,"JE FE DE CALIDAD -> JEFE FE DE CALIDAD | JE FE VENTAS (DIRECTORES DE VENTAS, COMERCIALIZACION Y DESARROLLO) -> JEFE FE VENTAS (DIRECTORES DE VENTAS, COMERCIALIZACION Y DESARROLLO)",0.882,si
MANTEN,MANTENIMIENTO,1.0,2,26,AUXILIAR DE SERVICIOS GENERALES / MANTEN -> AUXILIAR DE SERVICIOS GENERALES / MANTENIMIENTO | AYUDANTE MANTEN -> AYUDANTE MANTENIMIENTO,0.884,si
OV,OVS,1.0,1,26,SUPERVISOR LOGISTICA OV -> SUPERVISOR LOGISTICA OVS,0.887,no
ASU,ASUNTOS,1.0,8,25,JEFE DE PLANTA ASU Y VSA -> JEFE DE PLANTA ASUNTOS Y VSA | JEFE OP. PL. ASU GYE Y VSA MILAGRO -> JEFE OP. PL. ASUNTOS GYE Y VSA MILAGRO,0.889,no
CAC,CACAO,1.0,8,24,COORDINADORA CAC -> COORDINADORA CACAO | EJECUTIVO CAC CUENTAS CLAVE -> EJECUTIVO CACAO CUENTAS CLAVE,0.891,no
DIV.,DIVISION,1.0,11,24,GERENTE DIV. ACUACULTURA -> GERENTE DIVISION ACUACULTURA | GERENTE DIV. CONSUMO -> GERENTE DIVISION CONSUMO,0.893,si
ESP.,ESPECIALISTA,0.924,10,23,AUXILIAR DE BODEGA ESP. MONTAC. -> AUXILIAR DE BODEGA ESPECIALISTA MONTAC. | ESP. EN DESARROLLO O -> ESPECIALISTA EN DESARROLLO O,0.895,si
CUST,CUSTOMER,0.814,8,23,ASSISTANT CUST SERV EXP -> ASSISTANT CUSTOMER SERV EXP | ASSISTANT CUST SERV IMP -> ASSISTANT CUSTOMER SERV IMP,0.897,si
APLICA,APLICACION,1.0,3,23,AANO APLICA -> AANO APLICACION | DESHOJE - APLICA FERTILIZANTE -> DESHOJE - APLICACION FERTILIZANTE,0.899,no
JEF,JEFE,0.97,2,22,JEF CONT CAL -> JEFE CONT CAL | JEF CONTABLE -> JEFE CONTABLE,0.901,si
SIST.,SISTEMA,1.0,8,22,ANALISTA DE SIST. Y SOP. TECN -> ANALISTA DE SISTEMA Y SOP. TECN | ANALISTA SIST. -> ANALISTA SISTEMA,0.903,si
ASISTE.,ASISTENTE,0.992,3,22,ASISTE. ADM. VENTAS INSTITUCIONES -> ASISTENTE ADM. VENTAS INSTITUCIONES | ASISTE. AUDITOR -> ASISTENTE AUDITOR,0.905,si
SIST,SISTEMA,1.0,8,21,1187 - COORDINADOR SIST -> 1187 - COORDINADOR SISTEMA | 1189 - COORDINADOR SIST -> 1189 - COORDINADOR SISTEMA,0.906,si
EQUI.,EQUIPO,0.888,2,19,OPER. EQUI. DEL SIST. DE ALC -> OPER. EQUIPO DEL SISTEMA DE ALC | OPER.MAQUIN.EQUI.PESADO -> OPER. MAQUIN. EQUIPO PESADO,0.908,si
TECNIC,TECNICO,0.927,3,19,ANALISTA DE SOPORTE TECNIC -> ANALISTA DE SOPORTE TECNICO | ASISTENTE SERVICIO TECNIC -> ASISTENTE SERVICIO TECNICO,0.91,si
GY,GYE,1.0,6,18,ASESOR COMERCIAL GY -> ASESOR COMERCIAL GYE | ASESORA COMERCIAL GY -> ASESORA COMERCIAL GYE,0.911,si
ASF,ASFALTO,1.0,2,17,ASF CALL CENTER -> ASFALTO CALL CENTER | ASF SERVICIO AL CLIENTE -> ASFALTO SERVICIO AL CLIENTE,0.913,no
CTA,CTAS,1.0,4,17,"COORD ALIANZAS CORPOR, BECAS Y CTA CLAVE -> COORD ALIANZAS CORPOR, BECAS Y CTAS CLAVE | EJEC. DE CTA DISTRIBUIDORES IBARRA -> EJEC. DE CTAS DISTRIBUIDORES IBARRA",0.914,no
MARKE,MARKETING,0.932,3,16,AUXILIAR PROMOCIONES MASIVAS TRADE MARKE -> AUXILIAR PROMOCIONES MASIVAS TRADE MARKETING | JEFE NACIONAL TRADE MARKE -> JEFE NACIONAL TRADE MARKETING,0.915,si
ASSOC.,ASSOCIATE,1.0,11,16,"ASSOC. DIR., LOGISTICS -> ASSOCIATE DIR., LOGISTICS | ASSOC. DIR., REGULATORY AFFAIRS -> ASSOCIATE DIR., REGULATORY AFFAIRS",0.917,si
SUPERV,SUPERVISOR,0.92,5,16,MICROB SUPERV GESTION TECNICA -> MICROBIOLOGIA SUPERVISOR GESTION TECNICA | SUPERV CAJA -> SUPERVISOR CAJA,0.918,si
DP,DPTO,1.0,6,16,BIOLOGIA PAI Y DP -> BIOLOGIA PAIS Y DPTO | COORDINADOR DP -> COORDINADOR DPTO,0.92,no
CALD,CALDERON,1.0,1,15,OPERADOR DE PROCESOS: SULF & CALD -> OPERADOR DE PROCESOS: SULF & CALDERON,0.921,no
NOCT,NOCTURNO,1.0,1,15,OPERARIOS SERV GENER NOCT -> OPERARIOS SERV GENERAL NOCTURNO,0.922,si
ESPEC,ESPECIALISTA,0.947,3,15,ESPEC EN ADMIN DE IN -> ESPECIALISTA EN ADMIN DE IN | PROFES ESPEC (FUN 2) -> PROFES ESPECIALISTA (FUN 2),0.923,si
AUXIL.,AUXILIAR,0.993,3,15,AUXIL. LABORES SANIDAD VEGETAL -> AUXILIAR LABORES SANIDAD VEGETAL | AUXIL. LIMPIEZA -> AUXILIAR LIMPIEZA,0.925,si
TT.,TTHH,1.0,6,15,ANALISTA DE TT. HH. -> ANALISTA DE TTHH HH. | ASISTENTE TT.HH. -> ASISTENTE TTHH HH.,0.926,no
ACUIC.,ACUICOLA,1.0,4,15,TRAB. ACUIC. - ALIMENTADOR AQ1 -> TRAB. ACUICOLA - ALIMENTADOR AQ1 | TRAB. ACUIC. - ALIMENTADOR PRECRIAS -> TRAB. ACUICOLA - ALIMENTADOR PRECRIAS,0.927,si
SUCURS,SUCURSAL,1.0,1,15,SUPERVISOR DE BODEGA DE SUCURS -> SUPERVISOR DE BODEGA DE SUCURSAL,0.929,si
MANTEN.,MANTENIMIENTO,1.0,4,14,"AUXILIARES EN GENERAL DE SERVICIOS, VENTAS, MANTEN. Y OFICINAS -> AUXILIARES EN GENERAL DE SERVICIOS, VENTAS, MANTENIMIENTO Y OFICINAS | JEFE DE OPER. Y MANTEN. -> JEFE DE OPER. Y MANTENIMIENTO",0.93,si
ESP,ESPECIALISTA,0.924,7,14,* GERENTE DESARROLLO DE NEGOCIOS ESP -> * GERENTE DESARROLLO DE NEGOCIOS ESPECIALISTA | ABOGADO ESP T&L -> ABOGADO ESPECIALISTA T&L,0.931,si
NAC.,NACIONAL,1.0,9,14,COORD. NAC. MONITORIA -> COORD. NACIONAL MONITORIA | EC_JEFE NAC. VENTAS INSTITUCIONAL -> EC_JEFE NACIONAL VENTAS INSTITUCIONAL,0.932,si
POSTC,POSTCOSECHA,1.0,3,14,AUX POSTC -> AUXILIAR POSTCOSECHA | DIR POSTC -> DIR POSTCOSECHA,0.933,no
SSO.,SSOMA,1.0,2,13,RESPONSABLE SSO. -> RESPONSABLE SSOMA | TECNICO SSO. -> TECNICO SSOMA,0.935,no
EQ,EQUIPO,0.888,1,13,AYUDANTE EQ Y/O MAQ PESADA C. PRODUC -> AYUDANTE EQUIPO Y/O MAQ PESADA C. PRODUC,0.936,no
NOMIN,NOMINA,1.0,1,13,COORDINADOR DE NOMIN -> COORDINADOR DE NOMINA,0.937,si
GESTIO,GESTION,1.0,3,12,COORDINADOR SISTEMAS DE GESTIO -> COORDINADOR SISTEMAS DE GESTION | GERENTE CORPORATIVO DE CONTROL DE GESTIO -> GERENTE CORPORATIVO DE CONTROL DE GESTION,0.938,si
INDU,INDUSTRIAL,0.88,1,11,TECNICO DE SERVICIOS INDU -> TECNICO DE SERVICIOS INDUSTRIAL,0.939,si
ESTUD,ESTUDIANTIL,1.0,1,11,BIENESTAR ESTUD -> BIENESTAR ESTUDIANTIL,0.94,si
SENIO,SENIOR,1.0,4,11,ASESOR TECNICO DE DIETAS TEMPRANAS SENIO -> ASESOR TECNICO DE DIETAS TEMPRANAS SENIOR | ASISTENTE SENIO COMPRAS PUBLICAS -> ASISTENTE SENIOR COMPRAS PUBLICAS,0.941,si
AUXI.,AUXILIAR,0.993,2,11,AUXI. SECRETARIA -> AUXILIAR SECRETARIA | AUXI.SERVICIOS CLIENTE CREDITO -> AUXILIAR SERVICIOS CLIENTE CREDITO,0.942,si
NEGO,NEGOCIO,0.926,1,10,ANALISTA DE INTELIGENCIA DE NEGO -> ANALISTA DE INTELIGENCIA DE NEGOCIO,0.942,si
SECCI,SECCION,1.0,1,10,"SUPERVISORES TECNICOS DE: PATIO, CONTROL DE CALIDAD, LABORATORIO, MANTENIMIENTO, PLANTA, PRODUCCION / PROCESOS; Y, DEMAS SECCI -> SUPERVISORES TECNICOS DE: PATIO, CONTROL DE CALIDAD, LABORATORIO, MANTENIMIENTO, PLANTA, PRODUCCION / PROCESOS; Y, DEMAS SECCION",0.943,si
INSP.,INSPECTOR,0.841,4,10,"ANALISTA, LABORATORISTA, INSP. CALIDAD -> ANALISTA, LABORATORISTA, INSPECTOR CALIDAD | INSP. DE SEGURIDAD, SALUD OCUP. -> INSPECTOR DE SEGURIDAD, SALUD OCUPACIONAL",0.944,si
NEGOC,NEGOCIO,0.926,1,10,ANALISTA INTELIGENCIA DE NEGOC -> ANALISTA INTELIGENCIA DE NEGOCIO,0.945,si
DESARR,DESARROLLO,0.848,6,9,ANALISTA DE DESARR PROY E INFR -> ANALISTA DE DESARROLLO PROYECTO E INFRAESTRUCTURA | ANALISTA DE SELECCION / DESARR -> ANALISTA DE SELECCION / DESARROLLO,0.946,si
SECTO,SECTOR,1.0,3,9,ASISTENTE/AUXILIAR/AYUDANTE TECNICO DE MANTENIMIENTO EN EL SECTO -> ASISTENTE/AUXILIAR/AYUDANTE TECNICO DE MANTENIMIENTO EN EL SECTOR | ASISTENTE/AUXILIAR/AYUDANTE TECNICO DE MANTENIMIENTO EN EL SECTO SALUD -> ASISTENTE/AUXILIAR/AYUDANTE TECNICO DE MANTENIMIENTO EN EL SECTOR SALUD,0.947,si
EXTERI,EXTERIOR,1.0,1,9,COORDINADOR DE COMERCIO EXTERI -> COORDINADOR DE COMERCIO EXTERIOR,0.947,si
TES,TESORERIA,0.919,2,9,INSTRUCTOR TES DIRVE -> INSTRUCTOR TESORERIA DIRVE | INSTRUCTOR TES DRIVE -> INSTRUCTOR TESORERIA DRIVE,0.948,no
DESAR,DESARROLLO,0.848,2,8,ANALISTA INVESTIGACION Y DESAR -> ANALISTA INVESTIGACION Y DESARROLLO | LIDER DE INVESTIGACION Y DESAR -> LIDER DE INVESTIGACION Y DESARROLLO,0.949,si
NEG.,NEGOCIO,0.926,4,8,GTE. NEG. EQUINOX (EQ) -> GTE. NEGOCIO EQUINOX (EQ) | GTE. NEG. FABRICA (F) -> GTE. NEGOCIO FABRICA (F),0.949,si
TERAP,TERAPISTA,1.0,1,8,TERAP P NINOS DISCAPC PRE ESC -> TERAPISTA P NINOS DISCAPC PRE ESC,0.95,si
CAFETE,CAFETERIA,1.0,1,8,AUXILIAR DE SERVICIOS Y CAFETE -> AUXILIAR DE SERVICIOS Y CAFETERIA,0.951,si
USA,USADOS,1.0,6,8,ASISTENTE CONTABLE USA -> ASISTENTE CONTABLE USADOS | ASISTENTE DE VENTAS USA -> ASISTENTE DE VENTAS USADOS,0.952,no
ASUNT.,ASUNTOS,1.0,3,8,COORDINADOR ASUNT.REGULAT. -> COORDINADOR ASUNTOS REGULAT. | DIRECTOR DESARROLLO HUMANO Y ASUNT. CORP -> DIRECTOR DESARROLLO HUMANO Y ASUNTOS CORP,0.952,si
NOCTU,NOCTURNO,1.0,1,8,ASISTENTE DE BODEGA NOCTU -> ASISTENTE DE BODEGA NOCTURNO,0.953,si
INDUST,INDUSTRIAL,0.88,3,8,ASISTENTE DE SEGURIDAD INDUST -> ASISTENTE DE SEGURIDAD INDUSTRIAL | AYUDANTE SEGURIDAD INDUST -> AYUDANTE SEGURIDAD INDUSTRIAL,0.954,si
AUXIL,AUXILIAR,0.993,1,8,AUXIL ADMINIST -> AUXILIAR ADMINIST,0.954,si
SUC,SUCURSAL,1.0,4,7,AGENTE VENDEDOR EXT SUC -> AGENTE VENDEDOR EXT SUCURSAL | JEFE DE SUC VENTAS -> JEFE DE SUCURSAL VENTAS,0.955,si
LOC,LOCAL,1.0,1,7,ADMINISTRADOR DE LOC -> ADMINISTRADOR DE LOCAL,0.955,si
PROY,PROYECTO,1.0,4,7,ANALISTA DE DESARR PROY E INFR -> ANALISTA DE DESARROLLO PROYECTO E INFRAESTRUCTURA | COORDINADOR DE SEGURIDAD INDUSTRIAL PROY -> COORDINADOR DE SEGURIDAD INDUSTRIAL PROYECTO,0.956,si
PQ,PQSA,1.0,3,7,COORDINADOR DE CONTABILIDAD PQ -> COORDINADOR DE CONTABILIDAD PQSA | JEFE DE AGENCIA PQ -> JEFE DE AGENCIA PQSA,0.957,no
VES,VESPERTINA,1.0,1,7,CAJERO VES -> CAJERO VESPERTINA,0.957,no
GRAFI,GRAFICO,0.839,2,7,ASISTENTE DE DISENO GRAFI -> ASISTENTE DE DISENO GRAFICO | DISENADOR GRAFI -> DISENADOR GRAFICO,0.958,si
CTA.,CTAS,1.0,2,7,ASISTENTE DE CTA. POR PAGAR -> ASISTENTE DE CTAS POR PAGAR | EJECUTIVO (A) COORD. OP. CTA.S. PUB -> EJECUTIVO (A) COORD. OP. CTAS S. PUB,0.958,no
DV,DVTV,1.0,2,7,ATENCION AL CLIENTE DV -> ATENCION AL CLIENTE DVTV | TECNICO DV -> TECNICO DVTV,0.959,no
DH,DHO,1.0,2,7,ANALISTA DE SELECCION Y DH -> ANALISTA DE SELECCION Y DHO | COORDINADOR DH -> COORDINADOR DHO,0.96,no
AGRI,AGRICOLA,1.0,4,7,ASESOR COMERCIAL AGRI -> ASESOR COMERCIAL AGRICOLA | ASESOR TECNICO AGRI -> ASESOR TECNICO AGRICOLA,0.96,si
APOY.,APOYO,1.0,3,7,ADM. APOY. (ASIST 2) -> ADM. APOYO (ASIST 2) | ADM. APOY. JUN. (ASIST 1) -> ADM. APOYO JUN. (ASIST 1),0.961,si
RP,RPA,1.0,5,7,ANALISTA TRANSFERENCIA RP -> ANALISTA TRANSFERENCIA RPA | ASISTENTE SERVICIO AL CLIENTE RP -> ASISTENTE SERVICIO AL CLIENTE RPA,0.961,no
OCUP,OCUPACIONAL,1.0,3,7,"JEFE DE SEG Y SALUD OCUP -> JEFE DE SEGURIDAD Y SALUD OCUPACIONAL | JEFE DE SEG. IND, SALUD OCUP Y MEDIO AMBIENTE -> JEFE DE SEGURIDAD IND, SALUD OCUPACIONAL Y MEDIO AMBIENTE",0.962,si
RESP,RESPONSABLE,0.849,5,7,MECANICO DE MANTENIMIENTO Y REPARACION DE EQUIPO PESADO Y/O RESP -> MECANICO DE MANTENIMIENTO Y REPARACION DE EQUIPO PESADO Y/O RESPONSABLE | RESP COOR UNIDAD DE POSGRADOS -> RESPONSABLE COOR UNIDAD DE POSGRADOS,0.963,si
MEC,MECANICO,0.825,5,7,ANALISTA DE SUSCRIPCION MEC -> ANALISTA DE SUSCRIPCION MECANICO | EDUCADOR - MEC AUTOMOTRIZ -> EDUCADOR - MECANICO AUTOMOTRIZ,0.963,si
OCUP.,OCUPACIONAL,1.0,4,7,"COORDINADOR DE SEGUR. OCUP. Y AMBIENTE -> COORDINADOR DE SEGUR. OCUPACIONAL Y AMBIENTE | INSP. DE SEGURIDAD, SALUD OCUP. -> INSPECTOR DE SEGURIDAD, SALUD OCUPACIONAL",0.964,si
DIV,DIVISION,1.0,4,7,GERENTE DIV DE SEG PATRIMONIAL -> GERENTE DIVISION DE SEGURIDAD PATRIMONIAL | JEFE DE MERCADEO DIV FERRETERIA -> JEFE DE MERCADEO DIVISION FERRETERIA,0.964,si
PESC,PESCA,1.0,1,6,"TRIPULANTES: PANGUERO, WINCHEROS, COCINEROS, MO?ERO Y DEMAS PESC -> TRIPULANTES: PANGUERO, WINCHEROS, COCINEROS, MO?ERO Y DEMAS PESCA",0.965,si
SECADO,SECADOR,1.0,3,6,AYUDANTE DE SECADO -> AYUDANTE DE SECADOR | SECADO -> SECADOR,0.965,si
PROY.,PROYECTO,1.0,3,6,ASISTENTE PROY. -> ASISTENTE PROYECTO | GERENTE DE PROY. AGRICOLAS -> GERENTE DE PROYECTO AGRICOLAS,0.966,si
INNOVA,INNOVACION,0.923,1,6,GERENTE AE INNOVA -> GERENTE AE INNOVACION,0.967,si
APP,APPLICATION,1.0,4,6,ANALISTA DE BASE DE DATOS Y APP -> ANALISTA DE BASE DE DATOS Y APPLICATION | APP ANALYST -> APPLICATION ANALYST,0.967,no
PROYEC,PROYECTO,1.0,3,6,GERENTE DE TECNOLOGIA Y PROYEC -> GERENTE DE TECNOLOGIA Y PROYECTO | JEFE DE SISTEMAS Y PROYEC -> JEFE DE SISTEMAS Y PROYECTO,0.968,si
APLIC.,APLICACION,1.0,1,5,APLIC. FERTILIZANTE -> APLICACION FERTILIZANTE,0.968,si
RRH,RRHH,1.0,3,5,ASISTENTE ADMINISTRATIVA Y RRH -> ASISTENTE ADMINISTRATIVA Y RRHH | JEFE ADMINISTRATIVO Y RRH -> JEFE ADMINISTRATIVO Y RRHH,0.968,si
LOGIST,LOGISTICA,0.827,4,5,ANALISTA DE LOGIST -> ANALISTA DE LOGISTICA | COORDINADOR DE CALIDAD Y PROCESOS LOGIST -> COORDINADOR DE CALIDAD Y PROCESOS LOGISTICA,0.969,si
CC.,CCTV,1.0,2,5,DOCENTE DE CC.NN-QUIMICA Y BIOLOGIA SECUNDARIA -> DOCENTE DE CCTV NN-QUIMICA Y BIOLOGIA SECUNDARIA | SUPERVISOR HSE/RR.CC. -> SUPERVISOR HSE/RR. CCTV,0.969,no
DESA,DESARROLLO,0.848,3,5,1186 - COORDINADOR DESA -> 1186 - COORDINADOR DESARROLLO | JEFE DE INGENIERIA DE LABORATORIO Y DESA -> JEFE DE INGENIERIA DE LABORATORIO Y DESARROLLO,0.97,no
LAN,LAND,1.0,3,5,ASISTENTE OPERACIONES LAN -> ASISTENTE OPERACIONES LAND | CORDINADOR OPERACIONES LAN -> CORDINADOR OPERACIONES LAND,0.97,no
PTA.,PTAR,1.0,1,5,OP.PTA.RECUPERAD DE CO2 Y MAQ.HIELO SECO -> OP. PTAR RECUPERAD DE CO2 Y MAQ. HIELO SECO,0.971,no
SYS,SYSTEM,1.0,3,5,OPERADOR SYS -> OPERADOR SYSTEM | SUPERVISOR SYS -> SUPERVISOR SYSTEM,0.971,si
LEC,LECHE,1.0,1,5,COORDINADOR RECOLECCION DE LEC -> COORDINADOR RECOLECCION DE LECHE,0.971,no
AFF,AFFAIRS,1.0,3,4,EXP ANLST REG AFF -> EXP ANLST REG AFFAIRS | SR SCIENTIST I REGULATORY AFF BISC WACAM -> SR SCIENTIST I REGULATORY AFFAIRS BISC WACAM,0.972,no
MAINT,MAINTENANCE,1.0,1,4,MECHANICAL TECHNICIAN DURAN MO&E - MAINT -> MECHANICAL TECHNICIAN DURAN MO&E - MAINTENANCE,0.972,si
ASES,ASESOR,0.834,2,4,SUPERVISOR ASES COM SUC REGION CENTRO Y SUR -> SUPERVISOR ASESOR COM SUCURSAL REGION CENTRO Y SUR | SUPERVISOR ASES COM SUC REGION NORTE -> SUPERVISOR ASESOR COM SUCURSAL REGION NORTE,0.972,si
CONSTR.,CONSTRUCCION,1.0,1,4,PREPARADOR DE SUELOS Y CONSTR. DE SUBDREN -> PREPARADOR DE SUELOS Y CONSTRUCCION DE SUBDREN,0.973,si
LOGIST.,LOGISTICA,0.827,3,4,ADMINISTRADOR LOGIST. Y BODEGA -> ADMINISTRADOR LOGISTICA Y BODEGA | AIR LOGIST. PERISHABLES DEVELOPMENT MGR -> AIR LOGISTICA PERISHABLES DEVELOPMENT MGR,0.973,si
ASUN.,ASUNTOS,1.0,1,4,GESTORA DE ASUN. DOCENTES Y CURRICULO -> GESTORA DE ASUNTOS DOCENTES Y CURRICULO,0.973,si
CALD.,CALDERON,1.0,1,4,GESTORA DE CALD. Y MEJOR. CONT -> GESTORA DE CALDERON Y MEJOR. CONT,0.974,no
COMERC.,COMERCIAL,0.895,2,4,GERENTE COMERC. NAV. NACIONAL -> GERENTE COMERCIAL NAVAL NACIONAL | JEFE.COMERC.BUNKER -> JEFE. COMERCIAL BUNKER,0.974,si
EMERG,EMERGENCIA,1.0,1,4,SECRETARIA/O OPERADOR CLINICO EMERG -> SECRETARIA/O OPERADOR CLINICO EMERGENCIA,0.975,si
PROYEC.,PROYECTO,1.0,1,4,GERENTE DIV.NEGOC.PROYEC. -> GERENTE DIVISION NEGOCIO PROYECTO,0.975,si
TESOR,TESORERIA,0.919,2,4,ASISTENTE CTASXPAGAR- TESOR JR -> ASISTENTE CTASXPAGAR- TESORERIA JR | GERENTE PLANIFICACION FINANCIERA Y TESOR -> GERENTE PLANIFICACION FINANCIERA Y TESORERIA,0.975,si
INSTIT,INSTITUCIONAL,0.864,1,4,ESPECIALISTA SENIOR DE RELACIONES INSTIT -> ESPECIALISTA SENIOR DE RELACIONES INSTITUCIONAL,0.976,si
INNO,INNOVACION,0.923,2,4,DIRECTORA DE INTELIGENCIA CLINICA E INNO -> DIRECTORA DE INTELIGENCIA CLINICA E INNOVACION | LIDER DE SERVICE LINE SOLUTION INNO -> LIDER DE SERVICE LINE SOLUTION INNOVACION,0.976,si
NEGOC.,NEGOCIO,0.926,1,4,GERENTE DIV.NEGOC.PROYEC. -> GERENTE DIVISION NEGOCIO PROYECTO,0.976,si
TRAILE,TRAILER,1.0,2,4,AYUDANTE TRAILE -> AYUDANTE TRAILER | CONDUCTOR PROFESIONAL 2 - LICENCIA E MANEJO TRAILE -> CONDUCTOR PROFESIONAL 2 - LICENCIA E MANEJO TRAILER,0.977,si
TECNI,TECNICO,0.927,2,4,ASISTENTE / AYUDANTE / AUXILIAR DE SERVICIOS TECNI -> ASISTENTE / AYUDANTE / AUXILIAR DE SERVICIOS TECNICO | ASISTENTE TECNI -> ASISTENTE TECNICO,0.977,si
STOC,STOCK,1.0,1,4,COORDINADOR SHEQ-SGI STOC -> COORDINADOR SHEQ-SGI STOCK,0.977,si
SISTE,SISTEMA,1.0,1,4,COORDINADOR DE SISTE -> COORDINADOR DE SISTEMA,0.978,si
ASUN,ASUNTOS,1.0,2,4,ANALISTA ASUN REGULATOR Y ASEG CALIDAD -> ANALISTA ASUNTOS REGULATOR Y ASEGURAMIENTO CALIDAD | COORD.CONTROL ASUN EXT.Y GERENCIALES -> COORD. CONTROL ASUNTOS EXT. Y GERENCIALES,0.978,si
SIEM,SIEMBRA,1.0,1,4,ADMINISTRADOR SIEM -> ADMINISTRADOR SIEMBRA,0.978,no
WA,WAREHOUSE,1.0,2,4,ADMINISTRADOR DE REDES WA -> ADMINISTRADOR DE REDES WAREHOUSE | GERENTE DE VENTAS WA -> GERENTE DE VENTAS WAREHOUSE,0.979,no
SEGURI,SEGURIDAD,1.0,2,4,"COORDINADOR DE ASEGURAMIENTO DE LA CALIDAD, SEGURI -> COORDINADOR DE ASEGURAMIENTO DE LA CALIDAD, SEGURIDAD | TRABAJADOR SOCIAL/TECNICO EN SEGURI -> TRABAJADOR SOCIAL/TECNICO EN SEGURIDAD",0.979,si
DESARR.,DESARROLLO,0.848,2,4,ESPEC.EN DESARR.DE CONTRATOS -> ESPECIALISTA EN DESARROLLO DE CONTRATOS | GERENTE DE SOLUCIONES MARITIMAS Y DESARR. CLIENTES -> GERENTE DE SOLUCIONES MARITIMAS Y DESARROLLO CLIENTES,0.979,si
TANQ,TANQUERO,1.0,1,4,CHOFER TANQ ESPARCIDOR -> CHOFER TANQUERO ESPARCIDOR,0.98,si
EQ.,EQUIPO,0.888,2,4,OPERADOR DE EQ. DE CARGA -> OPERADOR DE EQUIPO DE CARGA | OPERADOR EQ.P -> OPERADOR EQUIPO P,0.98,no
LIV,LIVIANO,1.0,2,4,JEFE VENTAS SEGMENTO REPUESTO LIV COSTA -> JEFE VENTAS SEGMENTO REPUESTO LIVIANO COSTA | JEFE VENTAS SEGMENTO REPUESTO LIV SIERRA -> JEFE VENTAS SEGMENTO REPUESTO LIVIANO SIERRA,0.98,no
BANQ,BANQUETES,1.0,1,3,36.0 EJECUTIVO DE CUENTAS BANQ -> 36.0 EJECUTIVO DE CUENTAS BANQUETES,0.981,no
ECUAD,ECUADOR,1.0,2,3,ACCOUNTING CONTROLLONG ECUAD -> ACCOUNTING CONTROLLONG ECUADOR | SPECIALIST BU ANDEAN - PROCUREMENT ECUAD -> SPECIALIST BU ANDEAN - PROCUREMENT ECUADOR,0.981,si
PRESUP,PRESUPUESTO,1.0,2,3,ANALISTA CTAS Y CONTROL PRESUP -> ANALISTA CTAS Y CONTROL PRESUPUESTO | EJECUTIVO DE VENTAS PRESUP C -> EJECUTIVO DE VENTAS PRESUPUESTO C,0.981,si
DAT,DATA,1.0,3,3,AGENTE DE CARGA DAT -> AGENTE DE CARGA DATA | DAT SUPERVISOR GEELY -> DATA SUPERVISOR GEELY,0.981,no
SMA,SMART,1.0,1,3,GERENTE DE SERVICIOS SMA -> GERENTE DE SERVICIOS SMART,0.982,no
NAV.,NAVAL,1.0,2,3,GERENTE COMERC. NAV. NACIONAL -> GERENTE COMERCIAL NAVAL NACIONAL | GERENTE COMERCIAL NAV. INTERN -> GERENTE COMERCIAL NAVAL INTERN,0.982,no
MANTE,MANTENIMIENTO,1.0,2,3,ANALISTA DE MANTE DE SISTEMAS DE LA INFO -> ANALISTA DE MANTENIMIENTO DE SISTEMAS DE LA INFO | CONSTRUCTOR Y MANTE EN OB -> CONSTRUCTOR Y MANTENIMIENTO EN OB,0.982,si
SECR.,SECRETARIA,0.824,2,3,APOYO A LA COORDINACION Y AUX.SECR.ACADEMICA -> APOYO A LA COORDINACION Y AUXILIAR SECRETARIA ACADEMICA | ASISTENTE DE SECR.GENERAL Y ASESORIA JURIDICA -> ASISTENTE DE SECRETARIA GENERAL Y ASESORIA JURIDICA,0.982,si
CATEG,CATEGORIA,0.874,2,3,AYUDANTE DE PANADERIA Y/O PASTELERIA (ESTABLECIMIENTOS CATEG -> AYUDANTE DE PANADERIA Y/O PASTELERIA (ESTABLECIMIENTOS CATEGORIA | COCINERO (ESTABLECIMIENTOS CATEG -> COCINERO (ESTABLECIMIENTOS CATEGORIA,0.983,si
SELECC,SELECCION,1.0,1,3,COORDINADOR SELECC Y CONTRATACION -> COORDINADOR SELECCION Y CONTRATACION,0.983,si
ESTUDI,ESTUDIANTIL,1.0,1,3,COORDINADORA CONSEJERIA ESTUDI -> COORDINADORA CONSEJERIA ESTUDIANTIL,0.983,si
INVES.,INVESTIGACION,0.833,1,3,ESPECIALISTA MKT E INVES. MERCADOS -> ESPECIALISTA MKTG E INVESTIGACION MERCADOS,0.983,si
DEMA,DEMANDA,0.84,2,3,ESPECIALISTA DE PLANIFICACION DE LA DEMA -> ESPECIALISTA DE PLANIFICACION DE LA DEMANDA | LIDER DE PLANEACION DE LA DEMA -> LIDER DE PLANEACION DE LA DEMANDA,0.984,no
DPT.,DPTO,1.0,1,3,COORDINADORA DEL DPT. DE RR-HH -> COORDINADORA DEL DPTO DE RR-HH,0.984,si
CONVEN,CONVENIOS,1.0,1,3,EJECUT CTAS SEG. Y CONVEN -> EJECUT CTAS SEGURIDAD Y CONVENIOS,0.984,si
CONV,CONVENIOS,1.0,2,3,COORDINADOR DE VISITA MEDICA Y CONV GYE -> COORDINADOR DE VISITA MEDICA Y CONVENIOS GYE | LIDER MECANICO DE CONV Y MAQ DE COSER -> LIDER MECANICO DE CONVENIOS Y MAQ DE COSER,0.984,si
NEG,NEGOCIO,0.926,1,3,SOPORTE ADMINISTRATIVO NEG -> SOPORTE ADMINISTRATIVO NEGOCIO,0.985,si
OCUPAC,OCUPACIONAL,1.0,2,3,MEDICO OCUPAC -> MEDICO OCUPACIONAL | TECNICA EN SEGURIDAD Y SALUD OCUPAC -> TECNICA EN SEGURIDAD Y SALUD OCUPACIONAL,0.985,si
COMU,COMUNICACION,0.829,1,3,ASISTENTE DE ASUNTOS CORPORATIVOS & COMU -> ASISTENTE DE ASUNTOS CORPORATIVOS & COMUNICACION,0.985,si
LEADE,LEADER,1.0,1,2,RST MAINTENANCE LEADE -> RST MAINTENANCE LEADER,0.985,no
ANALYS,ANALYST,0.972,1,2,AGREEMENTS ANALYS -> AGREEMENTS ANALYST,0.986,si
INFR,INFRAESTRUCTURA,0.964,1,2,ANALISTA DE DESARR PROY E INFR -> ANALISTA DE DESARROLLO PROYECTO E INFRAESTRUCTURA,0.986,si
SUPE,SUPERVISOR,0.851,1,2,RECEPCION DE MERCADERIA Y SUPE -> RECEPCION DE MERCADERIA Y SUPERVISOR,0.986,si
MOLEC.,MOLECULAR,1.0,1,2,MOLEC. & B.B. PM -> MOLECULAR & B. B. PM,0.986,si
APOY,APOYO,1.0,1,2,ADM APOY SENIOR (ANALISTA) -> ADM APOYO SENIOR (ANALISTA),0.986,si
JURIDI,JURIDICO,0.846,2,2,ABOGADO DEL CONSULTORIO JURIDI -> ABOGADO DEL CONSULTORIO JURIDICO | SUBGERENTE JURIDI -> SUBGERENTE JURIDICO,0.986,si
ESTAC,ESTACION,1.0,1,2,OPERADOR ESTAC BOMBEO CT. PRODUCC -> OPERADOR ESTACION BOMBEO CT. PRODUCC,0.987,si
OPERAD,OPERADOR,0.987,1,2,OPERAD GENERADOR Y MONTACARGA -> OPERADOR GENERADOR Y MONTACARGA,0.987,si
MAINT.,MAINTENANCE,1.0,1,2,MAINT. RELIABILITY & INTEGRITY MANAGER -> MAINTENANCE RELIABILITY & INTEGRITY MANAGER,0.987,si
SUPLEN,SUPLENTE,1.0,1,2,OFICIAL DE CUMPLIMIENTO SUPLEN -> OFICIAL DE CUMPLIMIENTO SUPLENTE,0.987,no
MKT.,MKTG,1.0,1,2,MKT. PARTNER JR. -> MKTG PARTNER JR.,0.987,si
SPECI,SPECIALIST,1.0,2,2,AIR LOG. PERISHABLES CUSTOMER CARE SPECI -> AIR LOG. PERISHABLES CUSTOMER CARE SPECIALIST | SENIOR TECHNICAL SUPPORT SPECI -> SENIOR TECHNICAL SUPPORT SPECIALIST,0.987,si
ENGI,ENGINEER,0.893,1,2,DIRECTOR PROPERTY & ENGI LINES -> DIRECTOR PROPERTY & ENGINEER LINES,0.988,si
CEM,CEMENTACION,1.0,1,2,ESPECIALISTA CEM & DIRECTORAS -> ESPECIALISTA CEMENTACION & DIRECTORAS,0.988,no
ATENC,ATENCION,1.0,1,2,COORDINADORA MERCHANDISING Y ATENC CLIENTE -> COORDINADORA MERCHANDISING Y ATENCION CLIENTE,0.988,si
BENEF.,BENEFICIO,1.0,1,2,COORINADORA SERV. Y BENEF. -> COORINADORA SERV. Y BENEFICIO,0.988,si
CONST.,CONSTRUCCION,1.0,2,2,DIRECTOR CONST. -> DIRECTOR CONSTRUCCION | FACILITIES ENGINEERING & CONST. MANAGER -> FACILITIES ENGINEERING & CONSTRUCCION MANAGER,0.988,no
ACUA,ACUACULTURA,1.0,2,2,DESARROLISTA TECNICO ACUA -> DESARROLISTA TECNICO ACUACULTURA | DESARROLLISTA TECNICO ACUA -> DESARROLLISTA TECNICO ACUACULTURA,0.988,no
NEGOCI,NEGOCIO,0.926,1,2,COORDINADOR NUEVOS NEGOCI -> COORDINADOR NUEVOS NEGOCIO,0.989,si
CIN,CINTA,1.0,1,2,COORDINADORA DE PUBLICACIONES- CIN -> COORDINADORA DE PUBLICACIONES- CINTA,0.989,no
VIG.,VIGILANCIA,1.0,1,2,CONTROL Y VIG.INTERNA -> CONTROL Y VIGILANCIA INTERNA,0.989,no
EQU.,EQUIPO,0.888,1,2,COMPRADOR DE MAQ. Y EQU. -> COMPRADOR DE MAQ. Y EQUIPO,0.989,si
CRE.,CREDITO,0.863,1,2,COORD. CRE. COB. -> COORD. CREDITO COB.,0.989,no
RIES,RIESGO,1.0,1,2,COORDINADOR DE GESTION DE RIES -> COORDINADOR DE GESTION DE RIESGO,0.99,no
SALU,SALUD,1.0,1,2,ESPECIALISTA EN SALU -> ESPECIALISTA EN SALUD,0.99,si
SOFTW,SOFTWARE,1.0,1,2,ESPECIALISTA EN DESARROLLO DE SOFTW -> ESPECIALISTA EN DESARROLLO DE SOFTWARE,0.99,si
NOMI,NOMINA,1.0,1,2,COORDINADOR NACIONAL CORPORATIVO DE NOMI -> COORDINADOR NACIONAL CORPORATIVO DE NOMINA,0.99,si
POSVEN,POSVENTA,1.0,1,2,COORDINADOR DE CREDITO Y COBRANZA POSVEN -> COORDINADOR DE CREDITO Y COBRANZA POSVENTA,0.99,si
MEC.,MECANICO,0.825,2,2,AYUDANTE MEC. -> AYUDANTE MECANICO | JEFE MEC.GRAL.Y MOTORES -> JEFE MECANICO GRAL. Y MOTORES,0.99,si
INTERM,INTERMEDIATE,1.0,1,2,INTERM -> INTERMEDIATE,0.991,no
QAQ,QAQC,1.0,1,2,INGENIERO QAQ -> INGENIERO QAQC,0.991,no
HR.,HRBP,1.0,1,2,HR. BUSINESS PARTNER HEAD -> HRBP BUSINESS PARTNER HEAD,0.991,si
PROYE,PROYECTO,1.0,1,2,JEFE DE PLANIFICACION Y CONTROL DE PROYE -> JEFE DE PLANIFICACION Y CONTROL DE PROYECTO,0.991,si
PRESUP.,PRESUPUESTO,1.0,1,2,JEFE DE CONTROL INT. Y PRESUP. -> JEFE DE CONTROL INT. Y PRESUPUESTO,0.991,si
ASUNT,ASUNTOS,1.0,1,2,JEFE DE ASUNT REGUL Y ASEG CALIDAD -> JEFE DE ASUNTOS REGUL Y ASEGURAMIENTO CALIDAD,0.991,si
REPUES,REPUESTO,1.0,1,2,JEFE COMERCIAL REGIONAL REPUES -> JEFE COMERCIAL REGIONAL REPUESTO,0.992,si
ORGANI,ORGANIZACIONAL,0.844,1,2,ASISTENTE DE DESARROLLO ORGANI -> ASISTENTE DE DESARROLLO ORGANIZACIONAL,0.992,si
CUMPL.,CUMPLIMIENTO,1.0,1,2,ASISTENTE TTHH Y OF.CUMPL.SUPLENTE -> ASISTENTE TTHH Y OF. CUMPLIMIENTO SUPLENTE,0.992,si
CREDI.,CREDITO,0.969,1,2,ASIST CREDI. Y COB - MANTA -> ASISTENTE CREDITO Y COB - MANTA,0.992,si
AGRIC,AGRICOLA,1.0,1,2,AYUDANTE DE OPERADOR DE MAQUINARIA AGRIC -> AYUDANTE DE OPERADOR DE MAQUINARIA AGRICOLA,0.992,si
ORG.,ORGANIZACIONAL,0.844,1,2,COORDINADOR DE ORG.Y MET. -> COORDINADOR DE ORGANIZACIONAL Y MET.,0.992,si
GESTI,GESTION,1.0,2,2,ANALISTA DE SISTEMAS INTEGRADOS DE GESTI -> ANALISTA DE SISTEMAS INTEGRADOS DE GESTION | ASISTENTE DE GESTI N DE RIESGO -> ASISTENTE DE GESTION N DE RIESGO,0.993,si
SANIT.,SANITIZACION,1.0,1,2,AUXILIAR 2 DE PRODUCCION DE SANIT. ING. Y VIALES -> AUXILIAR 2 DE PRODUCCION DE SANITIZACION ING. Y VIALES,0.993,si
CAF,CAFETERIA,1.0,2,2,AUXILIAR CAF Y PROYECTOS NUEVOS -> AUXILIAR CAFETERIA Y PROYECTOS NUEVOS | COORDINADOR DE CAF Y PROYECTOS NUEVOS -> COORDINADOR DE CAFETERIA Y PROYECTOS NUEVOS,0.993,no
CALID.,CALIDAD,1.0,1,2,JEFE PRODUCTO CALID. Y ENERGIA -> JEFE PRODUCTO CALIDAD Y ENERGIA,0.993,si
OCU,OCUPACIONAL,1.0,1,2,JEFE DE SEGURIDAD INDUSTRIAL Y SALUD OCU -> JEFE DE SEGURIDAD INDUSTRIAL Y SALUD OCUPACIONAL,0.993,si
INNOV,INNOVACION,0.923,1,2,JEFE DE PROYECTOS E INNOV -> JEFE DE PROYECTOS E INNOVACION,0.993,si
COBRAN.,COBRANZA,1.0,1,2,ASIST. DE CRED. Y COBRAN. -> ASISTENTE DE CRED. Y COBRANZA,0.994,si
FAM,FAMILIAR,1.0,1,2,ASISTENTE DE FAM -> ASISTENTE DE FAMILIAR,0.994,no
TALEN.,TALENTO,0.941,1,2,ASIS.TALEN.HUM. -> ASIS. TALENTO HUM.,0.994,si
CIBER,CIBERSEGURIDAD,1.0,2,2,ANALISTA SEGURIDAD DE CIBER DEFENSA -> ANALISTA SEGURIDAD DE CIBERSEGURIDAD DEFENSA | ANALISTA SEGURIDAD DE CIBER DEFENSA (E) -> ANALISTA SEGURIDAD DE CIBERSEGURIDAD DEFENSA (E),0.994,no
MAYORI,MAYORISTA,1.0,1,2,ASESOR INTERNO DE REPUESTOS CANAL MAYORI -> ASESOR INTERNO DE REPUESTOS CANAL MAYORISTA,0.994,si
QUAL,QUALITY,1.0,1,2,EXP ANLST CUST QUAL -> EXP ANLST CUSTOMER QUALITY,0.995,si
ORGA,ORGANIZACIONAL,0.844,1,2,"GERENTE RECURSOS HUMANOS, ORGA -> GERENTE RECURSOS HUMANOS, ORGANIZACIONAL",0.995,si
REFRIG,REFRIGERACION,1.0,1,2,TEC REFRIG -> TEC REFRIGERACION,0.995,si
HEALT,HEALTH,1.0,1,2,SALES MKT MANAGER ANIMAL HEALT -> SALES MKTG MANAGER ANIMAL HEALTH,0.995,si
HIGIEN.,HIGIENE,1.0,1,2,SUPERV.SEGURID.HIGIEN.TRABAJO -> SUPERVISOR SEGURID. HIGIENE TRABAJO,0.995,si
MECANI,MECANICO,0.825,1,2,SUPERVIS MECANI Y POSVENT -> SUPERVIS MECANICO Y POSVENT,0.995,si
PIL,PILOTO,1.0,2,2,PIL COMERCIAL ECUADOR -> PILOTO COMERCIAL ECUADOR | PIL MSC ECUADOR -> PILOTO MSC ECUADOR,0.996,no
PROCUR.,PROCUREMENT,1.0,1,2,PROCUR.OPERATIONS MANAGER MRP/NPMS LATAM -> PROCUREMENT OPERATIONS MANAGER MRP/NPMS LATAM,0.996,si
HORMI,HORMIGON,1.0,1,1,ADMINISTRADOR HORMI -> ADMINISTRADOR HORMIGON,0.996,no
ANALIS,ANALISTA,0.972,1,1,ANALIS COMERCIAL DEMANDA -> ANALISTA COMERCIAL DEMANDA,0.996,si
QH,QHSE,1.0,1,1,ANALISTA DE CALIDAD SENIOR QH -> ANALISTA DE CALIDAD SENIOR QHSE,0.996,no
VISUA,VISUAL,1.0,1,1,ANALISTA DE FOTOGRAFIA Y VISUA -> ANALISTA DE FOTOGRAFIA Y VISUAL,0.996,si
ANDE,ANDEAN,1.0,1,1,SALES FINANCE COORDINATOR ANDE -> SALES FINANCE COORDINATOR ANDEAN,0.996,no
PRESEN,PRESENCIAL,1.0,1,1,SUPERVISOR BALCON DE SERVICIOS NO PRESEN -> SUPERVISOR BALCON DE SERVICIOS NO PRESENCIAL,0.996,si
EQUI,EQUIPO,0.888,1,1,SUPERVISOR DE PLATAFORMAS / EQUI -> SUPERVISOR DE PLATAFORMAS / EQUIPO,0.996,si
SIE,SIERRA,0.955,1,1,SUPERVISOR DE VENTAS REG SIE -> SUPERVISOR DE VENTAS REG SIERRA,0.996,si
HSE.,HSEQ,1.0,1,1,TECHNICIAN.HSE.I -> TECHNICIAN. HSEQ I,0.996,no
ESPE,ESPECIALISTA,0.939,1,1,TECNICO ESPE -> TECNICO ESPECIALISTA,0.997,si
PARTIC,PARTICIPACION,1.0,1,1,TECNICO PARTIC JUVENIL -> TECNICO PARTICIPACION JUVENIL,0.997,no
SANIDA,SANIDAD,1.0,1,1,TRABAJADOR AGRICOLA SANIDA VENETAL -> TRABAJADOR AGRICOLA SANIDAD VENETAL,0.997,si
SOPLAD,SOPLADO,1.0,1,1,GERENTE CORPORATIVO DE PRODUCCION SOPLAD -> GERENTE CORPORATIVO DE PRODUCCION SOPLADO,0.997,si
IMPL.,IMPLEMENTACION,1.0,1,1,IMPL. & TECH. EXPERTISE LEAD EC -> IMPLEMENTACION & TECH. EXPERTISE LEAD EC,0.997,no
INSP,INSPECTOR,0.841,1,1,INSP INTEG AREA COMER CT. PRODUC -> INSPECTOR INTEG AREA COMER CT. PRODUC,0.997,no
JEF.,JEFE,0.97,1,1,JEF. PROYECTOS Y MANTENIMIENTO -> JEFE PROYECTOS Y MANTENIMIENTO,0.997,si
SELE,SELECCION,1.0,1,1,JEFE DE DESARROLLO ORGANIZACIONAL Y SELE -> JEFE DE DESARROLLO ORGANIZACIONAL Y SELECCION,0.997,si
LARVI,LARVICULTURA,1.0,1,1,JEFE DE MANTENIMIENTO DE LARVI -> JEFE DE MANTENIMIENTO DE LARVICULTURA,0.997,no
ANDIN,ANDINA,1.0,1,1,COORDINADORA OPERACIONES COMERCIALES CLUSTER ANDIN -> COORDINADORA OPERACIONES COMERCIALES CLUSTER ANDINA,0.997,no
VINCUL,VINCULACION,1.0,1,1,"DIRECTOR DE INVESTIGACION, VINCUL Y EMPR -> DIRECTOR DE INVESTIGACION, VINCULACION Y EMPR",0.997,si
POSVE,POSVENTA,1.0,1,1,EJECUTIVA DE SERVICOS AL CLIENTE Y POSVE -> EJECUTIVA DE SERVICOS AL CLIENTE Y POSVENTA,0.998,si
HIG,HIGIENE,1.0,1,1,ESPECIALISTA SEGURIDAD ALIMENTARIA E HIG -> ESPECIALISTA SEGURIDAD ALIMENTARIA E HIGIENE,0.998,no
CONTR,CONTROL,0.805,1,1,BUSINESS CONTINUITY & CONTR ASSURAN SPEC -> BUSINESS CONTINUITY & CONTROL ASSURAN SPEC,0.998,si
MANTE.,MANTENIMIENTO,1.0,1,1,COOR.MANTE.Y CONTROL AMBIENTAL -> COOR. MANTENIMIENTO Y CONTROL AMBIENTAL,0.998,si
HERRAM.,HERRAMIENTAS,1.0,1,1,COORD.ALMACEN HERRAM.TA-MC-QTO -> COORD. ALMACEN HERRAMIENTAS TA-MC-QTO,0.998,si
COMUNI,COMUNICACION,0.829,1,1,COORDINADOR APREDIZAJE LENGUAJE Y COMUNI -> COORDINADOR APREDIZAJE LENGUAJE Y COMUNICACION,0.998,si
ECOM,ECOMMERCE,1.0,1,1,COORDINADOR COMERCIAL JR ECOM -> COORDINADOR COMERCIAL JR ECOMMERCE,0.998,si
CCT,CCTV,1.0,1,1,COORDINADOR DE CCT -> COORDINADOR DE CCTV,0.998,si
GUAYAQ,GUAYAQUIL,1.0,1,1,COORDINADOR DE NEGOCIOS GUAYAQ -> COORDINADOR DE NEGOCIOS GUAYAQUIL,0.998,si
PROPA,PROPAGACION,1.0,1,1,COORDINADOR DE PROPA -> COORDINADOR DE PROPAGACION,0.998,no
SOSTE,SOSTENIBILIDAD,1.0,1,1,COORDINADOR DESARROLLO Y SOSTE -> COORDINADOR DESARROLLO Y SOSTENIBILIDAD,0.998,no
ASITE,ASITENTE,1.0,1,1,ASITE AUX ADMINISTRATIVO -> ASITENTE AUXILIAR ADMINISTRATIVO,0.998,si
GENER.,GENERAL,0.943,1,1,AYUDANTE SERV. GENER. -> AYUDANTE SERV. GENERAL,0.999,si
SELECC.,SELECCION,1.0,1,1,ASIST. DE SELECC. Y DESARROLLO -> ASISTENTE DE SELECCION Y DESARROLLO,0.999,si
CONTIN,CONTINUA,0.824,1,1,ASISTENTE DE GESTION DE LA CALIDAD Y MEJORA CONTIN -> ASISTENTE DE GESTION DE LA CALIDAD Y MEJORA CONTINUA,0.999,si
TRANSP.,TRANSPORTE,1.0,1,1,ASISTENTE DE TRANSP. Y LOG. -> ASISTENTE DE TRANSPORTE Y LOG.,0.999,si
COBRAN,COBRANZA,1.0,1,1,ASISTENTE OPE CREDITO Y COBRAN -> ASISTENTE OPE CREDITO Y COBRANZA,0.999,si
HAR,HARDWARE,1.0,1,1,ANALISTA DE INVESTIGACION Y DESARROLLO DE HAR -> ANALISTA DE INVESTIGACION Y DESARROLLO DE HARDWARE,0.999,si
INYECC,INYECCION,1.0,1,1,ANALISTA PRODUCCION E INVENTARIOS INYECC -> ANALISTA PRODUCCION E INVENTARIOS INYECCION,0.999,no
DOMIN,DOMINGO,1.0,1,1,ASESOR COMERCIAL SANTO DOMIN GO -> ASESOR COMERCIAL SANTO DOMINGO GO,0.999,si
EFIC,EFICIENCIA,1.0,1,1,JEFE MANTENIMIENTO CIVIL Y EFIC ENERGETICA -> JEFE MANTENIMIENTO CIVIL Y EFICIENCIA ENERGETICA,0.999,si
CONTR.,CONTROL,0.805,1,1,JEFE NAC.GEST.AMB.Y CONTR.CONT -> JEFE NACIONAL GEST. AMB. Y CONTROL CONT,0.999,si
INDUST.,INDUSTRIAL,0.88,1,1,JEFE SEGUR.INDUST. Y SALUD -> JEFE SEGUR. INDUSTRIAL Y SALUD,0.999,si
OCUPA,OCUPACIONAL,1.0,1,1,LIDER DE SEGURIDAD & SALUD OCUPA -> LIDER DE SEGURIDAD & SALUD OCUPACIONAL,0.999,si
ECUADO,ECUADOR,1.0,1,1,MARKETING SR. MANAGER - ECUADO -> MARKETING SR. MANAGER - ECUADOR,1.0,si
MICROB,MICROBIOLOGIA,1.0,1,1,MICROB SUPERV GESTION TECNICA -> MICROBIOLOGIA SUPERVISOR GESTION TECNICA,1.0,si
OPERAD.,OPERADOR,0.987,1,1,OPERAD.DE COPIAD.AUX.ARCHIVO -> OPERADOR DE COPIAD. AUXILIAR ARCHIVO,1.0,si
INCLU,INCLUSION,1.0,1,1,ACOMPANANTE EDUCATIVO DE INCLU -> ACOMPANANTE EDUCATIVO DE INCLUSION,1.0,no
FAM.,FAMILIAR,1.0,1,1,VARIOS FAM. AGUILAR -> VARIOS FAMILIAR AGUILAR,1.0,no
BEBID,BEBIDAS,1.0,1,1,98.0 JEFE DE ALIMENTOS Y BEBID -> 98.0 JEFE DE ALIMENTOS Y BEBIDAS,1.0,si
