n,particion,etiqueta_antes,etiqueta,motivo
8,entrena,1.0,0.0,p1
107,entrena,1.0,0.0,p1
122,entrena,1.0,0.0,p1
501,entrena,1.0,0.0,p1
575,entrena,1.0,0.0,p1
583,entrena,1.0,0.0,p1
637,entrena,1.0,0.0,p1
652,entrena,1.0,0.0,p1
693,entrena,1.0,0.0,p1
808,entrena,1.0,0.0,p1
905,entrena,1.0,0.0,p1
908,entrena,1.0,0.0,p1
996,entrena,1.0,0.0,p1
997,entrena,1.0,0.0,p1
1147,entrena,1.0,0.0,p1
1210,entrena,1.0,0.0,p1
1441,entrena,1.0,0.0,p1
1492,entrena,1.0,0.0,p1
1522,entrena,1.0,0.0,p1
2042,entrena,1.0,0.0,p1
2085,entrena,1.0,0.0,p1
2156,entrena,1.0,0.0,p1
2250,entrena,1.0,0.0,p1
2280,entrena,1.0,0.0,p1
2292,entrena,1.0,0.0,p1
2382,entrena,1.0,0.0,p1
2475,entrena,1.0,0.0,p1
2666,valida,1.0,0.0,p1
2799,valida,1.0,0.0,p1
2812,valida,1.0,0.0,p1
2854,valida,1.0,0.0,p1
2899,entrena,1.0,0.0,p1
2919,entrena,1.0,0.0,p1
3031,entrena,1.0,0.0,p1
3150,entrena,1.0,0.0,p1
3282,entrena,1.0,0.0,p1
3382,entrena,1.0,0.0,p1
3399,entrena,1.0,0.0,p1
3448,entrena,1.0,0.0,p1
3506,entrena,1.0,0.0,p1
3569,entrena,1.0,0.0,p1
3743,entrena,1.0,0.0,p1
3815,entrena,1.0,0.0,p1
3963,entrena,1.0,0.0,p1
3972,entrena,1.0,0.0,p1
3995,valida,1.0,0.0,p1
4048,entrena,1.0,0.0,p1
4055,entrena,1.0,0.0,p1
4198,entrena,1.0,0.0,p1
4322,entrena,1.0,0.0,p1
4369,entrena,1.0,0.0,p1
4372,entrena,1.0,0.0,p1
4390,valida,1.0,0.0,p1
4582,entrena,1.0,0.0,p1
4583,entrena,1.0,0.0,p1
4587,entrena,1.0,0.0,p1
4614,entrena,1.0,0.0,p1
4666,entrena,1.0,0.0,p1
4699,entrena,1.0,0.0,p1
4706,entrena,1.0,0.0,p1
4722,entrena,1.0,0.0,p1
4726,entrena,1.0,0.0,p1
4757,valida,1.0,0.0,p1
4758,entrena,1.0,0.0,p1
4780,valida,1.0,0.0,p1
4835,entrena,1.0,0.0,p1
4922,entrena,1.0,0.0,p1
4982,entrena,1.0,0.0,p1
4998,entrena,1.0,0.0,p1
5013,entrena,1.0,0.0,p1
5016,entrena,1.0,0.0,p1
5039,entrena,1.0,0.0,p1
5056,entrena,1.0,0.0,p1
5074,entrena,1.0,0.0,p1
5118,entrena,1.0,0.0,p1
5184,valida,1.0,0.0,p1
5325,entrena,1.0,0.0,p1
5377,entrena,1.0,0.0,p1
5400,entrena,1.0,0.0,p1
5419,entrena,1.0,0.0,p1
5490,entrena,1.0,0.0,p1
5592,entrena,1.0,0.0,p1
5615,entrena,1.0,0.0,p1
5622,entrena,1.0,0.0,p1
5800,entrena,1.0,0.0,p1
5836,entrena,1.0,0.0,p1
5841,entrena,1.0,0.0,p1
5872,entrena,1.0,0.0,p1
5917,entrena,1.0,0.0,p1
6165,entrena,1.0,0.0,p1
6222,entrena,1.0,0.0,p1
6352,entrena,1.0,0.0,p1
6357,valida,1.0,0.0,p1
6427,entrena,1.0,0.0,p1
6512,entrena,1.0,0.0,p1
6566,entrena,1.0,0.0,p1
6577,entrena,1.0,0.0,p1
6617,entrena,1.0,0.0,p1
6644,entrena,1.0,0.0,p1
6656,entrena,1.0,0.0,p1
6719,entrena,1.0,0.0,p1
6786,entrena,1.0,0.0,p1
6816,entrena,1.0,0.0,p1
6876,valida,1.0,0.0,p1
6960,entrena,1.0,0.0,p1
7202,valida,1.0,0.0,p1
7221,valida,1.0,0.0,p1
7472,entrena,1.0,0.0,p1
7488,entrena,1.0,0.0,p1
7528,entrena,1.0,0.0,p1
7637,valida,1.0,0.0,p1
7798,entrena,1.0,0.0,p1
7987,entrena,1.0,0.0,p1
8025,entrena,1.0,0.0,p1
8049,valida,1.0,0.0,p1
8069,entrena,1.0,0.0,p1
8114,entrena,1.0,0.0,p1
8138,entrena,1.0,0.0,p1
8231,valida,1.0,0.0,p1
8304,entrena,1.0,0.0,p1
8376,entrena,1.0,0.0,p1
8381,entrena,1.0,0.0,p1
8571,entrena,1.0,0.0,p1
8897,entrena,1.0,0.0,p1
9012,entrena,1.0,0.0,p1
9125,entrena,1.0,0.0,p1
9185,entrena,1.0,0.0,p1
9224,entrena,1.0,0.0,p1
9231,valida,1.0,0.0,p1
9382,entrena,1.0,0.0,p1
9450,valida,1.0,0.0,p1
9597,entrena,1.0,0.0,p1
9603,entrena,1.0,0.0,p1
9667,entrena,1.0,0.0,p1
9908,entrena,1.0,0.0,p1
9969,entrena,1.0,0.0,p1
