conjunto,n,comun,raro,mismo_hoy,origen,correccion_enmienda5,grado_comun,grado_raro
calibra (13e),104,AUXILIAR 1 DE CONTABILIDAD,AUXILIAR 2 DE CONTABILIDAD,si,,True,[1],[2]
calibra (13e),188,ASISTENTE DE OFICINA 2,ASISTENTE DE OFICINA 1,si,,True,[2],[1]
calibra (13e),350,ASISTENTE CONTABLE 3,ASISTENTE CONTABLE 5,si,,True,[3],[5]
calibra (13e),396,QUIMICO I,QUIMICO II,si,,True,[1],[2]
prueba (13e),111,EJECUTIVO DE BANCA CORPORATIVA 5,EJECUTIVO DE BANCA CORPORATIVA 6,si,,True,[5],[6]
prueba (13e),290,PROFESOR TITULAR AGREGADO 1,PROFESOR TITULAR AGREGADO 2,si,,True,[1],[2]
prueba (20),46,PROF/TITULO III NIVEL BASICO,PROF/TITULO IV NIVEL BASICO,si,,True,[3],[4]
prueba (20),53,DISENADOR 1,DISENADOR 2,si,,True,[1],[2]
prueba (20),88,COORDINADOR 3,COORDINADOR 1,si,,True,[3],[1]
prueba (20),185,ASESOR DE SERVICIO 1,ASESOR DE SERVICIO 2,si,,True,[1],[2]
prueba (20),190,PROFESOR DE TENIS 1,PROFESOR DE TENIS 3,si,,False,[1],[3]
prueba (20),329,AYUDANTE DE TESORERIA 1,AYUDANTE DE TESORERIA 4,si,,False,[1],[4]
prueba (20),353,AGENTES DE SERVICIOS2,AGENTES DE SERVICIOS5,si,,False,[2],[5]
prueba (20),364,AYUDANTES 1 DE PRODUCCION ESTERILES,AYUDANTES 3 DE PRODUCCION ESTERILES,si,,False,[1],[3]
prueba 2 (29),169,GESTOR: AYUDANTE DE RUTA 1 LE,GESTOR: AYUDANTE DE RUTA 2 LC,si,,False,[1],[2]
plata entrena,8,EXPERIENCE SENIOR 1,EXPERIENCE SENIOR 2,si,gemini_grado,True,[1],[2]
plata entrena,107,ANALISTA BANCA CORPORATIVA3,ANALISTA BANCA CORPORATIVA5,si,gemini_grado,True,[3],[5]
plata entrena,122,ASISTENTE 2 DE COMPRAS INTERNACIONALES,ASISTENTE 1 DE COMPRAS INTERNACIONALES,si,gemini_grado,True,[2],[1]
plata entrena,501,MAQUINISTA 1,MAQUINISTA 3,si,gemini_grado,True,[1],[3]
plata entrena,575,FUNCIONARIO 5,FUNCIONARIO 6,si,gemini_grado,True,[5],[6]
plata entrena,583,OBRERO 2,OBRERO 3,si,gemini_grado,True,[2],[3]
plata entrena,637,FUNCIONARIO 1,FUNCIONARIO 6,si,gemini_grado,True,[1],[6]
plata entrena,652,SUPERVISOR DE VENTAS 6,SUPERVISOR DE VENTAS 8,si,gemini_grado,True,[6],[8]
plata entrena,693,ASISTENTE 1 DE VENTAS,ASISTENTE DE VENTAS 2,si,gemini_grado,True,[1],[2]
plata entrena,808,OPERADOR DE MAQUINA NIVEL 1,OPERADOR DE MAQUINA NIVEL 3,si,gemini_grado,True,[1],[3]
plata entrena,905,ANALISTA BANCA CORPORATIVA5,ANALISTA BANCA CORPORATIVA6,si,gemini_grado,True,[5],[6]
plata entrena,908,OPERADOR TECASA - 1,OPERADOR TECASA - 2,si,gemini_grado,True,[1],[2]
plata entrena,996,JEFE DE PRODUCTO 1,JEFE DE PRODUCTO 3,si,gemini_grado,True,[1],[3]
plata entrena,997,OFICINISTA 1,OFICINISTA 2 CO,si,gemini_grado,True,[1],[2]
plata entrena,1147,SERVICIO AL CLIENTE 1,SERVICIO AL CLIENTE 3,si,gemini_grado,True,[1],[3]
plata entrena,1210,MANTENIMIENTO-TRABAJADOR GENERAL 1,MANTENIMIENTO-TRABAJADOR GENERAL 5,si,gemini_grado,True,[1],[5]
plata entrena,1441,LOGISTIC COORDINADOR LEVEL I,LOGISTIC COORDINATOR II,si,gemini_grado,True,[1],[2]
plata entrena,1492,RECAUDADOR 2,RECAUDADOR 1,si,gemini_grado,True,[2],[1]
plata entrena,1522,SERVICIO AL CLIENTE 3,SERVICIO AL CLIENTE 6,si,gemini_grado,True,[3],[6]
plata entrena,2042,ASISTENTE 2 DE PRODUCCION,ASISTENTE DE PRODUCCION 1,si,gemini_grado,True,[2],[1]
plata entrena,2085,INGENIERO DE CAMPO III,INGENIERO DE CAMPO IV,si,gemini_grado,True,[3],[4]
plata entrena,2156,MAQUINISTA 1,MAQUINISTA 2,si,gemini_grado,True,[1],[2]
plata entrena,2250,COCINERO 1,COCINERO 2,si,gemini_grado,True,[1],[2]
plata entrena,2280,MANTENIMIENTO-TRABAJADOR GENERAL 1,MANTENIMIENTO-TRABAJADOR GENERAL 6,si,gemini_grado,True,[1],[6]
plata entrena,2292,GESTOR: CONDUCTOR DE MONTACARGAS 1 LG,GESTOR: CONDUCTOR DE MONTACARGAS 2 SL,si,gemini_grado,True,[1],[2]
plata entrena,2382,ANALISTA DE SISTEMAS I,ANALISTA DE SISTEMAS III,si,gemini_grado,True,[1],[3]
plata entrena,2475,TRABAJADOR AGRICOLA 3,TRABAJADOR AGRICOLA 4,si,gemini_grado,True,[3],[4]
plata entrena,2899,LINIERO 1,LINIERO 2,si,gemini_grado,True,[1],[2]
plata entrena,2919,SOLDADOR TIPO 1,SOLDADOR TIPO II,si,gemini_grado,True,[1],[2]
plata entrena,3031,ELECTROMECANICO 1,ELECTROMECANICO 2,si,gemini_grado,True,[1],[2]
plata entrena,3150,OPERARIOS 1 DE EMPAQUE PIFO,OPERARIOS 3 DE EMPAQUE PIFO,si,gemini_grado,True,[1],[3]
plata entrena,3282,SALONERO 1,SALONERO 2,si,gemini_grado,True,[1],[2]
plata entrena,3382,PERSONAL ACADEMICO TITULAR AGREGADO NIVEL 1,PERSONAL ACADEMICO TITULAR AGREGADO NIVEL 1 GRADO 3 MEDIO TIEMPO,si,gemini,False,[1],"[1, 3]"
plata entrena,3399,ASISTENTE DE COMPRAS 2,ASISTENTE DE COMPRAS 4,si,gemini_grado,True,[2],[4]
plata entrena,3448,ASIST. OPERACIONES 1,ASIST. OPERACIONES 2,si,gemini_grado,True,[1],[2]
plata entrena,3506,SUPERVISOR DE SEGURIDAD SALUD Y AMBIENTE 1,SUPERVISOR DE SEGURIDAD SALUD Y AMBIENTE 3,si,gemini_grado,True,[1],[3]
plata entrena,3569,APLICAD-COCHERO 1,APLICAD-COCHERO 3,si,gemini_grado,True,[1],[3]
plata entrena,3743,MAQUINISTA 3,MAQUINISTA 4,si,gemini_grado,True,[3],[4]
plata entrena,3815,MAQUINISTA 5,MAQUINISTA 6,si,gemini_grado,True,[5],[6]
plata entrena,3963,OFICINISTA 1,OFICINISTA 2,si,gemini_grado,True,[1],[2]
plata entrena,3972,CALIBRADOR NIVEL 1,CALIBRADOR NIVEL 2,si,gemini_grado,True,[1],[2]
plata entrena,4048,SECRETARIA 3,SECRETARIA 4,si,gemini_grado,True,[3],[4]
plata entrena,4055,JARDINERO 1,JARDINERO 2,si,gemini_grado,True,[1],[2]
plata entrena,4198,OPERADOR SIMON I,OPERADOR SIMON III,si,gemini_grado,True,[1],[3]
plata entrena,4322,EMPACADOR/CARGADOR 1,EMPACADOR/CARGADOR 3,si,gemini_grado,True,[1],[3]
plata entrena,4369,OPERADOR DE CARGADORA 4,OPERADOR DE CARGADORA 8,si,gemini_grado,True,[4],[8]
plata entrena,4372,REPRESENTANTE DE VENTAS LIFE 2 SIERRA,REPRESENTANTE DE VENTAS LIFE 3 SIERRA,si,gemini_grado,True,[2],[3]
plata entrena,4582,CADENERO 2,CADENERO 3,si,gemini_grado,True,[2],[3]
plata entrena,4583,MEDICO OCUPACIONAL III,MEDICO OCUPACIONAL IV,si,gemini_grado,True,[3],[4]
plata entrena,4587,MANTENIMIENTO-TRABAJADOR GENERAL 5,MANTENIMIENTO-TRABAJADOR GENERAL 6,si,gemini_grado,True,[5],[6]
plata entrena,4614,DISENADORA I,DISENADORA II,si,gemini_grado,True,[1],[2]
plata entrena,4666,TRIPULANTE 1,TRIPULANTE 2,si,gemini_grado,True,[1],[2]
plata entrena,4699,ELECTRICISTA 2,ELECTRICISTA 4,si,gemini_grado,True,[2],[4]
plata entrena,4706,SUPERVISOR ROTATIVO 1,SUPERVISOR ROTATIVO 3,si,gemini_grado,True,[1],[3]
plata entrena,4722,PAR PEDAGOGICO 2,PAR PEDAGOGICO 3,si,gemini_grado,True,[2],[3]
plata entrena,4726,ANALISTA BANCA CORPORATIVA 8,ANALISTA BANCA CORPORATIVA6,si,gemini_grado,True,[8],[6]
plata entrena,4758,ASISTENTE FINANCIERO 3,AUXILIAR FINANCIERO 1,si,gemini_grado,True,[3],[1]
plata entrena,4835,AUXILIAR DE BODEGA 1,ASISTENTE DE BODEGA 2,si,gemini_grado,True,[1],[2]
plata entrena,4922,DOCENTE NO TITULAR 1,DOCENTE NO TITULAR 3,si,gemini_grado,True,[1],[3]
plata entrena,4982,CORDINADOR DE PLANTA PRODUCCION 2,CORDINADOR DE PLANTA PRODUCCION 3,si,gemini_grado,True,[2],[3]
plata entrena,4998,LABORATORISTA 2,LABORATORISTA 3,si,gemini_grado,True,[2],[3]
plata entrena,5013,TECNICO LABORATORISTA 1,TECNICO LABORATORISTA 3,si,gemini_grado,True,[1],[3]
plata entrena,5016,MAESTRO DE OBRA 1,MAESTRO DE OBRA 2,si,gemini_grado,True,[1],[2]
plata entrena,5039,EXPERTO (FUN 3),EXPERTO (FUN 4),si,gemini_grado,True,[3],[4]
plata entrena,5056,INGENIERO BACK-END I,INGENIERO BACK-END II,si,gemini_grado,True,[1],[2]
plata entrena,5074,PAR PEDAGOGICO 2,PAR PEDAGOGICO 4,si,gemini_grado,True,[2],[4]
plata entrena,5118,SUPERVISOR DE VENTAS 5,SUPERVISOR DE VENTAS 6,si,gemini_grado,True,[5],[6]
plata entrena,5325,AYUDANTE DE RUTA 1 - LICENCIA E,AYUDANTE DE RUTA 2 - LICENCIA C,si,gemini_grado,True,[1],[2]
plata entrena,5377,CAPUCHON 1,CAPUCHON 2,si,gemini_grado,True,[1],[2]
plata entrena,5400,ASISTENTE DE MANTENIMIENTO 2,ASISTENTE DE MANTENIMIENTO 3,si,gemini_grado,True,[2],[3]
plata entrena,5419,FUNCIONARIO 1,FUNCIONARIO 2,si,gemini_grado,True,[1],[2]
plata entrena,5490,LOGISTIC COORDINADOR LEVEL I,LOGISTIC COORDINATOR LEVEL IV,si,gemini_grado,True,[1],[4]
plata entrena,5592,TRABAJADOR AGRICOLA 2,TRABAJADOR AGRICOLA 4,si,gemini_grado,True,[2],[4]
plata entrena,5615,MOLINERO 1,MOLINERO 2,si,gemini_grado,True,[1],[2]
plata entrena,5622,ANALISTA BANCA CORPORATIVA3,ANALISTA BANCA CORPORATIVA6,si,gemini_grado,True,[3],[6]
plata entrena,5800,AUXILIAR DE COCINA 1,AUXILIAR DE COCINA 2,si,gemini_grado,True,[1],[2]
plata entrena,5836,TECNICO LABORATORISTA 3,TECNICO LABORATORISTA 5,si,gemini_grado,True,[3],[5]
plata entrena,5841,SUPERVISOR ELECTRICO 2,SUPERVISOR ELECTRICO 3,si,gemini_grado,True,[2],[3]
plata entrena,5872,TECNICO DE CAMPO 1,TECNICO DE CAMPO III,si,gemini_grado,True,[1],[3]
plata entrena,5917,ANALISTA FINANCIERO 2,ANALISTA FINANCIERO I,si,gemini_grado,True,[2],[1]
plata entrena,6165,MAQUINISTA # 3 DON MARIO,MAQUINISTA #2 BP DON MARIO,si,gemini_grado,True,[3],[2]
plata entrena,6222,OPERARIO 8,OPERARIO 9,si,gemini_grado,True,[8],[9]
plata entrena,6352,ANALISTA CONTABLE 2,ANALISTA CONTABLE 4,si,gemini_grado,True,[2],[4]
plata entrena,6427,PAR PEDAGOGICO 3,PAR PEDAGOGICO 4,si,gemini_grado,True,[3],[4]
plata entrena,6512,RECAUDADOR 2,RECAUDADOR 3,si,gemini_grado,True,[2],[3]
plata entrena,6566,OPERARIO 1 DE PRODUCCION VETERINARIOS B,OPERARIO 2 DE PRODUCCION VETERINARIOS B,si,gemini_grado,True,[1],[2]
plata entrena,6577,PROFESIONAL 1 DE CONTRATACION,PROFESIONAL 2 DE CONTRATACION,si,gemini_grado,True,[1],[2]
plata entrena,6617,CAJERO/A 2,CAJERO/A 4,si,gemini_grado,True,[2],[4]
plata entrena,6644,PREPARADOR DE COLORES 1,PREPARADOR DE COLORES 3,si,gemini_grado,True,[1],[3]
plata entrena,6656,ASISTENTE DE OFICINA 3,ASISTENTE DE OFICINA 4,si,gemini_grado,True,[3],[4]
plata entrena,6719,OBRERO 3,OBRERO 4,si,gemini_grado,True,[3],[4]
plata entrena,6786,TECNICO MANTENIMIENTO 1,TECNICO DE MANTENIMIENTO 2,si,gemini_grado,True,[1],[2]
plata entrena,6816,ASISTENTE 1 DE OPERACIONES,ASISTENTE DE OPERACIONES 2,si,gemini_grado,True,[1],[2]
plata entrena,6960,DOCENTE TITULAR AUXILIAR 1,DOCENTE TITULAR AUXILIAR NIVEL 2 GRADO 2,si,gemini_grado,True,[1],[2]
plata entrena,7472,REPRESENTANTE TECNICO I,REPRESENTANTE TECNICO III,si,gemini_grado,True,[1],[3]
plata entrena,7488,OPERARIO 2 DE PRODUCCION VETERINARIOS B,OPERARIO 3 DE PRODUCCION VETERINARIOS B,si,gemini_grado,True,[2],[3]
plata entrena,7528,OPERARIO 1 DE PRODUCCION VETERINARIOS B,OPERARIO 3 DE PRODUCCION VETERINARIOS B,si,gemini_grado,True,[1],[3]
plata entrena,7798,MAQUINISTA 1 JOSELITO,MAQUINISTA 3 JOSELITO,si,gemini_grado,True,[1],[3]
plata entrena,7987,MARINERO 1,MARINERO 2,si,gemini_grado,True,[1],[2]
plata entrena,8025,ASISTENTE DE GESTION 2,ASISTENTE GESTION 1,si,gemini_grado,True,[2],[1]
plata entrena,8069,LABORATORISTA 2,LABORATORISTA 1,si,gemini_grado,True,[2],[1]
plata entrena,8114,ESTIBADOR CAMION 1,ESTIBADOR CAMION 2,si,gemini_grado,True,[1],[2]
plata entrena,8138,PROFESOR DE PADEL 1,PROFESOR DE PADEL 2,si,gemini_grado,True,[1],[2]
plata entrena,8304,AUXILIAR DE ENFERMERIA 1,AUXILIAR DE ENFERMERIA 3,si,gemini_grado,True,[1],[3]
plata entrena,8376,EMPACADOR/CARGADOR 1,EMPACADOR/CARGADOR 6,si,gemini_grado,True,[1],[6]
plata entrena,8381,EXPERTO (FUN 3 CSO),EXPERTO (FUN 4) CSO,si,gemini_grado,True,[3],[4]
plata entrena,8571,ELECTRICISTA RURAL 1,ELECTRICISTA RURAL 2,si,gemini_grado,True,[1],[2]
plata entrena,8897,LABORATORISTA 3,LABORATORISTA 6,si,gemini_grado,True,[3],[6]
plata entrena,9012,MAQUINISTA 4,MAQUINISTA 6,si,gemini_grado,True,[4],[6]
plata entrena,9125,ASISTENTE GESTION 3,ASISTENTE GESTION 4,si,gemini_grado,True,[3],[4]
plata entrena,9185,OPERADOR MAQUINA 1,OPERADOR MAQUINA 3,si,gemini_grado,True,[1],[3]
plata entrena,9224,ENCARGADO 2,ENCARGADO 3,si,gemini_grado,True,[2],[3]
plata entrena,9382,INGENIERA DE ASEGURAMIENTO DE CALIDAD I,INGENIERA DE ASEGURAMIENTO DE CALIDAD II,si,gemini_grado,True,[1],[2]
plata entrena,9597,LABORATORISTA 3,LABORATORISTA 4,si,gemini_grado,True,[3],[4]
plata entrena,9603,GESTOR DE COBRANZAS 1,GESTOR DE COBRANZAS 3,si,gemini_grado,True,[1],[3]
plata entrena,9667,JEFE DE CREDITO 1,JEFE DE CREDITO 5,si,gemini_grado,True,[1],[5]
plata entrena,9908,SUPERVISOR DE CONTROL DE PROYECTOS 1,SUPERVISOR DE CONTROL DE PROYECTOS 3,si,gemini_grado,True,[1],[3]
plata entrena,9969,ANALISTA DE ASUNTOS REGULATORIOS II,ANALISTA DE ASUNTOS REGULATORIOS III,si,gemini_grado,True,[2],[3]
plata entrena,100076,PERSONAL ACADEMICO TITULAR AGREGADO NIVEL 2,PERSONAL ACADEMICO TITULAR AGREGADO NIVEL 1 GRADO 3 MEDIO TIEMPO,no,humano_lote,False,[2],"[1, 3]"
plata valida,2666,AUDITOR INTERNO 2,AUDITOR INTERNO 3,si,gemini_grado,True,[2],[3]
plata valida,2799,OPERADOR DE MAQUINARIA PESADA 1,OPERADOR DE MAQUINARIA PESADA 2,si,gemini_grado,True,[1],[2]
plata valida,2812,ADMINISTRADOR 2,ADMINISTRADOR 3,si,gemini_grado,True,[2],[3]
plata valida,2854,ASISTENTE CONTABLE1,ASISTENTE CONTABLE 2,si,gemini_grado,True,[1],[2]
plata valida,3995,AUXILIAR CONTABLE 1,AUXILIAR CONTABLE 3,si,gemini_grado,True,[1],[3]
plata valida,4390,ASISTENTE CONTABLE 2,ASISTENTE CONTABLE 4,si,gemini_grado,True,[2],[4]
plata valida,4757,JEFE DE CAMPO 1,JEFE DE CAMPO 2,si,gemini_grado,True,[1],[2]
plata valida,4780,ASESOR COMERCIAL II,ASESOR COMERCIAL III,si,gemini_grado,True,[2],[3]
plata valida,5184,AUDITOR INTERNO 1,AUDITOR INTERNO 2,si,gemini_grado,True,[1],[2]
plata valida,6357,ALINEADOR 1,ALINEADOR 2,si,gemini_grado,True,[1],[2]
plata valida,6876,ADMINISTRADOR DE IMPRESION 1,ADMINISTRADOR DE IMPRESION 4,si,gemini_grado,True,[1],[4]
plata valida,7202,OPERADOR 970 - 1,OPERADOR 970 - 2,si,gemini_grado,True,[1],[2]
plata valida,7221,PROJECT MANAGER I,PROJECT MANAGER II,si,gemini_grado,True,[1],[2]
plata valida,7637,REPRESENTANTE DE VENTAS LIFE 1 COSTA,REPRESENTANTE DE VENTAS LIFE 4 COSTA,si,gemini_grado,True,[1],[4]
plata valida,8049,ASISTENTE DE GERENCIA 1,ASISTENTE DE GERENCIA 3,si,gemini_grado,True,[1],[3]
plata valida,8231,ASISTENTE 2 ADMINISTRATIVO,AUXILIAR 1 ADMINISTRATIVO,si,gemini_grado,True,[2],[1]
plata valida,9231,SUPERVISOR DE CONTROL DE CALIDAD MECANICO 1,SUPERVISOR DE CONTROL DE CALIDAD MECANICO 3,si,gemini_grado,True,[1],[3]
plata valida,9450,DOCTOR LEVEL I,DOCTOR LEVEL II,si,gemini_grado,True,[1],[2]
