n_ciego,i,j,a,b,tramo,P,coseno,personas
1,10873,10890,AUDITOR INTENO,AUDITOR INTERNO LIDER,"0,80 - 0,85",0.98325807,0.8228926658630371,340.0
2,41454,52562,MANT. INSTALACION DE GAS,SUPERVISOR DE INSTALACION,v3 dijo no,0.09927327,0.7528067231178284,8.0
3,11710,43683,AUXILIAR DE EFICIENCIA OPERATIVA,OPERADOR AUXILIAR,v3 dijo no,0.31634927,0.782338559627533,2.0
4,20493,17431,COORDINADOR ROTATIVO,COORDINADOR ADMINISTRATIVO DE FLOTA,fuera de los 25 vecinos,0.81809795,0.756860077381134,24.0
5,57621,1124,VENDEDOR-A,AGENTE VENDEDOR,"0,85 - 0,90",0.9817239,0.8617844581604004,1043.0
6,16265,34077,CONDUCTOR DE TRACTOCAMION,INSTRUCTOR PRACTICO DE CONDUCCION,v3 dijo no,0.079559006,0.7094358205795288,197.0
7,603,561,ADMINISTRADOR DE LOCAL /ESTABLECIMIENTOS,ADMINISTRADOR DE ESTACION,fuera de los 25 vecinos,0.541136,0.7951908707618713,177.0
8,6763,8243,ASISTENTE BOUTIQUE,ASISTENTE DE JEFE,v3 dijo no,0.03788197,0.659814178943634,2.0
9,49555,49671,SECRETARIA ACADEMICA,SECRETARIA DE UNIDAD ACADEMICA 2,"0,85 - 0,90",0.9453035,0.8735684156417847,55.0
10,12703,12704,AUXILIAR PRODUCCION ACUICOLA COSECHA,AUXILIAR PRODUCCION ACUICOLA PREPARADOR DE PISCINA,"0,80 - 0,85",0.9345371,0.8191612362861633,79.0
11,57694,31592,VENTAS-ORIENTE,GERENTE VENTAS DE VENTAS,v3 dijo no,0.03213592,0.643538773059845,10.0
12,41818,38773,MECANICO DIESEL,JEFE MECANICO,v3 dijo no,0.00902106,0.6765590906143188,2.0
13,11243,7156,AUXILIAR ALMACEN,ASISTENTE DE ALMACEN,"coseno < 0,80",0.9917846,0.7967007160186768,185.0
14,31877,31400,GESTOR DE NEGOCIOS SENIOR,GERENTE SENIOR DE NEGOCIOS,v3 dijo no,0.34289667,0.9684295058250427,61.0
15,57082,45707,TUBERO,OPERARIO TUBINISTA,fuera de los 25 vecinos,0.7524544,0.6806637048721313,246.0
16,40935,50238,LIDER TECNICO DE PROYECTOS,SERVICIO TECNICO - PROYECTOS,fuera de los 25 vecinos,0.909958,0.8245689868927002,2.0
17,14198,47938,BASIC OPERATOR,PTAR OPERATOR,fuera de los 25 vecinos,0.9367719,0.6965266466140747,161.0
18,26761,15096,ENGINEER,CARE ENGINEER,"coseno < 0,80",0.8443436,0.7863613963127136,131.0
19,22801,22814,DIBUJANTE,DIBUJANTE AUTOCAD,v3 dijo no,0.4183776,0.7783499360084534,304.0
20,13046,12965,AYUDANTE DE ADMINISTRACION,AYUDANTE ADMINIS,"0,80 - 0,85",0.9869114,0.8352794647216797,10.0
21,15366,15359,CHOFER CAMION PESADO,CHOFER CAMION 2,fuera de los 25 vecinos,0.95423853,0.7973064184188843,13.0
22,53812,52854,SUPERVISOR PDV,SUPERVISOR DE PDI,fuera de los 25 vecinos,0.9624308,0.8159809708595276,4.0
23,28831,22584,FULL-TIME SALES,DESARROLLADOR FULL STACK,v3 dijo no,0.25825974,0.5256714820861816,506.0
24,40721,38336,LIDER DE VENTAS INTERNACIONALES,JEFE DE VENTAS INTERNAS,fuera de los 25 vecinos,0.9307789,0.8233851790428162,2.0
25,28360,16051,"EXECUTIVE, SALES POB, EC",COMMERCIAL EXECUTIVE,fuera de los 25 vecinos,0.88691914,0.7962925434112549,2.0
26,45551,45362,OPERARIO DE SALMUERA,OPERARIO 2,fuera de los 25 vecinos,0.6659471,0.7394859790802002,45.0
27,46144,55103,PEON,TECNICO DE FREON,v3 dijo no,0.39786983,0.5306885242462158,2098.0
28,15584,11982,CHOFER MAQUINARIA,AUXILIAR DE MAQUINARIA,fuera de los 25 vecinos,0.54679,0.6728755235671997,1.0
29,49541,49722,SECRETARIA,SECRETARIA GERE,"0,80 - 0,85",0.9813535,0.8345135450363159,1775.0
30,16356,16333,CONSERJE PORTERO,CONSERJE 2,fuera de los 25 vecinos,0.8754139,0.7649519443511963,566.0
31,32281,12428,GUARDIA - AUX. LIMPIEZA,AUXILIAR DI LIMPIEZA,"0,85 - 0,90",0.94459933,0.8648609519004822,2.0
32,1160,33749,AGREEMENTS ANALYS,INSIDE SALES & AGENTS,v3 dijo no,0.28163835,0.4294108748435974,2.0
33,42679,29903,N GERENTE GENERAL,GERENTE DE GENERAL,"0,85 - 0,90",0.98537385,0.8992758989334106,7.0
34,5312,7064,ASESOR DE CREDITO,ASISTENTE CREDITO,"0,85 - 0,90",0.990855,0.8987246155738831,1758.0
35,45124,44517,OPERADOR PRODUCCION CONTROL DE FLUJO,OPERADOR DE PRODUCCION I,"0,85 - 0,90",0.98085016,0.8553071022033691,33.0
36,50230,45555,SERVICIO GENERAL,OPERARIO DE SERVICIOS GENERALES,v3 dijo no,0.25787523,0.846260666847229,1136.0
37,15639,15358,CHOFER TRAILER CAMA BAJA,CHOFER CAMION 1,fuera de los 25 vecinos,0.9376159,0.7869429588317871,1.0
38,45033,44388,OPERADOR MONTACARGA GAS,OPERADOR DE MONTACARGA DE AMBIENTE,fuera de los 25 vecinos,0.95645505,0.8128827810287476,36.0
39,12057,11084,AUXILIAR DE PARQUE,AUXILIAR,fuera de los 25 vecinos,0.7685082,0.6921209096908569,130.0
40,54394,15268,SUSHICHEF,CHEF PRODUCCION,v3 dijo no,0.051616233,0.612653374671936,24.0
41,11087,11350,AUXILIAR / ASISTENTE CONTABLE,AUXILIAR CONTABLE DE BODEGA,fuera de los 25 vecinos,0.97648036,0.8315775394439697,3.0
42,18104,16338,COORDINADOR DE COMPLEJO,CONSERJE COMPLEJO STO DOM,v3 dijo no,0.016163418,0.7162797451019287,110.0
43,32909,36213,INFUSIONISTA PLAZA QUIL,JEFE DE FARMACIA PLAZA QUIL,v3 dijo no,0.038623154,0.7120195627212524,2.0
44,10975,31379,AUDTOR SENIOR,GERENTE SENIOR DE AUDITORIA,v3 dijo no,0.0089414315,0.6625677943229675,114.0
45,16342,30055,CONSERJE DE MANTENIMIENTO,GERENTE DE MANTENIMIENTO,v3 dijo no,0.003908195,0.833979606628418,6.0
46,54990,55882,TECNICO DE CARGA,TECNICO LIDER MECANICO MONTACARGA,fuera de los 25 vecinos,0.9503353,0.7840036153793335,690.0
47,34328,35657,JEFA DE COMERCIO EXTERIOR,JEFE DE COMPRAS Y COMERCIO EXTERIOR,"0,85 - 0,90",0.9701825,0.8923084735870361,60.0
48,28628,44040,FILETEADOR EN LIMPIEZA DE MATERIA PRIMA,OPERADOR DE DIVOONE EN LIMPIEZA DE MATERIA PRIMA,"0,80 - 0,85",0.5623882,0.8428676724433899,2069.0
49,16628,16665,CONTADOR CONTADOR GENERAL,CONTADOR GENERAL DE COSTOS,fuera de los 25 vecinos,0.8937548,0.8067967295646667,424.0
50,56223,57343,TECNICO VENDEDOR,VENDEDOR COBRADOR,fuera de los 25 vecinos,0.65084994,0.7640254497528076,13.0
51,42160,42170,MEDICO TRATANTE,MEDICO TRATANTE PATOLOGO,"0,85 - 0,90",0.96060234,0.8960828185081482,91.0
52,45847,43785,OPIP,OPERADOR COPIADORAS,fuera de los 25 vecinos,0.7834568,0.6084935069084167,4.0
53,8886,6399,ASISTENTE DE RECUROS HUMANOS,ASISTENTE ADMINISTRATIVA Y RECURSOS HUMANOS,fuera de los 25 vecinos,0.96504205,0.7854539155960083,363.0
54,54685,54688,TECHNICIAN,TECHNICIAN H&A,"0,80 - 0,85",0.9737137,0.827234148979187,3.0
55,28742,36691,FLOORMAN,JEFE DE MANT. DE FLOTA,v3 dijo no,0.030980209,0.5974437594413757,194.0
56,42071,41995,MEDICO GENERAL LA ALBORADA,MEDICINA GENERAL,fuera de los 25 vecinos,0.9704459,0.7082203030586243,3.0
57,28776,47938,FORKLIFT OPERATOR,PTAR OPERATOR,v3 dijo no,0.4162977,0.5962092876434326,39.0
58,31432,50204,GERENTE SERVICIO CLIENTE,SERVICIO AL CLIENTE 3,v3 dijo no,0.0128292255,0.8039236664772034,1.0
59,46007,35026,PARAMEDIO,JEFE DE ADMINISTRACION DE PARAMETROS,v3 dijo no,0.042343017,0.6204049587249756,242.0
60,42661,392,MUESTRERO C - CONSERJE,ADMIN - PORTERO Y CONSERJE,fuera de los 25 vecinos,0.752512,0.6252341270446777,24.0
61,38035,54315,JEFE DE SUPPLY CHAIN,SUPPLY CHAIN LEADER,"0,85 - 0,90",0.9881787,0.8783589601516724,21.0
62,1302,1850,ANALISTA,ANALISTA DE CALIDAD,fuera de los 25 vecinos,0.8612199,0.7874957323074341,992.0
63,16875,41144,CONTROLADOR DE CORTE MANUAL,LLENADOR MANUAL,fuera de los 25 vecinos,0.6911795,0.6076450347900391,2.0
64,641,449,ADMINISTRADOR DE PROYECTO,ADMINISTRADOR 2,fuera de los 25 vecinos,0.8003516,0.8169461488723755,74.0
65,6160,6568,ASISTENTA ADMINISTRATIVO,ASISTENTE ADMINISTRATIVO PLANTA,"0,85 - 0,90",0.976708,0.891212522983551,7118.0
66,25882,40693,EJECUTIVO DE TELEVENTAS,LIDER DE TELEVENTAS,"0,80 - 0,85",0.9253752,0.8252634406089783,5.0
67,37084,35982,JEFE DE ORGANIZACION Y METODOS,JEFE DE DESARROLLO ORGANIZACIO,fuera de los 25 vecinos,0.8831754,0.8494713306427002,3.0
68,13597,11004,AYUDANTE DE REFRIGERACION,AUX REFRIGERACION,"coseno < 0,80",0.9895649,0.7324303388595581,32.0
69,20977,16690,COORDINADOR/A CONTABLE,CONTADOR/A,v3 dijo no,0.016531402,0.7335637211799622,9.0
70,12659,12648,AUXILIAR OPERATIVO DELICATESSEN,AUXILIAR OPERATIVO APT,fuera de los 25 vecinos,0.8744441,0.8209819793701172,184.0
71,43047,43141,OFICIAL,OFICIAL DE CONTRATOS,fuera de los 25 vecinos,0.81102264,0.7574267387390137,335.0
72,41768,20753,MECANICO DE FABRICA,COORDINADOR TECNICO DE FABRICA,v3 dijo no,0.0038153615,0.8786934614181519,8.0
73,41645,32480,MARKETING SPECIALIST,HC MARKETING SPECIALIST ECUADOR,v3 dijo no,0.41765338,0.7141166925430298,9.0
74,43284,2204,OFICIAL DE RIESGO AMBIENTAL Y SOCIAL,ANALISTA DE CREDITO AMBIENTAL Y SOCIAL,v3 dijo no,0.2103376,0.7282587885856628,15.0
75,22864,47008,DIGITADOR DE PRODUCCION,PRODUCCION,fuera de los 25 vecinos,0.7013058,0.79052734375,30.0
76,15899,15920,COCINERO 2,COCINERO POLIVAL,"0,80 - 0,85",0.94467276,0.8087885975837708,18.0
77,41116,14835,LIQUIDADOR DE V.A.,CAJERO LIQUIDADOR,"0,80 - 0,85",0.74678206,0.8075242042541504,11.0
78,46806,46815,PREPARADOR ARQUEROS,PREPARADOR DE COLORES 1,v3 dijo no,0.32790565,0.7195174694061279,8.0
79,9706,9725,ASISTENTE GERENCIA,ASISTENTE GERENCIA VENTAS,"0,85 - 0,90",0.96741116,0.8976234197616577,162.0
80,13249,26346,AYUDANTE DE EMPACADOR,EMPACADOR CARGADOR,v3 dijo no,0.123609886,0.7850090861320496,12.0
81,56531,56701,TRABAJADO EN GENERAL,TRABAJADOR EN GENERAL - AUXILIAR DE COCINA,fuera de los 25 vecinos,0.59413326,0.71928870677948,10167.0
82,12644,12646,AUXILIAR OPERATIVO,AUXILIAR OPERATIVO AEREO,"0,85 - 0,90",0.9262474,0.8724950551986694,645.0
83,14923,14920,CAMARERO - HSK,CAMARERA/O DE PISOS,fuera de los 25 vecinos,0.9010634,0.702383816242218,23.0
84,23725,23738,DIRECTOR TECNICO,DIRECTOR TECNICO DE MONITOREOS,fuera de los 25 vecinos,0.95667386,0.8267567157745361,129.0
85,31692,35248,GESTOR ATENCION AL CLIENTE,JEFE DE ATENCION AL CLIENTE,v3 dijo no,0.35575852,0.9022398591041565,419.0
86,39815,42689,KEY ACCOUNT,NATIONAL KEY ACCOUNT MANAGER,v3 dijo no,0.010197276,0.7512269616127014,56.0
87,9384,10519,ASISTENTE DE VENTAS B PDV,ASISTENTE VENTAS ADM,fuera de los 25 vecinos,0.97755355,0.825051486492157,187.0
88,16992,38975,COODINADOR AFINES,JEFE O AFINES,v3 dijo no,0.14348334,0.6552467346191406,797.0
89,10046,8623,ASISTENTE OPERATIVO GE,ASISTENTE DE OPERATIVO,"0,85 - 0,90",0.9771179,0.8526103496551514,10.0
90,41848,24889,MECANICO INSTRUMENTISTA,EC INSTRUMENTIST TECHNICIAN,"coseno < 0,80",0.97940284,0.769112229347229,3.0
91,50839,54404,STRATEGIC ACCOUNT REPRESENTATIVE,SYSTEM INTEGRATOR FIELD ACCOUNT REPRESENTATIVE,v3 dijo no,0.37843874,0.7199589014053345,3.0
92,43922,14965,OPERADOR DE CANGURO,CANGURISTA,"coseno < 0,80",0.8048155,0.7435328960418701,123.0
93,22496,49930,DEPENDIENTE SENIOR,SENIOR,v3 dijo no,0.42128676,0.7825445532798767,560.0
94,13439,13929,AYUDANTE DE MINAS Y CANTERAS,AYUDANTE OPERADOR,v3 dijo no,0.45453367,0.7814593315124512,40.0
95,17195,17219,COORD. GESTION DE PACIENTES,COORD. OPERACIONES,fuera de los 25 vecinos,0.5540262,0.7631483674049377,2.0
96,48104,42660,RASTREADOR,MUESTREADOR MICROBIOLOGIA,fuera de los 25 vecinos,0.5551413,0.6792111396789551,38.0
97,12268,12981,AUXILIAR DE SERVICIOS EN GENERAL (CORTIJO),AYUDANTE AUXILIAR DE SERVICIOS EN GENERAL,"0,85 - 0,90",0.98823357,0.8789904117584229,5.0
98,43654,45174,OPERADOR ACTIVADOR,OPERADOR SECADOR,fuera de los 25 vecinos,0.5684011,0.7549326419830322,8.0
99,15002,15004,CAPATAZ DE LINEA DE FLUJO,CAPATAZ DE MONTAJE,"coseno < 0,80",0.6058034,0.7914451360702515,1.0
100,14517,32244,BORDADO,GUARDA BOSQUES,v3 dijo no,0.24048887,0.6095165610313416,24.0
101,39897,55868,LABORATORISTA,TECNICO LABORATORISTA 4,fuera de los 25 vecinos,0.814397,0.8386869430541992,449.0
102,12651,12648,AUXILIAR OPERATIVO CAJAS,AUXILIAR OPERATIVO APT,fuera de los 25 vecinos,0.942271,0.8077595829963684,479.0
103,22251,41616,CUSTOMER MARKETING ANALYST,MARKETING,v3 dijo no,0.11476999,0.7040200233459473,1.0
104,14123,14129,BACK OFFICE FLOTAS,BACK OFFICE SERIADOS,"coseno < 0,80",0.9303592,0.7363165616989136,5.0
105,45447,45352,OPERARIO DE CONGELACION SALMUERA,OPERARIO 1,fuera de los 25 vecinos,0.80514145,0.6349447965621948,77.0
106,1151,1057,AGENTES DE SEGURIDAD AEREA,AGENTE DE SEGURIDAD BILINGUE,v3 dijo no,0.25199512,0.753610372543335,422.0
107,43281,43279,OFICIAL DE REUBICACIONES,OFICIAL DE RETENCION,"0,80 - 0,85",0.767902,0.8138887882232666,9.0
108,10907,10909,AUDITOR JUNIOR,AUDITOR JUNIOR FINANCIERO,fuera de los 25 vecinos,0.9669863,0.8450209498405457,84.0
109,45825,43229,OPERATIVO DE OFICINA,OFICIAL DE NEGOCIOS OPERATIVO,fuera de los 25 vecinos,0.8024952,0.755064845085144,21.0
110,15611,39086,CHOFER PREVENTAS,JEFE PREVENTA,v3 dijo no,0.002189691,0.789069652557373,46.0
111,39320,37045,JEFE SERVICIO A BORDO,JEFE DE OPERACIONES SERVICIO,"0,80 - 0,85",0.89500433,0.8366954326629639,73.0
112,56067,55531,TECNICO POST - VENTA,TECNICO DE VENTAS,v3 dijo no,0.009674628,0.8486367464065552,4.0
113,47676,4177,PROGRAMADOR SISTEMA,ANALISTA PROGRAMADOR I,v3 dijo no,0.34360805,0.849409818649292,15.0
114,4049,4051,ANALISTA N1 CERT,ANALISTA N1 I+D+I,"0,85 - 0,90",0.9589042,0.8678858280181885,2.0
115,32909,32910,INFUSIONISTA PLAZA QUIL,INFUSIONISTA QUICENTRO SUR,"0,85 - 0,90",0.9376578,0.8886371850967407,2.0
116,13848,13806,AYUDANTE GENERAL DE PLANTA AUXILIAR,AYUDANTE EL PLANTA,"0,80 - 0,85",0.97586286,0.8182706832885742,194.0
117,11559,11558,AUXILIAR DE CAMARA Y EMBARQUE,AUXILIAR DE CAMARA,"0,85 - 0,90",0.99125427,0.8799607753753662,73.0
118,49367,47817,SALES EXECUTIVE,PROPERTY & REGIONAL SALES EXECUTIVE,v3 dijo no,0.12695432,0.8270479440689087,182.0
119,11378,12428,AUXILIAR D ELIMPIEZA,AUXILIAR DI LIMPIEZA,"0,80 - 0,85",0.9906116,0.8076969385147095,3051.0
120,2293,2263,ANALISTA DE DATOS SAP,ANALISTA DE DATA,fuera de los 25 vecinos,0.9722651,0.7973948121070862,8.0
121,4854,4862,ARMADOR,ARMADOR DE ESTRUCTURAS,fuera de los 25 vecinos,0.96216965,0.6387944221496582,234.0
122,1241,45886,ALIMENTADOR,ORIENTADOR DE ASISTENCIA ALIMENTARIA,v3 dijo no,0.42596072,0.753867506980896,923.0
123,10767,57275,ATENDEDOR DE TIENDA,VENDEDOR - TIENDA JARDIN,fuera de los 25 vecinos,0.92237383,0.7934027910232544,66.0
124,57312,57310,VENDEDOR AUTOVENTA,VENDEDOR AUTOSERVICIOS,"0,85 - 0,90",0.97368956,0.8601659536361694,288.0
125,16266,16251,CONDUCTOR DE TRAILER,CONDUCTOR CARRO TALLER,"0,80 - 0,85",0.7272756,0.8249684572219849,170.0
126,22947,3699,DIGITALIZADOR,ANALISTA DIGITALIZACION,v3 dijo no,0.15547834,0.8179634809494019,28.0
127,35568,14925,JEFE DE CIRCULACION,CAMARERO DE AREAS DE CIRCULACION (ESTABLECIMIENTOS CATEGORIA PRIMERA),v3 dijo no,0.001763661,0.731638491153717,2.0
128,48326,23474,RECTOR,DIRECTOR DE RENTAL,v3 dijo no,0.4089243,0.6068095564842224,311.0
129,28837,52475,FUMIGADOR,SUPERVISOR DE FUMIGACION,v3 dijo no,0.0204552,0.7335965037345886,723.0
130,44695,45665,OPERADOR DE TRACTOR PORTUARIO,OPERARIO PORTUARIO,"0,85 - 0,90",0.92786413,0.8856177926063538,333.0
131,8886,10175,ASISTENTE DE RECUROS HUMANOS,ASISTENTE RECURSOS HUMANOS 2,"0,80 - 0,85",0.9776343,0.8398446440696716,363.0
132,53042,53876,SUPERVISOR DE PUERTA,SUPERVISOR PUEMBO,fuera de los 25 vecinos,0.8071671,0.7741732001304626,154.0
133,57057,57053,TRIPULANTE RECOLECTOR,TRIPULANTE GINO D,fuera de los 25 vecinos,0.7518402,0.7295887470245361,153.0
134,50379,50810,SOFTWARE QA ENGINEER,STAFF SOFTWARE ENGINEER,v3 dijo no,0.24911651,0.8100138902664185,21.0
135,26161,25341,EJECUTIVO VTAS,EJECUTIVO 1,fuera de los 25 vecinos,0.9604212,0.8024179935455322,162.0
136,4079,2977,ANALISTA OPERACIONES CONSUMO,ANALISTA DE OPERACIONES Y TRAN,fuera de los 25 vecinos,0.952502,0.8249425888061523,4.0
137,43985,43988,OPERADOR DE CONSOLA,OPERADOR DE CONSOLA DVTV,"0,85 - 0,90",0.9813338,0.85960853099823,179.0
138,46247,46227,PERSONAL ACADEMICO TITULAR AUXILIAR,PERSONAL ACADEMICO NO TITULAR OCASIONAL MEDIO TIEMPO,fuera de los 25 vecinos,0.5411823,0.7960191369056702,689.0
139,15638,15640,CHOFER TRAILER,CHOFER TRAILER VACIOS,"0,85 - 0,90",0.98877305,0.8882757425308228,691.0
140,22710,22699,DESPACHADOR DE COMBUSTIBLE/ISLERO,DESPACHADOR (A) COMBUSTIBLE,"coseno < 0,80",0.9868019,0.7994930744171143,352.0
141,22027,22028,COUNTRY MANAGING DIRECTOR I,COUNTRY MANGER,fuera de los 25 vecinos,0.6821602,0.6110368967056274,2.0
142,22024,30946,COUNTRY MANAGER ECUADOR,GERENTE GENERAL COUNTRY MANAGER,v3 dijo no,0.11892158,0.8192389011383057,7.0
143,13003,13002,AYUDANTE BODEGA PT,AYUDANTE BODEGA MP,"0,85 - 0,90",0.97781724,0.8771103024482727,30.0
144,55956,55938,TECNICO MECANICO GASOLINA,TECNICO MECANICO 2,fuera de los 25 vecinos,0.93457115,0.7552846670150757,9.0
145,3430,3434,ANALISTA DE SISTEMA,ANALISTA DE SISTEMA DE GESTION Y CALIDAD,fuera de los 25 vecinos,0.9893204,0.8747182488441467,365.0
146,41205,49523,LOGISTICS HEADS,SEA LOGISTICS CUSTOMER CARE,v3 dijo no,0.05117703,0.6474369168281555,2.0
147,13341,13371,AYUDANTE DE LAVANDERIA (ESTABLECIMIENTOS CATEGORIA SEGUNDA),AYUDANTE DE MANTENIMIENTO (ESTABLECIMIENTOS CATEGORIA PRIMER,v3 dijo no,0.22721517,0.8334717154502869,9.0
148,35949,36002,JEFE DE DESARROLLO,JEFE DE DESARROLLO Y MARCA,"0,85 - 0,90",0.98844504,0.8918254375457764,67.0
149,14094,13733,"AYUDANTES DE: PULVERIZACION, ENVASADO, HOJALATERO, RECIBIDOR DE LECHE, CAMARA FRIA,",AYUDANTE DEL RECIBIDOR PRODUCTO,"coseno < 0,80",0.90164435,0.7877507209777832,1.0
150,12384,56931,AUXILIAR DE TRAFICO,TRAFICO CANALES,v3 dijo no,0.47746634,0.6944738626480103,44.0
