n_ciego,a,b,mismo,nota
1,TECNICO ELECTRICO CAMPO,TECNICO ELECTRICO INDUSTRIAL,,
2,JEFE DE CAMPO GRUPO 3,LIDER DE GRUPO,,
3,AUXILIAR FUMIGACION,AUXILIAR DE INVESTIGACION,,
4,CONTADOR/A,COORDINADOR/A DE VENTAS,,
5,CONSULTOR CX SENIOR,CONSULTOR TECNICO SENIOR,,
6,AYUDANTE BODEGA,AYUDANTE DE BODEGA OPERACIONES,,
7,ANALISTA DE MERCADEO SIERRA,ANALISTA_DE_MERCADEO_AL_CANAL,,
8,FACTURADOR CTAS. CLAVES,FACTURADOR,,
9,CORTADOR,CORTADOR DE VISCERAS,,
10,COCINERO/A,COCINA,,
11,AYUDANTE ALBANIL,MAESTRI ALBANIL,,
12,JEFE VENTA,JEFE DE VENTAS UIO,,
13,CONSERJE 1,MUESTRERO C - CONSERJE,,
14,COORDINADOR MASTER CONSUMO,EC_VENDEDOR CONSUMO,,
15,AUXILIAR DE LIMPIEZA DE LABORATORIO,AUXILIAR D ELIMPIEZA,,
16,TA/ AYUD BODEGA,AYUDANTE DE BODEGA 2,,
17,VENDEDOR 40 HORAS,CAJERO 40 HORAS,,
18,ANALISTA DE CERTIFICACION DE CALIDAD,ANALISTA N1 CERT,,
19,TECNICO 1,TECNICO SSA,,
20,ASISTENTA CONTABLE,ASISTENTE CONTABLE COSTOS,,
21,VENDEDOR DE PISTA/TIENDA,VENDEDOR - TIENDA MACHALA,,
22,ASISTENTE ADMINISTRATIVA- CAJA,ASISTENTE ADMINISTRATIVA 5,,
23,SUPERVISOR DE FERTILIZACION,FERTILIZACION,,
24,OBRERO SECCION CONFITERIA,OBRERO SECCION ENVASE,,
25,JEFE DE AUTOSERVICIOS,VENDEDOR AUTOSERVICIOS,,
26,TA/ AYUD BODEGA,AYUDANTE DE BODEGA OPERACIONES,,
27,VENDEDOR DE RETAIL,JEFE RETAIL,,
28,TECNICO HELPDESK,INGENIERO HELP DESK,,
29,FORKLIFT OPERATOR,FORKLIFT OPERATORS FINISHED GOODS (BC),,
30,ANALISTA LOCAL DE CREDITO,CREDITO,,
31,JEFE DE VENTAS MAQUINARIA,CHOFER MAQUINARIA,,
32,ASSOCIATE,EXPERT ASSOCIATE,,
33,SOLDADOR ARMADOR,SOLDADOR CALIFICADO,,
34,OPERADOR CORTE,OPERADOR,,
35,ENDEREZADOR PINTOR,PINTOR,,
36,ASISTENTE DE CONTRATO Y COMPRAS,ASIST COMPRA,,
37,PERSONAL POSTCOSECHA-EMBONCHE,OPERARIO POSTCOSECHA,,
38,OBRERO ENCARTONADO ETIQUETADO,OPERADOR DE ETIQUETADO,,
39,CHOFER DE VEHICULOS DE OPERACION,3.CHOFERVEHICULOLIVIANO,,
40,COMANDANTE B767,AYUDANTE DE MAN,,
41,CHOFER PARA CAMIONES PESADOS DE HASTA 4.5 TON,CHOFER CAMION PESADO,,
42,JEFE TECNICO Y CALIDAD,JEFE DE RESPALDO TECNICO,,
43,EJECUTIVO DE VENTAS Y ATENCION AL CLIENTE,VENTAS ATENCION AL CLIENTE,,
44,OPERADOR MAQUINA 1,OPERADOR DE M QUINA,,
45,TECNICO LIDER MECANICO,TECNICO LIDER-MOTO,,
46,AYUDANTES 1 DE PRODUCCION BIOLOGICOS,AYUDANTE PRODUCCION,,
47,ASISTENTE DE VENTAS B PDV,ASISTENTE DE VENTAS CUE,,
48,AYUDANTE DE PRODUCCION,AYUDANTES 1 DE PRODUCCION NO ESTERILES,,
49,ABOGADO/A,ABOGADA DE PLANTA,,
50,UTS MERCHANDISER,MERCHANT,,
51,COORDINADOR DE MANTENIMIE,COORDINADOR DE MANTENIMIENTO DE FLOTA,,
52,JEFA BODEGA,JEFE NAC BODEGA,,
53,TECNICO FIBRA OPTICA,TECNICO DE CONSTRUCCION DE FIBRA,,
54,VENDEDOR DE COBERTURA,JEFE DE VENTAS COBERTURA GYE,,
55,AUDITOR INTENO,AUDITOR,,
56,ATENDEDOR DE TIENDA,VENDEDOR - TIENDA AMBATO,,
57,ING DE LABORATORIO,TECNICO DE LABORATORIO,,
58,LOGISTICA,SUPERVISOR LOGISTICA CEDI,,
59,AUXILIAR DE,AUXILIAR DE PATIO,,
60,ASESOR COMERCIAL - COMERCIO,ASEORA COMERCIAL,,
61,AGENTE DE SERVICIOS INTEGRALES,ASESOR DE SERVICIOS GENERALES,,
62,AYUDANTE COCINA,ASISTENTE DE COCINA,,
63,CHOFER CABEZAL JAC BLANCO,OPERADOR DE CABEZAL,,
64,AUXILIAR DE SALUD,AUXILIAR I GESTION DE SEGURIDAD Y SALUD OCUPACIONAL,,
65,CORTADOR,CORTADOR DE FILLERS,,
66,ING. DISENO DE PROCESOS,ASISTENTE DE DISENO,,
67,JEFE BUSINESS INTELLIGENCE,EXPERTO EN THREAT INTELLIGENCE Y THREAT HUNTING,,
68,GERENTE DE POSTVENTA 1,GERENTE NACIONAL DE POST/VENTA,,
69,AYUDANTE DE PERFORACION,AYDTE DE PERFORACION,,
70,OFICIAL DE OPERADOR,OFICIAL,,
71,OPER RETROEXCAVADORA,OPERADOR DE RETROESCAVADORA,,
72,ASISTENTE AUXILIAR SERVICIOS EN GENERAL,AUXILIAR GENERAL,,
73,ENFERMERA/O PROYECTO MV SOUL,ENFERMERA/O,,
74,ASISTENTE DE CDP,ASESOR CAPTACIONES CDP,,
75,TERMINAL AND REPAIR COORDINATOR,RA COORDINATOR,,
76,EMPACADOR CAJA TRATADA,EMPACADOR Y DESPACHADOR,,
77,TRABAJADOR,TRABAJADOR DE PRODUCCION,,
78,ASESOR COMERCIAL COSTA,ASESOR COMERCIAL DISENADOR,,
79,REPRESENTANTE DE VENTA,REPRESENTANTE DE VENTAS DE CANAL,,
80,OP BODEGA,OPERARIO DE BODEGA,,
81,ASISTENTE/DISENO/MARKETING,ASISTENTE DE MARKETING Y VENTAS,,
82,MERCADERISTA VENDEDOR,MERCADERISTA DIFARE,,
83,CONTROL CALIDAD ( COSIDA ),CONTROL DE CALIDAD DE,,
84,JEFE DE ALMACENAMIENTO Y LOGISTICA,FACTURADOR_DE_ALMACENAMIENTO,,
85,DIRECTOR GUAYAQUIL,PANELERO GUAYAQUIL,,
86,FUMIGADOR,FUMIGADOR CAJAS,,
87,DESPACHADOR/A,DESPACHADOR DE TERMINAL,,
88,INSPECTOR NOTIFICADOR,ANOTADOR,,
89,VENDEDOR,VENDEDOR PISTA,,
90,BOMBERO DE EMERGENCIA Y RESCATE,BOMBERO,,
91,ASESOR DE CONTACT CENTER FARMACIA,AGENTE CONTACT CENTER,,
92,OPERADOR MONTACARGA GAS,OPERADOR DE MONTACARGA - REDEROS,,
93,DIRECTORA DE NIVEL INICIAL,INSPECTOR/A NIVEL #4,,
94,OPERADOR,OPERADOR DE RED,,
95,SUPERVISOR DE SOLDADOR,SOLDADOR,,
96,SUPERVISOR DE CORRUGADOR,JUGADOR,,
97,OFICIAL PROGRAMAS,OFICIAL DE PROGRAMAS ECU,,
98,COORDINADOR DE MANTENIMIE,COORDINADOR DE CALIDAD Y MANTENIMIENTO,,
99,AUDTOR SENIOR,AUDITOR SENIOR OPERACIONAL,,
100,ASISTENTE DE COMERCIAL,ASEORA COMERCIAL,,
101,JEFE DE LA CADENA DE SUMINISTRO,CADENERO,,
102,JEFE DE VENTAS / POST VENTAS,VENTAS,,
103,ASISTENTE DE OPERACIONES Y BD 2,ASISTENTE DE OPERACIONES Y CARTERA,,
104,AUDTOR SENIOR,SENIOR 3,,
105,AYUDANTE COSTOS BODEGA,AYUDANTE DE BODEGA DISTRIBUCION,,
106,INGENIERO DE NOC,INGENIERO,,
107,OPERADOR CARGA Y MONTACARGA,AGENTE DE CARGA,,
108,OPERADOR DE GENERADORES,OPERADOR L.ENERGIZADAS 1,,
109,VENDEDOR REPUESTOS - UIO,VENDEDOR DE REPUESTOS EXTERNO,,
110,AUXILIAR / ASISTENTE CONTABLE,ASISTENTE AUXILIAR DE CONTABILIDAD,,
111,ENFERMERO/A GENERAL,ENFERMERA GENERAL CUMBAYA,,
112,AUXILIAR 1 DE SECRETARIA DE CAMPUS,ASISTENTE DE SECRETARIA,,
113,OBRERO - TERMOFORMADORA,OPERADOR DE TERMOFORMADO,,
114,COORDINADOR REGIONAL DE ENFERMERIA,SUBCOORDINADORA CARR. ENFERMERIA QYSL,,
115,OPERADOR DE BASCULA,ASISTENTE DE BASCULA Y SISTEMAS,,
116,MAESTRO DE OBRA 2,MAESTRO,,
117,AUX GEN DE LIMPIEZA,GUARDIA - AUX. LIMPIEZA,,
118,TECNICO EN MECANICA A,TEC MEC1,,
119,SOLDADOR ASME/AWS,SOLDADOR 1,,
120,MONITOR DE OPERACIONES COT,MONITOR DE OPERACIONES DE VUELO,,
121,SUPERVISOR DE SERVICIOS VIP,OPIP,,
122,SOCIOLOGO,SICOLOGO,,
123,TRABAJADOR AGRICOLA 2,TRABAJADOR AGRICOLA COSECHA,,
124,ASISTENTE DE VENTAS Y SERVICIO AL CLIENTE,ASISTENTE DE SERVICIO AL CLIENTE GYE,,
125,COORDINADOR DE CAMAR,COORDINADOR CAMPO,,
126,VENDEDOR DE PUNTO DE VENTA,VENDEDOR(A) DE COUNTER,,
127,TELEOPERADOR,OPERADOR DE ELEVADOR,,
128,GALPONERO VACUNACION,GALPONERO,,
129,TUTOR DOCENTE,ASISTENTE DE DOCENTE,,
130,AYUDANTE DE PERFORACION 2,MECANICO PERFORACION,,
