n_ciego,orden,glm
1,ab,no
1,ba,no
2,ab,si
2,ba,si
3,ab,no
3,ba,no
4,ab,no
4,ba,no
5,ab,si
5,ba,si
6,ab,no
6,ba,no
7,ab,no
7,ba,no
8,ab,no
8,ba,si
9,ab,si
9,ba,si
10,ab,no
10,ba,si
11,ab,no
11,ba,no
12,ab,no
12,ba,no
13,ab,no
13,ba,no
14,ab,no
14,ba,no
15,ab,no
15,ba,no
16,ab,no
16,ba,no
17,ab,no
17,ba,no
18,ab,si
18,ba,si
19,ab,si
19,ba,si
20,ab,si
20,ba,si
21,ab,si
21,ba,si
22,ab,si
22,ba,si
23,ab,si
23,ba,si
24,ab,no
24,ba,no
25,ab,si
25,ba,si
26,ab,si
26,ba,si
27,ab,si
27,ba,no
28,ab,no
28,ba,si
29,ab,no
29,ba,no
30,ab,no
30,ba,no
31,ab,no
31,ba,no
32,ab,si
32,ba,si
33,ab,no
33,ba,no
34,ab,no
34,ba,no
35,ab,si
35,ba,no
36,ab,no
36,ba,no
37,ab,no
37,ba,no
38,ab,no
38,ba,si
39,ab,no
39,ba,no
40,ab,si
40,ba,no
41,ab,no
41,ba,no
42,ab,si
42,ba,si
43,ab,no
43,ba,no
44,ab,si
44,ba,si
45,ab,no
45,ba,no
46,ab,si
46,ba,si
47,ab,no
47,ba,si
48,ab,si
48,ba,no
49,ab,no
49,ba,no
50,ab,si
50,ba,si
51,ab,si
51,ba,si
52,ab,si
52,ba,no
53,ab,no
53,ba,no
54,ab,si
54,ba,no
55,ab,si
55,ba,no
56,ab,si
56,ba,si
57,ab,si
57,ba,si
58,ab,no
58,ba,no
59,ab,si
59,ba,si
60,ab,si
60,ba,si
61,ab,si
61,ba,si
62,ab,no
62,ba,no
63,ab,si
63,ba,no
64,ab,si
64,ba,si
65,ab,no
65,ba,no
66,ab,no
66,ba,no
67,ab,si
67,ba,si
68,ab,no
68,ba,si
69,ab,si
69,ba,si
70,ab,no
70,ba,si
71,ab,si
71,ba,si
72,ab,
72,ba,no
73,ab,si
73,ba,si
74,ab,si
74,ba,si
75,ab,no
75,ba,no
76,ab,no
76,ba,
77,ab,no
77,ba,no
78,ab,si
78,ba,si
79,ab,no
79,ba,no
80,ab,si
80,ba,si
81,ab,no
81,ba,no
82,ab,no
82,ba,no
83,ab,no
83,ba,no
84,ab,no
84,ba,no
85,ab,si
85,ba,si
86,ab,si
86,ba,si
87,ab,si
87,ba,si
88,ab,no
88,ba,no
89,ab,no
89,ba,no
90,ab,si
90,ba,si
91,ab,no
91,ba,no
92,ab,no
92,ba,no
93,ab,si
93,ba,
94,ab,no
94,ba,si
95,ab,no
95,ba,no
96,ab,no
96,ba,no
97,ab,no
97,ba,no
98,ab,si
98,ba,no
99,ab,si
99,ba,si
100,ab,no
100,ba,no
