n,comun,raro,sim,estrato,mismo
4,AUXILIAR DE FINANCIERO,AUXILIAR DE FINANZAS,0.9539,banda,si
7,ACCOUNTING SENIOR MANAGER,ACCOUNTING SENIOR ASSISTANT,0.9318,banda,no
8,SUPERVISOR DE BASE,SUPERVISOR JEFE DE BASE,0.9744,alto,no
9,TECNICO SALUD SEGURIDAD AMBIENTE Y CALIDAD,TECNICO DE SEGURIDAD SALUD Y AMBIENTE,0.961,banda,si
10,DOCENTE DE CINAT / BIOLOGIA CAHC,DOCENTE DE CINAT / BIOLOGIA CAHC-V,0.9697,banda,si
11,AUXILIAR DE APOYO ENFERMERIA,AUXILIAR DE ENFERMERIA Y TTHH,0.9269,bajo,si
12,AYUD. MECANICA,AYUD.MECANICA,0.9508,banda,si
14,ANALISTA FINANCIERA A,ANALISTA TECNICO FINANZAS,0.9199,bajo,si
15,COORDINADOR REGIONAL DE TALENTO HUMANO,COORDINADOR ZONAL DE TALENTO HUMANO,0.9423,banda,no
16,SUPERVISOR DE CONGELADOS,SUPERVISOR GENERAL DE CONGELADOS,0.9665,banda,si
17,GERENTE DE TALENTO HUMANO,GERENTE TALENTO HUMANO,0.9753,alto,si
18,AUXILIAR MENSAJERO,AYUDANTE DE MENSAJERIA,0.9353,banda,si
19,COORDINADOR DE NIVEL,DIRECTOR DE NIVEL,0.9367,banda,no
20,TRABAJADOR AGRICOLA,TRABAJADOR AGRICOLA TP,0.9538,banda,si
24,SUPERVISOR DE PRODUCCION / MANTENIMIENTO,SUPERVISOR DE PRODUCCION INDUSTRIAL,0.9323,banda,no
25,AUXILIAR DEL DEPARTAMENTO DE MOSTRADOR,AUXILIAR DE MOSTRADOR,0.9632,banda,si
26,JEFE ADM.FINANCIERO,JEFE ADM FINANCIERO,0.9771,alto,si
29,ASISTENTE ADMINISTRATIVO CAMPO,ASISTENTE DE ADMINISTRADOR DE CAMPO,0.9725,alto,si
31,ASISTENTE DE SEGURO,ASISTENTE DE SEGUROS,0.9505,banda,si
33,COORDINADOR SALES OPERATION,COORDINATOR SALES COORDINATION,0.9456,banda,no
34,ASIST CONTABLE,ASIST-CONTABLE,0.9612,banda,si
35,SUPERVISOR DE BODEGA,SUPERVISOR GENERAL DE BODEGA,0.962,banda,si
36,ANALISTA DE PRESUPUESTO JR.,ANALISTA DE PRESUPUESTO SR,0.9469,banda,no
37,TECNICO DE SEGURIDAD E HIGIENE DEL TRABAJO,TEC. DE SEGURIDAD E HIGUIENE DEL TRABAJO,0.9447,banda,si
38,COORDINADOR (A) DE MARKETING,COORDINADOR COMERCIAL Y MARKETING,0.965,banda,si
40,AUXILIAR DE ELECTRICISTA,ASISTENTE ELECTRICISTA,0.9552,banda,si
42,GERENTE DE VENTAS COSTA,GERENTE REGIONAL DE VENTAS COSTA,0.9641,banda,no
43,ASISTENTE DE CONTROL DE PRESUPUESTO,ASISTENTE DE PRESUPUESTO CONTROL/COMPRAS,0.9667,banda,si
44,SUPERVISOR DE EVENTOS,SUPERVISOR OPERATIVO DE EVENTOS,0.9614,banda,si
46,GERENTE DE ANALISIS Y CUMPLIMIENTO REGULATORIO,GERENTE DE REGULATORIO,0.9152,bajo,si
48,SECRETARIA ADMINISTRADORA,SECRETARIA(O),0.9212,bajo,no
49,GEOLOGO DE EXPLORACION,GEOLOGOS DE EXPLORACION,0.9566,banda,si
50,ASISTENTE ADMINISTRATIVO MANTENIMIENTO,ASISTENTE DE MANTENIMIENTO Y EDIFICACIONES,0.924,bajo,si
51,GERENTE DE PRODUCTO SALUD ANIMAL,JEFE COMERCIAL DE SALUD ANIMAL,0.9162,bajo,no
53,ANALISTA DE ADM. Y FINANZAS,ANALISTA FINANCIERO DE GERENCIA,0.9303,banda,no
56,GERENTE DE ABASTECIMIENTO,GERENTE DE PLANEACION DE ABASTECIMIENTO,0.9475,banda,no
58,INSPECTOR DE SEGURIDAD INDUSTRIAL Y AMBIENTE,INSPECTOR DE SEGURIDAD INDUSTRIAL,0.9717,alto,si
60,SUPERVISOR DE AUTOMATIZACION INDUSTRIAL,SUPERVISOR DE AUTOMATIZACION Y SOPORTE,0.9486,banda,no
63,TRABAJADOR AGRICOLA RIEGO,TRABAJADOR DE RIEGO,0.9412,banda,si
64,SUPERVISOR TECNICO DE ASEGURAMIENTO DE CALIDAD,TECNICO SENIOR DE CALIDAD,0.9007,bajo,no
68,JEFE CREDITO,JEFE DE CREDITOS,0.9175,bajo,si
70,COORDINADOR DE MEJORAMIENTO DE PROCESO,COORDINADOR DE MEJORAMIENTO OPERACIONAL,0.9154,bajo,si
71,JEFE DE LABORATORIO DE MICROBIOLOGIA,JEFE DE LAB.CLINICO Y BACTERI,0.9405,banda,si
75,COORDINADOR CONTROL OPERATIVO,COORDINADOR DE GESTION OPERATIVA,0.9374,banda,si
76,ANALISTA DE SEGURIDAD FISICA,ANALISTA DE SOPORTE DE SEGURIDAD FISICA,0.9738,alto,si
79,GERENTE DE COMERCIO,GERENTE DEPARTAMENTO COMERCIAL,0.9328,banda,si
80,ANALISTA DE CREDITO SENIOR,ANALISTA SENIOR DE GESTION Y MONITOREO DE CREDITO,0.9464,banda,si
86,DIRECTOR DE TECNOLOGIA Y TRANSFORMACION DIGITAL,DIRECTOR DE TRANSFORMACION DIGITAL,0.9325,banda,si
88,SUPERVISOR DE DISTRIBUCION Y ALMACENAMIENTO,SUPERVISOR ALMACEN PRODUCTO TERMINADO,0.9038,bajo,si
89,SERVIC. GENERALES,SERVICIO GENERAL,0.9736,alto,si
94,COORDINADOR TECNICO DE MAQUINARIA,COORDINADOR TECNICO MECANICO,0.9258,bajo,si
96,ANALISTA DE MEJORA CONTINUA DE PROCESOS,ANALISTA DE MEJORA DE PROCESOS,0.9767,alto,si
100,ANALISTA DE CONTROL EN PROCESOS,ANALISTA GESTION DE PROYECTOS Y PROCESOS,0.9005,bajo,si
101,GERENTE DE PRODUCCION Y TECNOLOGIA,GERENTE TECNICO DE PRODUCCION,0.9644,banda,si
102,ASISTENTE DE CUSTOMER EXPERIENCE,ASESOR DE CUSTOMER EXPERIENCE,0.9611,banda,si
103,GERENTE REGIONAL COSTA AUSTRO,JEFE REGIONAL COSTA AUSTRO,0.9406,banda,no
104,AUXILIAR 1 DE CONTABILIDAD,AUXILIAR 2 DE CONTABILIDAD,0.9601,banda,no
106,ASISTENTE ADMINISTRATIVO DE GERENCIA,ASESOR ADMINISTRATIVO,0.9128,bajo,no
112,AUXILIAR DE MANTENIMIENTO Y MENSAJERIA,"AUXILIAR DE MANTENIMIENTO, LIMPIEZA Y MENSAJERIA",0.9674,banda,no
114,ASISTENTE DE SECRETARIA GENERAL,ASISTENTE EN EL AREA DE SECRETRIA GENERAL,0.9703,alto,si
115,AUXILIAR DE PRODUCCION,AUXILIAR 1 DE PRODUCCION,0.947,banda,si
116,SUPERVISOR DE PLANTA,SUPERVISOR DE PLANTA Y PROYECTO,0.9486,banda,no
118,OPERADOR BOMBA HORMIGON,OPERADOR DE BOMBA HORMIGON,0.9776,alto,si
121,ASISTENTE RECEPCION,AYUDANTE DE RECEPCION,0.953,banda,si
123,COORDINADOR DE CONTACT CENTER - INBOUND,JEFE DE CONTACT CENTER - INBOUND,0.9747,alto,no
124,ESPECIALISTA DE INSTALACIONES,ESPECIALISTA EN SERVICIOS & INSTALACIONE,0.942,banda,si
126,MECANICO DE MANTENIMIENTO / ELECTROMECANICO,ASISTENTE MANTENIMIENTO MECANICO,0.9135,bajo,no
128,COORDINADOR COMPRAS,COORDINADOR AREA DE COMPRAS,0.9623,banda,si
130,AYUDANTE DE MAQUINARIA,AYUDANTE DE MANEJO DE MAQUINAS,0.9575,banda,si
137,ADMINISTRADOR DE LOCAL,ADMINISTRADOR LOCAL,0.9637,banda,si
141,ASESOR TRIBUTARIO,ASESOR TRIBUTARIO A,0.9707,alto,si
142,AUXILIAR DE LOGISTICA,AUXILIAR DE LOGISTICA Y M,0.9543,banda,si
143,JEFE DE AGENCIA QUITO,GERENTE AGENCIA QUITO,0.9404,banda,no
145,ANALISTA ADMINISTRATIVA DE CREDITO Y CARTERA,ANALISTA DE CREDITO Y CALIDAD,0.904,bajo,si
146,ENCARGADO DE MATERIALES Y SUMINISTROS,JEFE DE MATERIALES Y SUMINISTROS,0.94,banda,no
150,EJECUTIVO DE GESTION DE COBRANZAS,JEFE DE GESTION DE COBRANZAS,0.9417,banda,no
151,GERENTE DE TECNOLOGIA Y PROYECTOS,GERENTE DE TECNOLOGIA Y PROYEC,0.942,banda,si
153,ABOGADO SENIOR,ABOGADO SENIOR T&L,0.9401,banda,si
155,OPERADOR ESPECIALIZADO,OPERADOR ESPECIALISTA,0.974,alto,si
158,ANALISTA DE RIESGO OPERATIVO,ANALISTA RIESGO OPERATIVO Y PR,0.9601,banda,si
161,ASISTENTE DE INFRAESTRUCTURA DE TI,ASISTENTE DE INFRAESTRUCTURA TI,0.9604,banda,si
162,ASISTENTE DE CONTROL INTERNO Y PROCESOS,ASISTENTE DE CONTROLLER INTERNO Y DE GESTION,0.9497,banda,si
164,JEFE DE SEGURIDAD INDUSTRIAL Y AMBIENTE,JEFE CORPORATIVO DE SEGURIDAD INDUSTRIAL Y MEDIO AMBIENTE,0.973,alto,no
166,ASISTENTE DE BIENESTAR,ASISTENTE DE BIENESTAR SO,0.951,banda,si
169,COORDINADOR DE REGISTROS,LIDER DE REGISTROS,0.9192,bajo,si
171,ANALISTA DE BODEGA Y LOGISTICA,ANALISTA DE EJECUCION LOGISTICA,0.9032,bajo,no
172,ANALISTA DE MEDIO AMBIENT,ANALISTA DE AMBIENTE Y SOSTENIBILIDAD,0.9555,banda,si
175,COORDINADOR MANTENIMIENTO GENERAL,COORDINADOR SENIOR DE MANTENIMIENTO,0.9466,banda,no
176,ESPECIALISTA DE LABORATORIO,ESPECIALISTA TECNICO DE LABORATORIO,0.9479,banda,si
177,SUPERVISOR DE LA PLANTACION,SUPERVISOR DE PLANTA AGRO,0.909,bajo,si
178,JEFE DE IMPLEMENTACION,JEFE DE IMPLEMENTACION Y DESARROLLO,0.967,banda,si
179,COORDINADOR DE SEGURIDAD INDUSTRIAL,COORDINADOR DE SEGURIDAD INDUSTRIAL Y OCUPACIONAL,0.9695,banda,si
180,TECNICO DE OPERACIONES,TECNICO DE OPERACION,0.9814,alto,si
181,AUXILIAR DE SERVICIO Y MANTENIMIENTO,AUXILIAR TECNICO DE MANTENIMIENTO,0.957,banda,si
182,ANALISTA FINANCIERA ADMINISTRATIVA Y ASISTENCIA A GERENCIA Y PRESIDENCIA,ASISTENTE FINANCIERO ADMINISTRATIVO ASISTENCIA A GERENCIA Y PRESIDENCIA,0.9556,banda,no
184,JEFE DE PLANTA DE PRODUCCION,JEFE DE PLANTA HACIENDA,0.9408,banda,no
186,JEFE DE DESARROLLO Y PROCESOS,JEFE DE DESARROLLO Y GESTION,0.9447,banda,si
187,ANALISTA DE DATOS SENIOR,ANALISTA DE DATOS BI SENIOR,0.9527,banda,si
188,ASISTENTE DE OFICINA 2,ASISTENTE DE OFICINA 1,0.9601,banda,no
189,AYUDANTE DE OPERACION,AYUDANTE/OPERACIONES,0.936,banda,si
193,FACTURADOR,FACTURADOR (A),0.9642,banda,si
194,TECNICO DE INSTALACIONES,TECNICO DE INSTALACIONES Y MANTENIMIENTO,0.9594,banda,si
195,SUBGERENTE ADMINISTRATIVO Y DE LOGISTICA,SUBGERENTE DE LOGISTICA Y COMPRAS,0.9345,banda,si
197,ANALISTA DE SEGURIDAD DE LA INFORMACION SENIOR,ANALISTA DE SEGURIDAD DE LA INFORMACION JUNIOR,0.951,banda,no
198,GERENTE TECNICA DE PROYECTOS,GESTOR TECNICO DE PROYECTOS,0.9738,alto,si
201,ANALISTA DE INFRAESTRUCTURA Y MANTENIMIENTO,ANALISTA DE INFRAESTRUCTURA Y SEGURIDAD,0.9477,banda,si
203,JEFE DE PROYECTOS E INNOV,GERENTE DE PROYECTOS E INNOVAC,0.9371,banda,no
205,SUPERVISOR CREDITO Y COBRANZA,SUPERVISOR CORPORATIVO DE CREDITO Y COBRANZA,0.964,banda,no
208,TRABAJADOR AGRICOLA,TRABAJADOR AGRO,0.9718,alto,si
209,COORDINADOR SERVICIO TECNICO,COORDINADORA SERVICIO TECNICO,0.9748,alto,si
210,COORDINADOR ACADEMICO,COORDINADOR / ASESOR ACADEMICO,0.9635,banda,si
213,ASISTENTE CONTABILIDAD COBRANZA,ASISTENTE CONTABLE Y GERENCIA,0.9015,bajo,si
214,AUXILIAR ADMINIST,AUXILIAR ADMINISTR,0.9467,banda,si
215,JEFE DE SEGURIDAD INFORMATICA,JEFE DE SISTEMAS Y SEGURIDAD INFORMATICA,0.9493,banda,si
219,COORDINADOR DE TALENTO HUMANO,COORDINADOR DE TALENTO HUMANO - SSO,0.907,bajo,si
221,GERENTE ADMINISTRAVO-FINANCIERO,EJECUTIVO ADMINISTRATIVO FINANCIERO,0.9067,bajo,no
224,AUXILIAR CONTROL DE CALIDAD,AUXILIAR ASEGURAMIENTO DE CALIDAD,0.961,banda,si
225,TECNICO ELECTROMECANICO DE DESARROLLO,TECNICO ELECTROMECANICO DE DESARROLLO JEFE,0.9438,banda,no
227,GERENTE COMERCIAL Y VENTAS RETAIL,GERENTE DE VENTAS COMERCIO,0.946,banda,si
230,ANALISTA CALIDAD,ANALISTA CONTROL DE CALIDAD INVESTIGACION,0.9316,banda,si
231,COORDINADOR DE CONTROL DE PROYECTOS,JEFE DE CONTROL DE PROYECTO,0.954,banda,no
232,SUPERVISOR DE RIEGO,SUPERVISOR/A DE RIEGO,0.9706,alto,si
234,JEFE DE ATENCION AL SOCIO,JEFE DE ATENCION AL SOCIO/CLIENTE,0.9485,banda,si
236,ANALISTA DE MERCADO,ANALISTA DE MERCADO Y PRODUCTO,0.9588,banda,si
239,COORDINADOR DE AUDITORIA Y GESTION DE PROCESOS,AUDITOR DE PROCESOS Y PLANIFICACION,0.9155,bajo,no
241,SUB GERENTE OPERACIONES,SUB GERENTE OPERATIVO,0.9664,banda,si
249,COORDINADOR SERVICIOS,COORDINADOR SERVICIOS ADMINIST,0.9317,banda,si
250,FLUID ENGINEER,FLUID TECHNICAL ENGINEER,0.9694,banda,si
252,AYUDANTE DE TERMOFORMADO,AYUDANTE TERMOFORMADO,0.9564,banda,si
253,JEFE DE ABASTECIMIENTO Y PLANIFICACION,JEFE DE CONTROL & ABASTECIMIENTO,0.9275,bajo,no
255,DIRECTOR COMERCIAL Y OPERACIONES,DIRECTOR DE COMERCIALIZACION Y OPERACIONES,0.9608,banda,si
257,GERENTE DE DESARROLLO ORGANIZACIONAL,EJECUTIVO DESARROLLO ORGANIZACIONAL,0.9045,bajo,no
258,JEFE CORPORATIVO DE CONTROL CORPORATIVO FINANCIERO,GERENTE CORPORATIVO DE CONTROL CORPORATIVO FINANCIERO,0.954,banda,no
259,COORDINADOR ADMINISTRATIVO COMERCIAL,COORDINADOR DE ADMINISTRACION COMERCIAL,0.9766,alto,si
262,DIRECTOR DE RRHH,DIRECTORA RRHH,0.9435,banda,si
263,JEFE DE MANTENIMIENTO,JEFE DE MANTENIMIENTO GENERAL,0.9669,banda,si
266,AUXILIAR DE PICKING,SUPERVISOR DE PICKING,0.9012,bajo,no
269,ANALISTA ASEGURAMIENTO DE CALIDAD II,ANALISTA CONTROL DE CALIDAD 2,0.9508,banda,si
273,AYUDANTE DEL SECTOR METALMECANICO 141,AYUDANTE DEL SECTOR METALMECANICO 281,0.9528,banda,si
275,COORDINADOR DE NEGOCIOS,COORDINADOR DE NEGOCIOS EMPRESAS,0.9626,banda,si
276,COORDINADOR DE MANTENIMIENTO (INFRAESTRUCTURA),COORDINADOR DE MANTENIMIENTO Y PROYECTOS,0.9452,banda,si
283,MONITOR(A) DE CALIDAD,MONITOR - AGENTE DE CALIDAD,0.9654,banda,si
288,JEFE DE RELACIONES INSTITUCIONALES,COORDINADOR DE RELACIONES INTERINSTITUCIONALES,0.9301,banda,no
289,ASESOR DE REPUESTOS,ASESOR INTERNO DE REPUESTOS,0.956,banda,si
291,COORDINADOR ASEGURAMIENTO CALIDAD,JEFE DE ASEGURAMIENTO DE LA CALIDAD E INOCUIDAD,0.9143,bajo,no
292,JEFE DE INTELIGENCIA DE MERCADO,COORDINADOR/A INTELIGENCIA DE MERCADO,0.9334,banda,no
293,SUPERVISOR DE PRODUCTO TERMINADO,SUPERVISOR DE PRODUCCION (PRODUCTO TERMINADO),0.9648,banda,si
294,LIDER DE PROCESOS,LIDER DE PROCESOS CORPORATIVOS,0.9358,banda,si
295,ANALISTA DE GESTION DE CALIDAD,ANALISTA DE CONTROL DE CALIDAD FISICO,0.9073,bajo,si
296,JEFE DE OPERACIONES Y PROCESOS,JEFE DE PROCESOS Y SISTEMA,0.9358,banda,si
300,GERENTE DE OPERACIONES Y PROYECTOS,GERENTE DE PROCESOS Y PROYECTOS,0.9418,banda,si
301,DOCENTE EDUCACION FISICA,PROFESOR DE EDUCACION FISICA,0.9629,banda,si
302,ASISTENTE / AYUDANTE / AUXILIAR DE SERVICIOS EN GENERAL,"ASISTENTE, AYUDANTE, AUXILIAR DE SERVICIO EN GENERAL",0.9817,alto,si
304,ANALISTA DE FINANCIERA,ANALISTA DE GESTION FINANCIERA,0.9594,banda,si
305,ASISTENTE DE MEDIOS DIGITALES,ASISTENTE TECNICO DE MEDIOS DIGITALES,0.9727,alto,si
306,JEFE ADMIN FINANCIERO,GERENTE FINANCIERO ADMIN,0.9308,banda,no
310,AUXILIAR DE ARCHIVO,AUXILIAR EN ARCHIVO,0.9718,alto,si
312,COORDINADORA DE COMPRAS Y LOGISTICA,COORDINADORA DE COMPRAS Y CARTERA,0.9302,banda,si
313,ADMINISTRADOR FABRICA,JEFE ADMINISTRATIVO DE FABRICA,0.9368,banda,no
317,SUPERVISOR DE OPERACIONES TECNICAS,SUPERVISOR DE OPERACIONES SENIOR,0.9222,bajo,no
318,ASESOR DE MARKETING Y OPERACIONES,ASISTENTE OPERATIVO DE MARKETING,0.9366,banda,si
319,ASISTENTE OPERACION,ASISTENTE DE OPERATIVO,0.971,alto,si
320,JEFE CORPORATIVO DE TESORERIA,JEFE DE OPERACIONES TESORERIA,0.942,banda,no
326,ASISTENTE ADMINISTRATIVA LEGAL,ASISTENTE DE LEGAL SOCIETARIO ADMINISTRATIVO,0.9316,banda,si
327,JEFE DE MANTENIMIENTO Y CONSTRUCCION,JEFE DE MANTENIMIENTO DE EDIFICIOS,0.9464,banda,si
328,JEFE DE MANTENIMIENTO MECANICA,ASISTENTE MANTENIMIENTO MECANICO,0.9407,banda,no
330,ASISTENTE DE EDUCACION CONTINUA,ASISTENTE DE ACADEMIA Y FORMACION CONTINUA,0.9328,banda,si
332,AYUDANTE DE TECNICO,AYUDANTE SERVICIO TECNICO,0.9549,banda,si
333,ASIST COMPRAS,ASIST COMPRA,0.9727,alto,si
334,T.A BOMBERO,T/A BOMBERO,0.9613,banda,si
335,OPERADOR DE LAVANDERIA,OPERADOR DE LAVADO,0.9748,alto,si
340,ANALISTA DE DATA & ANALYTICS,ANALISTA DE DATA SCIENCE,0.94,banda,si
342,ANALISTA DE CALIDAD Y OPERACIONES,OPERADOR ANALISTA DE CALIDAD,0.9373,banda,no
346,ANALISTA DE MARCA,ANALISTA PROYECTOS DE MARCA,0.9354,banda,si
348,ASISTENTE ADMINISTRACION VENTAS,ASISTENTE ADMINISTRATIVA VENTAS,0.9714,alto,si
350,ASISTENTE CONTABLE 3,ASISTENTE CONTABLE 5,0.9366,banda,no
351,JEFE DE PROCESOS DIGITALES,JEFE DE SERVICIOS DIGITALES,0.9146,bajo,si
352,ANALISTA CONTABLE,ANALISTA CONTABLE SR,0.9615,banda,no
354,AUXILIAR DE SERVICIO AL CLIENTE,AUXILIAR ATENCION AL CLIENTE,0.9701,alto,si
356,EJECUTIVA COMERCIAL,EJECUTIVA COMERCIAL SR.,0.9577,banda,no
360,SUPERVISOR PRODUCCION,SUPERVISOR PRODUCCION (SN),0.9726,alto,si
361,TECNICO DE MANTENIMIENTO (ELECTRICO - ELECTRONICO),TECNICO ELECTROMECANICO MANTENIMIENTO IN,0.9335,banda,si
362,SUBGERENTE DE TIENDA,SUBJEFE DE TIENDA,0.9557,banda,no
370,JEFE DE INGENIERIA DE SOFTWARE,JEFE DE SOFTWARE,0.9527,banda,si
371,GERENTE ASUSTOS CORPORATIVOS,GERENTE DE ASUSTOS CORPORATIVOS,0.9378,banda,si
372,COORDINADOR SEG INDUSTRIAL / AMBIENTE/ SANIDAD,COORDINADOR SEG. INDUSTRIAL Y AMBIENTE,0.9399,banda,si
373,ANALISTA DE GESTION DOCUMENTAL,ANALISTA DE CONTROL DOCUMENTAL,0.9415,banda,si
374,LIDER DE INNOVACION,LIDER INNOVACION,0.9543,banda,si
376,ANALISTA DE SOPORTE,ANALISTA SOPORTE Y DESARROLLO,0.9341,banda,si
377,COORDINADOR DE TIENDA,COORDINADOR DE TIENDAS,0.9609,banda,si
380,MECANICO DE MANTENIMIENTO / ELECTROMECANICO,TECNICO DE MANTENIMIENTO / MECANICO,0.9512,banda,si
381,ANALISTA DE CALIDAD DE SOFTWARE,ANALISTA DE CALIDAD DE SOFTWARE Y DOCUMENTACION,0.9587,banda,si
386,ASISTENTE SEGURIDAD INDUSTRIAL,AUXILIAR DE SEGURIDAD INDUSTRIAL,0.9625,banda,si
388,ANALISTA ADMINISTRACION,ANALISTA AUXILIAR DE ADMINISTRACION,0.9596,banda,si
389,AUXILIAR / AYUDANTE DE BODEGA,ASISTENTE AUXILIAR DE BODEGA,0.9711,alto,si
391,ANALISTA COMPENSACIONES Y BENEFICIOS,ANALISTA NOMINA COMPENSACIONES Y BENEFIC,0.951,banda,si
392,ANALISTA DE GESTION DE DATOS,ANALISTA DE DATOS SENIOR,0.9005,bajo,no
396,QUIMICO I,QUIMICO II,0.9385,banda,no
399,ASISTENTE DE VENTA,ASISTENTE DE PUNTO DE VENTA,0.9505,banda,si
400,TECNICO ADMINISTRATIVO,TECNICO DE APOYO ADMINISTRATIVO,0.9325,banda,si
