abreviatura,expansion
AUX.,AUXILIAR
ASIST.,ASISTENTE
AUX,AUXILIAR
BODEG,BODEGA
GL,GLOBAL
ASIST,ASISTENTE
MANT.,MANTENIMIENTO
ASSOC,ASSOCIATE
CLIEN,CLIENTE
COMERC,COMERCIAL
ASES.,ASESOR
AYUD.,AYUDANTE
ASEG.,ASEGURAMIENTO
VTA,VTAS
GENER,GENERAL
CONTAC,CONTACT
MANT,MANTENIMIENTO
AYUD,AYUDANTE
SEG.,SEGURIDAD
SISTEM,SISTEMA
SUPERV.,SUPERVISOR
EMBAR,EMBARQUE
BIENES,BIENESTAR
CALID,CALIDAD
MKT,MKTG
OFICIA,OFICIAL
ASEG,ASEGURAMIENTO
POLIF,POLIFUNCIONAL
ASISTE,ASISTENTE
UNID.,UNIDAD
SEG,SEGURIDAD
NIVE,NIVEL
ESPEC.,ESPECIALISTA
NAC,NACIONAL
EMPAQ,EMPAQUE
RESP.,RESPONSABLE
ASIT.,ASITENTE
JE,JEFE
MANTEN,MANTENIMIENTO
DIV.,DIVISION
ESP.,ESPECIALISTA
CUST,CUSTOMER
JEF,JEFE
SIST.,SISTEMA
ASISTE.,ASISTENTE
SIST,SISTEMA
EQUI.,EQUIPO
TECNIC,TECNICO
GY,GYE
MARKE,MARKETING
ASSOC.,ASSOCIATE
SUPERV,SUPERVISOR
NOCT,NOCTURNO
ESPEC,ESPECIALISTA
AUXIL.,AUXILIAR
ACUIC.,ACUICOLA
SUCURS,SUCURSAL
MANTEN.,MANTENIMIENTO
ESP,ESPECIALISTA
NAC.,NACIONAL
NOMIN,NOMINA
GESTIO,GESTION
INDU,INDUSTRIAL
ESTUD,ESTUDIANTIL
SENIO,SENIOR
AUXI.,AUXILIAR
NEGO,NEGOCIO
SECCI,SECCION
INSP.,INSPECTOR
NEGOC,NEGOCIO
DESARR,DESARROLLO
SECTO,SECTOR
EXTERI,EXTERIOR
DESAR,DESARROLLO
NEG.,NEGOCIO
TERAP,TERAPISTA
CAFETE,CAFETERIA
ASUNT.,ASUNTOS
NOCTU,NOCTURNO
INDUST,INDUSTRIAL
AUXIL,AUXILIAR
SUC,SUCURSAL
LOC,LOCAL
PROY,PROYECTO
GRAFI,GRAFICO
AGRI,AGRICOLA
APOY.,APOYO
OCUP,OCUPACIONAL
RESP,RESPONSABLE
MEC,MECANICO
OCUP.,OCUPACIONAL
DIV,DIVISION
PESC,PESCA
SECADO,SECADOR
PROY.,PROYECTO
INNOVA,INNOVACION
PROYEC,PROYECTO
APLIC.,APLICACION
RRH,RRHH
LOGIST,LOGISTICA
SYS,SYSTEM
MAINT,MAINTENANCE
ASES,ASESOR
CONSTR.,CONSTRUCCION
LOGIST.,LOGISTICA
ASUN.,ASUNTOS
COMERC.,COMERCIAL
EMERG,EMERGENCIA
PROYEC.,PROYECTO
TESOR,TESORERIA
INSTIT,INSTITUCIONAL
INNO,INNOVACION
NEGOC.,NEGOCIO
TRAILE,TRAILER
TECNI,TECNICO
STOC,STOCK
SISTE,SISTEMA
ASUN,ASUNTOS
SEGURI,SEGURIDAD
DESARR.,DESARROLLO
TANQ,TANQUERO
ECUAD,ECUADOR
PRESUP,PRESUPUESTO
MANTE,MANTENIMIENTO
SECR.,SECRETARIA
CATEG,CATEGORIA
SELECC,SELECCION
ESTUDI,ESTUDIANTIL
INVES.,INVESTIGACION
DPT.,DPTO
CONVEN,CONVENIOS
CONV,CONVENIOS
NEG,NEGOCIO
OCUPAC,OCUPACIONAL
COMU,COMUNICACION
ANALYS,ANALYST
INFR,INFRAESTRUCTURA
SUPE,SUPERVISOR
MOLEC.,MOLECULAR
APOY,APOYO
JURIDI,JURIDICO
ESTAC,ESTACION
OPERAD,OPERADOR
MAINT.,MAINTENANCE
MKT.,MKTG
SPECI,SPECIALIST
ENGI,ENGINEER
ATENC,ATENCION
BENEF.,BENEFICIO
NEGOCI,NEGOCIO
EQU.,EQUIPO
SALU,SALUD
SOFTW,SOFTWARE
NOMI,NOMINA
POSVEN,POSVENTA
MEC.,MECANICO
HR.,HRBP
PROYE,PROYECTO
PRESUP.,PRESUPUESTO
ASUNT,ASUNTOS
REPUES,REPUESTO
ORGANI,ORGANIZACIONAL
CUMPL.,CUMPLIMIENTO
CREDI.,CREDITO
AGRIC,AGRICOLA
ORG.,ORGANIZACIONAL
GESTI,GESTION
SANIT.,SANITIZACION
CALID.,CALIDAD
OCU,OCUPACIONAL
INNOV,INNOVACION
COBRAN.,COBRANZA
TALEN.,TALENTO
MAYORI,MAYORISTA
QUAL,QUALITY
ORGA,ORGANIZACIONAL
REFRIG,REFRIGERACION
HEALT,HEALTH
HIGIEN.,HIGIENE
MECANI,MECANICO
PROCUR.,PROCUREMENT
ANALIS,ANALISTA
VISUA,VISUAL
PRESEN,PRESENCIAL
EQUI,EQUIPO
SIE,SIERRA
ESPE,ESPECIALISTA
SANIDA,SANIDAD
SOPLAD,SOPLADO
JEF.,JEFE
SELE,SELECCION
VINCUL,VINCULACION
POSVE,POSVENTA
CONTR,CONTROL
MANTE.,MANTENIMIENTO
HERRAM.,HERRAMIENTAS
COMUNI,COMUNICACION
ECOM,ECOMMERCE
CCT,CCTV
GUAYAQ,GUAYAQUIL
ASITE,ASITENTE
GENER.,GENERAL
SELECC.,SELECCION
CONTIN,CONTINUA
TRANSP.,TRANSPORTE
COBRAN,COBRANZA
HAR,HARDWARE
DOMIN,DOMINGO
EFIC,EFICIENCIA
CONTR.,CONTROL
INDUST.,INDUSTRIAL
OCUPA,OCUPACIONAL
ECUADO,ECUADOR
MICROB,MICROBIOLOGIA
OPERAD.,OPERADOR
BEBID,BEBIDAS
