rara,corregida
TRABAJAJOR,TRABAJADOR
GENERALE,GENERAL
TRABAJADRO,TRABAJADOR
SUPERVISORA,SUPERVISOR
TRABAJDOR,TRABAJADOR
ASITENTE,ASISTENTE
OPERACIONE,OPERACION
OPERARO,OPERARIO
AISTENTE,ASISTENTE
VEDEDOR,VENDEDOR
TRBAJADOR,TRABAJADOR
AUXLIAR,AUXILIAR
AYUDANDE,AYUDANTE
ESTIBIADOR,ESTIBADOR
TABAJADOR,TRABAJADOR
VENDEDRO,VENDEDOR
VENEDOR,VENDEDOR
VEENDEDOR,VENDEDOR
VENDERDOR,VENDEDOR
VENDEROA,VENDEDOR
VENDERORA,VENDEDORA
VENDEROR,VENDEDOR
PRODUCCI,PRODUCCION
MERCADISTA,MERCADERISTA
MERCADEDISTA,MERCADERISTA
TRABAJOR,TRABAJO
TRABAJADOIR,TRABAJADOR
COMERCIA,COMERCIAL
AXULIAR,AUXILIAR
TRABJADOR,TRABAJADOR
ANALIST,ANALISTA
ASISTENETE,ASISTENTE
MANTENIMEINTO,MANTENIMIENTO
BODEGUER,BODEGUERO
BODEGERO,BODEGUERO
SERVICO,SERVICIO
EJECCUTIVO,EJECUTIVO
EJECIUTIVO,EJECUTIVO
SOLDAOR,SOLDADOR
AUXILAIR,AUXILIAR
ASESORDE,ASESOR
ASISTENT,ASISTENTE
LIMPEZA,LIMPIEZA
ASISITENTE,ASISTENTE
TRANAJADOR,TRABAJADOR
ACUCIOLA,ACUICOLA
TRABAJADORT,TRABAJADOR
TRABAJANDOR,TRABAJADOR
AQUICOLA,ACUICOLA
COMERCIL,COMERCIAL
COMECIAL,COMERCIAL
CONTANBLE,CONTABLE
AUXULIAR,AUXILIAR
MATENIMIENTO,MANTENIMIENTO
PRODUCION,PRODUCCION
ALIMENTADFOR,ALIMENTADOR
SERETARIA,SECRETARIA
SECETARIA,SECRETARIA
SISTENTE,ASISTENTE
AXILIAR,AUXILIAR
CAMPPO,CAMPO
CONTABLE1,CONTABLE
INGENIERA,INGENIERO
COODINADOR,COORDINADOR
AYUDANTDE,AYUDANTE
ADYUDANTE,AYUDANTE
OPERACRIO,OPERARIO
ASISTENE,ASISTENTE
CORDINADOR,COORDINADOR
ENFERMERI,ENFERMERIA
ENFEMERIA,ENFERMERIA
ENFERMIRIA,ENFERMERIA
MENSAJERRO,MENSAJERO
MENSALERO,MENSAJERO
MESAJERO,MENSAJERO
CONSEJE,CONSERJE
CONSERGE,CONSERJE
ASISTETE,ASISTENTE
AUXIILIAR,AUXILIAR
SUPERVISIOR,SUPERVISOR
TRABAJAODR,TRABAJADOR
AYUDATE,AYUDANTE
SUPRVISOR,SUPERVISOR
SUPERVISON,SUPERVISOR
SUPERVISRO,SUPERVISOR
GENRENTE,GERENTE
ASISNTE,ASISTENTE
ENFEMERO,ENFERMERO
JEFEE,JEFE
ENFERMETO,ENFERMERO
ENFERMEDA,ENFERMERA
ASISTENDE,ASISTENTE
ADMNISTRATIVO,ADMINISTRATIVO
MANTENIEMIENTO,MANTENIMIENTO
COCINCERA,COCINERO
COCIENERA,COCINERO
MONTACARGISTA,MONTACARGUISTA
MONTACARGUITA,MONTACARGUISTA
MONTECARGISTA,MONTACARGUISTA
MONTACARGUISTE,MONTACARGUISTA
MONTACARGUSITA,MONTACARGUISTA
ASISTENRE,ASISTENTE
CONTABNE,CONTABLE
CNTABLE,CONTABLE
CONTBLE,CONTABLE
ASISTENTO,ASISTENTE
AISSTENTE,AISTENTE
ADMINISTRAVO,ADMINISTRATIVO
AUSISTENTE,ASISTENTE
TRIPUILANTE,TRIPULANTE
ADMINISTRTAIVA,ADMINISTRATIVA
ADMINISTRAIVA,ADMINISTRATIVA
ADMINISTRATIIVO,ADMINISTRATIVO
ADMINISTRATATIVA,ADMINISTRATIVA
ADMINISTRARTIVA,ADMINISTRATIVA
ADMINISTRAIVO,ADMINISTRATIVO
ASISTEBTE,ASISTENTE
CONADORA,CONTADORA
CONTADOARA,CONTADORA
CONTADODA,CONTADORA
MANTINIMIENTO,MANTENIMIENTO
COODINADORA,COORDINADORA
RESEPCIONISTA,RECEPCIONISTA
RECEPECIONISTA,RECEPCIONISTA
RECEPSIONISTA,RECEPCIONISTA
RECEPCINISTA,RECEPCIONISTA
FARMANCIA,FARMACIA
DIGITADORA,DIGITADOR
DIGUITADOR,DIGITADOR
DIGUITADORA,DIGITADOR
SUPERVISO,SUPERVISOR
SERIVICIOS,SERVICIO
MARKETIN,MARKETING
PRODUUCCION,PRODUCCION
AUXILIAE,AUXILIAR
MAQUNISTA,MAQUINISTA
SUPERVIDOR,SUPERVISOR
EJCUTIVO,EJECUTIVO
SUPERVICOR,SUPERVISOR
FINANCOERA,FINANCIERA
CORDINADORA,COORDINADORA
CONTABILIAD,CONTABILIDAD
INSPECTADOR,INSPECTOR
CONBRANZAS,COBRANZA
DESARROLLADORA,DESARROLLADOR
RECAUDADORA,RECAUDADOR
DEPACHADOR,DESPACHADOR
REAUDADOR,RECAUDADOR
DEBODEGA,BODEGA
ADMIISTRATIVO,ADMINISTRATIVO
CLARIFICADOR,PLANIFICADOR
INPECTORA,INSPECTORA
ADMINSTRADOR,ADMINISTRADOR
SUEPRVISOR,SUPERVISOR
ADMNISTRATIVA,ADMINISTRATIVA
TRAILERO,TRAILER
PILIVALENTE,POLIVALENTE
SALONERA,SALONERO
COORDINARDOR,COORDINADOR
SERVICIONS,SERVICIO
TESOREIA,TESORERIA
COMERCCIAL,COMERCIAL
RPOFESIONAL,PROFESIONAL
CORRDINADOR,COORDINADOR
ASISTENTEDE,ASISTENTE
GENARAL,GENERAL
NERERAL,GENERAL
GERENTA,GERENTE
GERERAL,GENERAL
SERVCIO,SERVICIO
ADMINISTADORA,ADMINISTRADORA
ADMNISTRACION,ADMINISTRACION
ADMINSTRADORA,ADMINISTRADORA
ADMNISTRADORA,ADMINISTRADORA
ADIMINISTRADOR,ADMINISTRADOR
SICOLOGA,PSICOLOGA
IMPULSADRA,IMPULSADORA
NUTRICINISTA,NUTRICIONISTA
MANTENIMINETO,MANTENIMIENTO
ADMINSTRATIVA,ADMINISTRATIVA
AYDANTE,AYUDANTE
MECAANICA,MECANICA
COBRAZAS,COBRANZA
ADMINISTRATVA,ADMINISTRATIVA
ASISENTE,ASISTENTE
AUXILIARE,AUXILIAR
OCUPACIONA,OCUPACIONAL
ADMINISRATIVO,ADMINISTRATIVO
DISEÐADOR,DISENADOR
PRODUCCIONI,PRODUCCION
ADMINISTRATIV,ADMINISTRATIVO
OCUPCIONAL,OCUPACIONAL
OPREADOR,OPERADOR
ADMINSITRATIVO,ADMINISTRATIVO
FINACIERO,FINANCIERO
CONTBILIDAD,CONTABILIDAD
OFICNISTA,OFICINISTA
CONTABILIDD,CONTABILIDAD
MANTENEMIENTO,MANTENIMIENTO
ADMINSTRATIVO,ADMINISTRATIVO
AUXJLIAR,AUXILIAR
FACTURARADOR,FACTURADOR
FACTURADOOR,FACTURADOR
GENEREAL,GENERAL
MENTENIMIENTO,MANTENIMIENTO
MANTENIMIENTIO,MANTENIMIENTO
ENTRENADORA,ENTRENADOR
IMPORTACIONE,IMPORTACIONES
GENERLA,GENERAL
CONTANDOR,CONTADOR
MANTENIMIETO,MANTENIMIENTO
INSTALACIONE,INSTALACION
CONTABILIDA,CONTABILIDAD
DESAROLLADOR,DESARROLLADOR
SERVISIOS,SERVICIO
OBREERO,OBRERO
ASISETNTE,ASISTENTE
MIINA,MINA
SISITEMAS,SISTEMA
TRBAJADORA,TRABAJADORA
TRABADORA,TRABAJADORA
TRAJADORA,TRABAJADORA
PROGRAMADORA,PROGRAMADOR
DURECTORA,DIRECTORA
LOGUISTICA,LOGISTICA
ROGRAMADOR,PROGRAMADOR
AUXILIR,AUXILIAR
AUXIIAR,AUXILIAR
SUPERVIOSOR,SUPERVISOR
ESCAVADORA,EXCAVADORA
PROGAMADOR,PROGRAMADOR
ANLISTA,ANALISTA
MANTENIMENTO,MANTENIMIENTO
AUXILIOAR,AUXILIAR
PROFESIONAL2,PROFESIONAL
GEREMTE,GERENTE
DEAPACHADOR,DESPACHADOR
EJECUITVA,EJECUTIVA
PERCHEERO,PERCHERO
DESPACHDOR,DESPACHADOR
DESOACHADOR,DESPACHADOR
ADMIISTRACION,ADMINISTRACION
INTALADOR,INSTALADOR
SUGGERENTE,SUBGERENTE
ADMINSTRACION,ADMINISTRACION
ACOOUNT,ACCOUNT
SPERVISOR,SUPERVISOR
PSICOOGA,PSICOLOGA
PSICOLAGA,PSICOLOGA
PISCOLOGA,PSICOLOGA
COORDINADOIRA,COORDINADORA
DECONTABILIDAD,CONTABILIDAD
COORDINAROR,COORDINADOR
MARKETINF,MARKETING
DESARROLADOR,DESARROLLADOR
OPERERADOR,OPERADOR
OPERARDOR,OPERADOR
PLANIFICADORA,PLANIFICADOR
MANTENMIENTO,MANTENIMIENTO
AUTOMOTIZ,AUTOMOTRIZ
TERSORERA,TESORERA
MARKENTING,MARKETING
EXPORTACIONE,EXPORTACION
REPRESENTATE,REPRESENTANTE
MANANGER,MANAGER
AYUANTE,AYUDANTE
MANAGGER,MANAGER
GERENCA,GERENCIA
OPERADO,OPERADOR
SUPERVISPR,SUPERVISOR
ADMINISTRATIO,ADMINISTRATIVO
HUAMANO,HUMANO
MOSOTRADOR,MOSTRADOR
TEECNICO,TECNICO
REFRIGERACIOIN,REFRIGERACION
REFREGERACION,REFRIGERACION
MARKITING,MARKETING
MARKETNG,MARKETING
ASITSENTE,ASISTENTE
LPIMPIEZA,LIMPIEZA
FINANCERIO,FINANCIERO
ADMNINISTRATIVO,ADMINISTRATIVO
PORDUCCION,PRODUCCION
PRODUCCCION,PRODUCCION
FFINANCIERO,FINANCIERO
SOTWARE,SOFTWARE
AUXILIAN,AUXILIAR
ANALIISTA,ANALISTA
DESAROOLADOR,DESARROLLADOR
CAMARER,CAMARERO
DEPARTAMENTAL,DEPARTAMENTO
DESENADOR,DISENADOR
SITEMAS,SISTEMA
SUPERISOR,SUPERVISOR
MANTNIMIENTO,MANTENIMIENTO
PPERADOR,OPERADOR
CHEFF,CHEF
MONITORITAS,MONITORISTA
ENGENERAL,GENERAL
AYUDAMTE,AYUDANTE
TECNICO2,TECNICO
AYUDAMNTE,AYUDANTE
COBTRANZAS,COBRANZA
FINACIERA,FINANCIERA
OPERADOTR,OPERADOR
PROCES,PROCESS
ODONTOLOGA,ODONTOLOGIA
SOPERTE,SOPORTE
OFISINISTA,OFICINISTA
COORDINDOR,COORDINADOR
ADMNISTRADOR,ADMINISTRADOR
ADMINISTACION,ADMINISTRACION
SUPERVIDSOR,SUPERVISOR
ADMINSITRACION,ADMINISTRACION
CONTABLIDAD,CONTABILIDAD
AADMINISTRADOR,ADMINISTRADOR
RECEPCCION,RECEPCION
DECUMPLIMIENTO,CUMPLIMIENTO
CLUMPLIMIENTO,CUMPLIMIENTO
CUMOLIMIENTO,CUMPLIMIENTO
ADMINITRADOR,ADMINISTRADOR
CUNPLIMIENTO,CUMPLIMIENTO
TECNICO1,TECNICO
CMPLIMIENTO,CUMPLIMIENTO
OPERTIVO,OPERATIVO
PORYECTO,PROYECTO
COMERIAL,COMERCIAL
INFRAESTRUTURA,INFRAESTRUCTURA
ASLBANIL,ALBANIL
VICERRENTORA,VICERRECTORA
ADMINSITRATIVA,ADMINISTRATIVA
ANSISTENTE,ASISTENTE
FINANCIERP,FINANCIERO
ANALLISTA,ANALISTA
PROFESOTA,PROFESORA
ALIMENTACI,ALIMENTACION
CONTABILIADAD,CONTABILIDAD
TEGNOLOGIA,TECNOLOGIA
CONSERJER,CONSERJE
CONTABILIADA,CONTABILIDAD
GERRENTE,GERENTE
RRRHH,RRHH
PASADOS,PESADO
GERENTEE,GERENTE
CONTRALORA,CONTRALOR
REPRESENTANTIVE,REPRESENTATIVE
LIVANOS,LIVIANO
CONTROLER,CONTROLLER
ADMINISTRAYIVO,ADMINISTRATIVO
SUERVISOR,SUPERVISOR
MARKTETING,MARKETING
ARRUMADOR,ARMADOR
SOLDADORA,SOLDADOR
LOGISTIGA,LOGISTICA
SUPERTINTENDENTE,SUPERINTENDENTE
SEGURID,SEGURIDAD
IMPORTANCIONES,IMPORTACIONES
CROBRANZAS,COBRANZA
MERCHANDAISING,MERCHANDISING
FACTURACCION,FACTURACION
FACRTURACION,FACTURACION
EFERMERIA,ENFERMERIA
DISTRITAL,DISTRITO
ADMNISTARTIVO,ADMINISTRATIVO
ADMINISTRATIBA,ADMINISTRATIVA
REEMPACADOR,EMPACADOR
ADMINISTRATITVA,ADMINISTRATIVA
ADMINISTRATIIVA,ADMINISTRATIVA
AUXILAR,AUXILIAR
PROGRAMADOS,PROGRAMADOR
ADMINISTRASOR,ADMINISTRADOR
ASISTNTE,ASISTENTE
SUBCONTADORA,SUBCONTADOR
ESTIRADOR,ESTIBADOR
ESPECIALITA,ESPECIALISTA
LABORTORISTA,LABORATORISTA
AMINISTRATIVO,ADMINISTRATIVO
INVESTIGACIO,INVESTIGACION
ASISNTENTE,ASISTENTE
CAPACITADORA,CAPACITADOR
PANGERO,PANGUERO
TECNICO3,TECNICO
COORDINADRA,COORDINADORA
ASISTEMTE,ASISTENTE
MENSAJEERIA,MENSAJERIA
RESTROEXCAVADORA,RETROEXCAVADORA
MANTENIMIENT,MANTENIMIENTO
RETROESCAVADORA,RETROEXCAVADORA
SELECCI,SELECCION
TALANTO,TALENTO
CORPORRATIVOS,CORPORATIVO
SUCURAL,SUCURSAL
COBANZAS,COBRANZA
COORDINDAOR,COORDINADOR
LOGISITICA,LOGISTICA
AISITENTE,ASITENTE
ADQUISICIONE,ADQUISICION
COBRRANZA,COBRANZA
EJECCUTIVA,EJECUTIVA
MERCADE,MERCADEO
SUPERVIROR,SUPERVISOR
LOSGISTICA,LOGISTICA
JEFFE,JEFE
COORDINADOOR,COORDINADOR
DISTRIBUCI,DISTRIBUCION
AUDIRORIA,AUDITORIA
MARKETIG,MARKETING
PROYCTOS,PROYECTO
PROYECT,PROYECTO
PLANIFICIADOR,PLANIFICADOR
ASISTEN,ASISTENTE
PISCOLOGO,PSICOLOGO
EDUCTIVA,EDUCATIVA
PRODUCCIO,PRODUCCION
CREDIORO,CREDITO
PROGRAMOR,PROGRAMADOR
SUPERVSOR,SUPERVISOR
ACADEMISO,ACADEMICO
SEGURIDA,SEGURIDAD
PROGRMADOR,PROGRAMADOR
COBRANA,COBRANZA
AUXILIARDE,AUXILIAR
JUNNIOR,JUNIOR
FACURACION,FACTURACION
GEENRAL,GENERAL
REPRESENANTE,REPRESENTANTE
DIGITALE,DIGITAL
PALNIFICACION,PLANIFICACION
SERGURIDAD,SEGURIDAD
VICERECTOR,VICERRECTOR
ACEDEMICA,ACADEMICA
PLANIFICACIO,PLANIFICACION
RESIENTE,RESIDENTE
OPREATIVO,OPERATIVO
COORDIANADOR,COORDINADOR
AUXILIA,AUXILIAR
FINANCERO,FINANCIERO
OPERATICA,OPERATIVA
DOCUMENTACIOON,DOCUMENTACION
DOCUMENTACIONAL,DOCUMENTACION
INGENERIA,INGENIERIA
COORDINDADOR,COORDINADOR
BUSSINES,BUSINESS
COTADOR,CONTADOR
IMPORTACIO,IMPORTACION
CONCERJE,CONSERJE
PEGAGOGICO,PEDAGOGICO
EXPORTACIO,EXPORTACION
SECRETERIA,SECRETARIA
TECONOLOGIA,TECNOLOGIA
SGURIDAD,SEGURIDAD
PLANIFACION,PLANIFICACION
TERAPISATA,TERAPISTA
MICROBIOLOGO,MICROBIOLOGIA
DISTIBUCION,DISTRIBUCION
INTERNACINAL,INTERNACIONAL
EJELCUTIVA,EJECUTIVA
ENSAQUE,EMPAQUE
DISTRIBICION,DISTRIBUCION
TRITURACI,TRITURACION
ADMINITRATIVA,ADMINISTRATIVA
ADMINISTRATI,ADMINISTRATIVO
CUMPLIMENTO,CUMPLIMIENTO
SOTFWARE,SOFTWARE
FIBRERO,OBRERO
SERIVCIOS,SERVICIO
MECANIC,MECANICO
VICEPRESIDNTE,VICEPRESIDENTE
MASTERADOR,MOSTRADOR
DMINISTRATIVO,ADMINISTRATIVO
SUPLY,SUPPLY
TESOREIRA,TESORERIA
ADMINITRATIVO,ADMINISTRATIVO
DESCK,DESK
GERETNE,GERENTE
ESTIBAJE,ESTIBA
SPECIALISTA,ESPECIALISTA
COORDDINADOR,COORDINADOR
MENSAJER,MENSAJERO
SEPERVISOR,SUPERVISOR
GERENDE,GERENTE
COMUNITY,COMMUNITY
TECNIDO,TECNICO
VERDEDOR,VENDEDOR
TERAPITA,TERAPISTA
INSDUSTRIAL,INDUSTRIAL
ANALISA,ANALISTA
DESARROLALDOR,DESARROLLADOR
DESAROLLO,DESARROLLO
TERAPIASTA,TERAPISTA
RECEPCIONIST,RECEPCIONISTA
CONTABE,CONTABLE
INDISTRIAL,INDUSTRIAL
CONFIABILIDAD,CONTABILIDAD
ADMMINISTRATIVA,ADMINISTRATIVA
CONTROLDE,CONTROL
LIMPIZA,LIMPIEZA
SOFWARE,SOFTWARE
MICROBIOLOGA,MICROBIOLOGIA
SEGURIDDA,SEGURIDAD
COMUNNITY,COMMUNITY
INVESTIGCION,INVESTIGACION
TENCICO,TECNICO
MANTENIMIEN,MANTENIMIENTO
ADMINSIONISTA,ADMISIONISTA
TECNOLOGA,TECNOLOGIA
VICEREECTORA,VICERRECTORA
INSTITUCIONALE,INSTITUCIONAL
COORINADOR,COORDINADOR
VICERECTORA,VICERRECTORA
MANNAGER,MANAGER
CONTABLE2,CONTABLE
AHUMADOR,ARMADOR
KONTROLLER,CONTROLLER
INFRAEXTRUCTURA,INFRAESTRUCTURA
ASEGURAMIENTA,ASEGURAMIENTO
MERCADERIST,MERCADERISTA
COMUNICACI,COMUNICACION
ASSITANT,ASSISTANT
ADMINISTARTIVO,ADMINISTRATIVO
ASEGURAMIENO,ASEGURAMIENTO
PROGRAMDOR,PROGRAMADOR
INGENERO,INGENIERO
SOCIALE,SOCIAL
CUSTODI0,CUSTODIO
CALIDADY,CALIDAD
POFESIONAL,PROFESIONAL
INDUSTRIALE,INDUSTRIAL
CONTABILID,CONTABILIDAD
HUIMANO,HUMANO
AABOGADA,ABOGADA
RELIQUIDADOR,LIQUIDADOR
SEVICIOS,SERVICIO
COORIDNADOR,COORDINADOR
ASUSTOS,ASUNTOS
SERVIVIOS,SERVICIO
INFRAESTRUCTU,INFRAESTRUCTURA
AUTOSERVCIOS,AUTOSERVICIO
ACEDEMICO,ACADEMICO
FACTURAD,FACTURADOR
ADIMINISTRATIVO,ADMINISTRATIVO
PLANEADORA,PLANEADOR
CATEGORI,CATEGORIA
COMERCIALIZACI,COMERCIALIZACION
OPERTATIVO,OPERATIVO
LABORATISTA,LABORATORISTA
OPERATIV,OPERATIVO
COORDIANDORA,COORDINADORA
ADMINISTRATITA,ADMINISTRATIVA
MERCADERISMO,MERCADERISTA
BIOLOGIE,BIOLOGIA
CORDINATOR,COORDINATOR
OORDINADOR,COORDINADOR
ADMINISTRAITVA,ADMINISTRATIVA
MANTENIENTO,MANTENIMIENTO
MANAGERR,MANAGER
SUPEREVISOR,SUPERVISOR
ADMINISTRCION,ADMINISTRACION
GERENCI,GERENCIA
LOGISTTICA,LOGISTICA
LABORATORITO,LABORATORIO
ANALIYST,ANALYST
MAINTANENCE,MAINTENANCE
ADMISTRATIVO,ADMINISTRATIVO
COORDINADOR2,COORDINADOR
LABORATOR,LABORATORIO
ADMINISTRTIVO,ADMINISTRATIVO
TECNOLIGIA,TECNOLOGIA
CUMPLIMIEMTO,CUMPLIMIENTO
RECUADADOR,RECAUDADOR
COORPORATIVA,CORPORATIVA
COMERCIONAL,COMERCIAL
ASMINISTRATIVA,ADMINISTRATIVA
PROTECION,PROTECCION
FINANICERO,FINANCIERO
ADMINIS,ADMIN
CUMPLIMINETO,CUMPLIMIENTO
AYUDANE,AYUDANTE
ADMINISTRIVA,ADMINISTRATIVA
DESARROLL,DESARROLLO
AMINISTRATIVA,ADMINISTRATIVA
INVERION,INVERSION
INTRUCTOR,INSTRUCTOR
GERERENTE,GERENTE
INFORACION,INFORMACION
CODIRECTOR,DIRECTOR
ABASTECIMIENT,ABASTECIMIENTO
ADMISTRATIVA,ADMINISTRATIVA
ELETROMECANICOS,ELECTROMECANICO
MERCHANDISIG,MERCHANDISING
PERFORACI,PERFORACION
SEGURDIDAD,SEGURIDAD
ADMINISITRATIVA,ADMINISTRATIVA
ESPECALISTA,ESPECIALISTA
ASSISTAN,ASSISTANT
ASIETENTE,ASISTENTE
MANTEMINIENTO,MANTENIMIENTO
CREDTITO,CREDITO
ADMINISTATIVO,ADMINISTRATIVO
INVESTIVACION,INVESTIGACION
EXTUSION,EXTRUSION
FERTILIZACIONG,FERTILIZACION
CYBERSEGURIDAD,CIBERSEGURIDAD
PSICOLOGUE,PSICOLOGO
ADMINSITRADOR,ADMINISTRADOR
MANAGMENT,MANAGEMENT
CORPORATIVA1,CORPORATIVA
ADMINISTRATIV0,ADMINISTRATIVO
ENGINNER,ENGINEER
FINANACIERO,FINANCIERO
DESPACH,DESPACHO
LOGISTI,LOGISTICA
ADMININISTRATIVO,ADMINISTRATIVO
ADMINSITRADORA,ADMINISTRADORA
ADMINSITARTIVO,ADMINISTRATIVO
MANTIMIENTO,MANTENIMIENTO
COORDIANDOR,COORDINADOR
DESARROL,DESARROLLO
MICROBIOLOGI,MICROBIOLOGIA
CORPORATIVA2,CORPORATIVA
COORDINADOTA,COORDINADORA
ADMINISITRATIVO,ADMINISTRATIVO
ESTERELIZACION,ESTERILIZACION
AUTOMATIZACIO,AUTOMATIZACION
PROFESOSR,PROFESOR
ADMINITRADORA,ADMINISTRADORA
SUMINSTRO,SUMINISTRO
CANTEADOR,CONTADOR
ECTRONICA,ELECTRONICA
REPESADOR,PESADOR
ADMINISTRACI,ADMINISTRACION
FERFORACION,PERFORACION
ADMIISTRATIV,ADMINISTRATIVO
REPONSABLE,RESPONSABLE
PIMPIEZA,LIMPIEZA
PREDITOR,CREDITO
PLANIFICACCION,PLANIFICACION
MOTORIZADO1,MOTORIZADO
YCOBRANZAS,COBRANZA
OCUAPCIONAL,OCUPACIONAL
RECIDENTE,RESIDENTE
ACAMEDICO,ACADEMICO
ADIMISTRATIVA,ADMINISTRATIVA
TUTOREO,TUTOR
POTREROS,PORTERO
ENSACADO,ENVASADO
EMSAMBLE,ENSAMBLE
VICEDIRECTORA,VICERRECTORA
CORPORATIVA5,CORPORATIVA
INDUSTRAL,INDUSTRIAL
COSTAIO,COSTA
MAQUNARIA,MAQUINARIA
EXPERENCIA,EXPERIENCIA
SANITIACION,SANITIZACION
ORGANIZACIONA,ORGANIZACIONAL
FACULTA,FACULTAD
EJECUTIV,EJECUTIVO
BOHEGUERO,BODEGUERO
ITERNNO,INTERNO
SECRETAIRE,SECRETARIA
ESPECISLISTA,ESPECIALISTA
STANDART,ESTANDAR
COMMUNNITY,COMMUNITY
NCARGADO,ENCARGADO
AUTODITORA,AUDITORA
RECTROEXCAVADORA,RETROEXCAVADORA
MICROBILOGIA,MICROBIOLOGIA
ASSITENTE,ASITENTE
IMPUSADOR,IMPULSADOR
AISISTENTE,ASISTENTE
SPECIALIS,SPECIALIST
REPRESENTANT,REPRESENTANTE
REPRESENTATIV,REPRESENTATIVE
ADMISNITRATIVA,ADMINISTRATIVA
DIRCTORA,DIRECTORA
INSTICIONAL,INSTITUCIONAL
ADMISTRADOR,ADMINISTRADOR
COMERCIALE,COMERCIAL
DOGITAL,DIGITAL
DARIOLOGO,RADIOLOGO
ADIMINISTRATIVA,ADMINISTRATIVA
SUPERINTENTENTE,SUPERINTENDENTE
CORPORATIVA6,CORPORATIVA
INGINERA,INGENIERA
SERVICIOS5,SERVICIO
PROMOTORIA,PROMOTOR
CHIOFER,CHOFER
MARKENTIG,MARKETING
COORDINADORD,COORDINADOR
CORPORATIVA7,CORPORATIVA
SUPEVISOR,SUPERVISOR
PROFECIONAL,PROFESIONAL
ESTUDIANTTIL,ESTUDIANTIL
ENTRENAMIENT,ENTRENAMIENTO
AMBOIENTE,AMBIENTE
FACTURACUON,FACTURACION
INFRASTRUCTURA,INFRAESTRUCTURA
MECANIZA,MECANICA
CORPORATIVA3,CORPORATIVA
REPUSETOS,REPUESTO
ABASTECIMIENOT,ABASTECIMIENTO
CUSTUMER,CUSTOMER
CONTABLE3,CONTABLE
LOGISTCA,LOGISTICA
ADMINISTATIVA,ADMINISTRATIVA
TENCINO,TECNICO
COORDINAD,COORDINADOR
AYUNATE,AYUDANTE
REFEER,REEFER
SERVICIOS2,SERVICIO
MANTEMIENTO,MANTENIMIENTO
COMERICLA,COMERCIAL
MASTERADO,MASTERIZADO
CORPORATIVA4,CORPORATIVA
PUCBLICAS,PUBLICA
PIBLICAS,PUBLICA
TESORERI,TESORERIA
ANAISTA,ANALISTA
ESPECIALSITA,ESPECIALISTA
MARCAJE,MARCA
ELECTRI,ELECTRICO
EMBARQU,EMBARQUE
FERMERIA,ENFERMERIA
SUPERVOSR,SUPERVISOR
EDUCACIУN,EDUCACION
DESPCHO,DESPACHO
ACADEMINO,ACADEMICO
YUDANTE,AYUDANTE
EXEMPLEADO,EMPLEADO
CONSLTORIO,CONSULTORIO
TRIMADOR,ARMADOR
DESARROLO,DESARROLLO
ADMMINISTRATIVO,ADMINISTRATIVO
INFRAESTRUCURA,INFRAESTRUCTURA
INTELIIGENCE,INTELLIGENCE
COMMECIAL,COMMERCIAL
LOGSITICA,LOGISTICA
CHOFERB,CHOFER
ADMINISTRDOR,ADMINISTRADOR
ADMISINISTA,ADMISIONISTA
SIERA,SIERRA
ESTRATEGI,ESTRATEGIA
CENTRADOR,CONTADOR
SPECIALYST,SPECIALIST
CONSUTOR,CONSULTOR
ASISSTENTE,ASISTENTE
CORPORATIV,CORPORATIVO
QHSSE,QHSE
COODINATOR,COORDINATOR
ANALISISTA,ANALISTA
IFICIAL,OFICIAL
ACCOUNTIN,ACCOUNTING
ADMISITRADOR,ADMINISTRADOR
SCRETARIA,SECRETARIA
DESARROLISTA,DESARROLLISTA
OPERARARIO,OPERARIO
OFICER,OFFICER
TRUPULANTE,TRIPULANTE
SUPERVISARA,SUPERVISORA
BLIBLIOTECA,BIBLIOTECA
SOFTWERE,SOFTWARE
PORTOLIO,PORTAFOLIO
IMPRESIONJ,IMPRESION
ADMISTRATIVE,ADMINISTRATIVE
SOLADADOR,SOLDADOR
METLAMECANICA,METALMECANICA
INSTADOR,INSTALADOR
CLASFICIADOR,CLASIFICADOR
ASIATENTE,ASISTENTE
AAGRONOMO,AGRONOMO
MONTAGARGA,MONTACARGA
COMPOLETO,COMPLETO
ASUGUARMIENTO,ASEGURAMIENTO
ADMINISRATIVA,ADMINISTRATIVA
REPROCESO,PROCESO
AUXILIIAR,AUXILIAR
PATERON,PATRON
INFRAESCTRUTURA,INFRAESTRUCTURA
SEUPERVIDOR,SUPERVISOR
MANENIMIENTO,MANTENIMIENTO
PRESCOLAR,PREESCOLAR
MANAGET,MANAGER
MICREDITO,CREDITO
PROIVEEDURIA,PROVEEDURIA
ASISTETEN,ASISTENTE
OPERDOR,OPERADOR
PSICOLOG0,PSICOLOGO
OCACIONAL,OCASIONAL
MONATJE,MONTAJE
ECUDATIVO,EDUCATIVO
CONTABILDIAD,CONTABILIDAD
TRABAJDORA,TRABAJADORA
ABASTECIMIENNTO,ABASTECIMIENTO
RECPCION,RECEPCION
AUXILLIAR,AUXILIAR
TEROSERIA,TESORERIA
REINGENIERIA,INGENIERIA
ASSESOR,ASESOR
ASISTENET,ASISTENTE
TRABAJJOR,TRABAJADOR
EFEFMERA,ENFERMERA
WHAREHOUSE,WAREHOUSE
MULTIMED,MULTIMEDIA
EJECTUTIVO,EJECUTIVO
DEPORTIV,DEPORTIVO
TENCNICO,TECNICO
CAILDAD,CALIDAD
COMUNICACN,COMUNICACION
POSTCOSEHA,POSTCOSECHA
DESCPACHO,DESPACHO
ANALISTE,ANALISTA
ENSAMBAJE,ENSAMBLAJE
DOCENTR,DOCENTE
DEPROVEEDURIA,PROVEEDURIA
COPORATIVAS,CORPORATIVA
AMDINISTRATIVOS,ADMINISTRATIVO
STENCION,ATENCION
MNATENIMIENTO,MANTENIMIENTO
ASINTENTE,ASISTENTE
ROYECTOS,PROYECTO
NACINAL,NACIONAL
MERCANICA,MECANICA
SUBEGRENTE,SUBGERENTE
PRCOESOS,PROCESO
MEVCANICO,MECANICO
MANTENOMIENTO,MANTENIMIENTO
MAQAUINARIA,MAQUINARIA
FUIGACION,FUMIGACION
ESPECILISTA,ESPECIALISTA
AYUNDANTE,AYUDANTE
UDUCATIVO,EDUCATIVO
SUPERITENDENTE,SUPERINTENDENTE
ACCONTING,ACCOUNTING
CONCEJRE,CONSERJE
COODINACION,COORDINACION
TRAINESS,TRAINEE
ACENTADOR,CONTADOR
RESONSABLE,RESPONSABLE
EXTERIO,EXTERIOR
POSTOCOSECHA,POSTCOSECHA
MACANICA,MECANICA
DIRECCON,DIRECCION
SUPERVOSRA,SUPERVISORA
SUPERVIOR,SUPERVISOR
CONRATACION,CONTRATACION
EDDUCADOR,EDUCADOR
FINANCIER0,FINANCIERO
AMNISTRACION,ADMINISTRACION
